date_key,sku,category,region,channel,units,revenue_eur,cogs_eur,gross_margin_eur
20240701,SKU-0001,Beverages,North,Retail,72.6,392.04,129.23,262.81
20240801,SKU-0001,Beverages,North,Retail,90.4,488.16,160.91,327.25
20240901,SKU-0001,Beverages,North,Retail,84.4,455.76,150.23,305.53
20241001,SKU-0001,Beverages,North,Retail,86.8,468.72,154.5,314.22
20241101,SKU-0001,Beverages,North,Retail,86.3,466.02,153.61,312.41
20241201,SKU-0001,Beverages,North,Retail,124.0,669.6,220.72,448.88
20250101,SKU-0001,Beverages,North,Retail,83.2,449.28,148.1,301.18
20250201,SKU-0001,Beverages,North,Retail,148.6,802.44,264.51,537.93
20250301,SKU-0001,Beverages,North,Retail,159.9,863.46,284.62,578.84
20250401,SKU-0001,Beverages,North,Retail,196.8,1062.72,350.3,712.42
20250501,SKU-0001,Beverages,North,Retail,83.7,451.98,148.99,302.99
20250601,SKU-0001,Beverages,North,Retail,135.1,729.54,240.48,489.06
20250701,SKU-0001,Beverages,North,Retail,143.2,773.28,254.9,518.38
20250801,SKU-0001,Beverages,North,Retail,67.2,362.88,119.62,243.26
20250901,SKU-0001,Beverages,North,Retail,84.3,455.22,150.05,305.17
20251001,SKU-0001,Beverages,North,Retail,57.7,311.58,102.71,208.87
20251101,SKU-0001,Beverages,North,Retail,108.2,584.28,192.6,391.68
20251201,SKU-0001,Beverages,North,Retail,84.0,453.6,149.52,304.08
20260101,SKU-0001,Beverages,North,Retail,153.1,826.74,272.52,554.22
20260201,SKU-0001,Beverages,North,Retail,188.7,1018.98,335.89,683.09
20260301,SKU-0001,Beverages,North,Retail,150.4,812.16,267.71,544.45
20260401,SKU-0001,Beverages,North,Retail,134.6,726.84,239.59,487.25
20260501,SKU-0001,Beverages,North,Retail,113.9,615.06,202.74,412.32
20260601,SKU-0001,Beverages,North,Retail,131.6,710.64,234.25,476.39
20240701,SKU-0002,Snacks,North,Wholesale,193.0,723.75,272.13,451.62
20240801,SKU-0002,Snacks,North,Wholesale,238.1,892.88,335.72,557.16
20240901,SKU-0002,Snacks,North,Wholesale,164.9,618.38,232.51,385.87
20241001,SKU-0002,Snacks,North,Wholesale,226.0,847.5,318.66,528.84
20241101,SKU-0002,Snacks,North,Wholesale,260.0,975.0,366.6,608.4
20241201,SKU-0002,Snacks,North,Wholesale,302.2,1133.25,426.1,707.15
20250101,SKU-0002,Snacks,North,Wholesale,214.5,804.38,302.44,501.94
20250201,SKU-0002,Snacks,North,Wholesale,242.7,910.12,342.21,567.91
20250301,SKU-0002,Snacks,North,Wholesale,281.5,1055.62,396.92,658.7
20250401,SKU-0002,Snacks,North,Wholesale,244.0,915.0,344.04,570.96
20250501,SKU-0002,Snacks,North,Wholesale,204.7,767.62,288.63,478.99
20250601,SKU-0002,Snacks,North,Wholesale,291.3,1092.38,410.73,681.65
20250701,SKU-0002,Snacks,North,Wholesale,189.6,711.0,267.34,443.66
20250801,SKU-0002,Snacks,North,Wholesale,192.2,720.75,271.0,449.75
20250901,SKU-0002,Snacks,North,Wholesale,168.0,630.0,236.88,393.12
20251001,SKU-0002,Snacks,North,Wholesale,328.3,1231.12,462.9,768.22
20251101,SKU-0002,Snacks,North,Wholesale,270.3,1013.62,381.12,632.5
20251201,SKU-0002,Snacks,North,Wholesale,295.3,1107.38,416.37,691.01
20260101,SKU-0002,Snacks,North,Wholesale,103.5,388.12,145.94,242.18
20260201,SKU-0002,Snacks,North,Wholesale,182.4,684.0,257.18,426.82
20260301,SKU-0002,Snacks,North,Wholesale,159.5,598.12,224.9,373.22
20260401,SKU-0002,Snacks,North,Wholesale,191.4,717.75,269.87,447.88
20260501,SKU-0002,Snacks,North,Wholesale,196.9,738.38,277.63,460.75
20260601,SKU-0002,Snacks,North,Wholesale,119.6,448.5,168.64,279.86
20240701,SKU-0003,Dairy,North,Wholesale,112.4,494.56,174.22,320.34
20240801,SKU-0003,Dairy,North,Wholesale,50.8,223.52,78.74,144.78
20240901,SKU-0003,Dairy,North,Wholesale,74.3,326.92,115.16,211.76
20241001,SKU-0003,Dairy,North,Wholesale,58.6,257.84,90.83,167.01
20241101,SKU-0003,Dairy,North,Wholesale,74.9,329.56,116.1,213.46
20241201,SKU-0003,Dairy,North,Wholesale,92.6,407.44,143.53,263.91
20250101,SKU-0003,Dairy,North,Wholesale,48.1,211.64,74.56,137.08
20250201,SKU-0003,Dairy,North,Wholesale,44.6,196.24,69.13,127.11
20250301,SKU-0003,Dairy,North,Wholesale,34.9,153.56,54.1,99.46
20250401,SKU-0003,Dairy,North,Wholesale,0.0,0.0,0.0,0.0
20250501,SKU-0003,Dairy,North,Wholesale,64.1,282.04,99.35,182.69
20250601,SKU-0003,Dairy,North,Wholesale,60.7,267.08,94.08,173.0
20250701,SKU-0003,Dairy,North,Wholesale,108.9,479.16,168.8,310.36
20250801,SKU-0003,Dairy,North,Wholesale,121.2,533.28,187.86,345.42
20250901,SKU-0003,Dairy,North,Wholesale,151.8,667.92,235.29,432.63
20251001,SKU-0003,Dairy,North,Wholesale,79.0,347.6,122.45,225.15
20251101,SKU-0003,Dairy,North,Wholesale,95.7,421.08,148.34,272.74
20251201,SKU-0003,Dairy,North,Wholesale,59.7,262.68,92.54,170.14
20260101,SKU-0003,Dairy,North,Wholesale,50.0,220.0,77.5,142.5
20260201,SKU-0003,Dairy,North,Wholesale,64.1,282.04,99.35,182.69
20260301,SKU-0003,Dairy,North,Wholesale,57.5,253.0,89.12,163.88
20260401,SKU-0003,Dairy,North,Wholesale,70.2,308.88,108.81,200.07
20260501,SKU-0003,Dairy,North,Wholesale,51.3,225.72,79.52,146.2
20260601,SKU-0003,Dairy,North,Wholesale,123.7,544.28,191.74,352.54
20240701,SKU-0004,Frozen,East,Retail,64.3,542.69,149.82,392.87
20240801,SKU-0004,Frozen,East,Retail,61.5,519.06,143.3,375.76
20240901,SKU-0004,Frozen,East,Retail,58.6,494.58,136.54,358.04
20241001,SKU-0004,Frozen,East,Retail,61.8,521.59,143.99,377.6
20241101,SKU-0004,Frozen,East,Retail,56.4,476.02,131.41,344.61
20241201,SKU-0004,Frozen,East,Retail,61.1,515.68,142.36,373.32
20250101,SKU-0004,Frozen,East,Retail,79.1,667.6,184.3,483.3
20250201,SKU-0004,Frozen,East,Retail,78.9,665.92,183.84,482.08
20250301,SKU-0004,Frozen,East,Retail,92.7,782.39,215.99,566.4
20250401,SKU-0004,Frozen,East,Retail,52.7,444.79,122.79,322.0
20250501,SKU-0004,Frozen,East,Retail,96.8,816.99,225.54,591.45
20250601,SKU-0004,Frozen,East,Retail,119.7,1010.27,278.9,731.37
20250701,SKU-0004,Frozen,East,Retail,65.6,553.66,152.85,400.81
20250801,SKU-0004,Frozen,East,Retail,122.3,1032.21,284.96,747.25
20250901,SKU-0004,Frozen,East,Retail,50.5,426.22,117.66,308.56
20251001,SKU-0004,Frozen,East,Retail,72.6,612.74,169.16,443.58
20251101,SKU-0004,Frozen,East,Retail,64.9,547.76,151.22,396.54
20251201,SKU-0004,Frozen,East,Retail,60.0,506.4,139.8,366.6
20260101,SKU-0004,Frozen,East,Retail,112.1,946.12,261.19,684.93
20260201,SKU-0004,Frozen,East,Retail,59.5,502.18,138.64,363.54
20260301,SKU-0004,Frozen,East,Retail,68.0,573.92,158.44,415.48
20260401,SKU-0004,Frozen,East,Retail,99.7,841.47,232.3,609.17
20260501,SKU-0004,Frozen,East,Retail,103.3,871.85,240.69,631.16
20260601,SKU-0004,Frozen,East,Retail,110.7,934.31,257.93,676.38
20240701,SKU-0005,Household,North,Wholesale,169.4,1870.18,559.02,1311.16
20240801,SKU-0005,Household,North,Wholesale,276.9,3056.98,913.77,2143.21
20240901,SKU-0005,Household,North,Wholesale,280.4,3095.62,925.32,2170.3
20241001,SKU-0005,Household,North,Wholesale,84.0,927.36,277.2,650.16
20241101,SKU-0005,Household,North,Wholesale,206.1,2275.34,680.13,1595.21
20241201,SKU-0005,Household,North,Wholesale,163.7,1807.25,540.21,1267.04
20250101,SKU-0005,Household,North,Wholesale,145.8,1609.63,481.14,1128.49
20250201,SKU-0005,Household,North,Wholesale,291.7,3220.37,962.61,2257.76
20250301,SKU-0005,Household,North,Wholesale,332.6,3671.9,1097.58,2574.32
20250401,SKU-0005,Household,North,Wholesale,307.1,3390.38,1013.43,2376.95
20250501,SKU-0005,Household,North,Wholesale,184.2,2033.57,607.86,1425.71
20250601,SKU-0005,Household,North,Wholesale,260.3,2873.71,858.99,2014.72
20250701,SKU-0005,Household,North,Wholesale,199.6,2203.58,658.68,1544.9
20250801,SKU-0005,Household,North,Wholesale,288.7,3187.25,952.71,2234.54
20250901,SKU-0005,Household,North,Wholesale,240.5,2655.12,793.65,1861.47
20251001,SKU-0005,Household,North,Wholesale,253.1,2794.22,835.23,1958.99
20251101,SKU-0005,Household,North,Wholesale,247.9,2736.82,818.07,1918.75
20251201,SKU-0005,Household,North,Wholesale,197.3,2178.19,651.09,1527.1
20260101,SKU-0005,Household,North,Wholesale,477.5,5271.6,1575.75,3695.85
20260201,SKU-0005,Household,North,Wholesale,256.7,2833.97,847.11,1986.86
20260301,SKU-0005,Household,North,Wholesale,93.3,1030.03,307.89,722.14
20260401,SKU-0005,Household,North,Wholesale,188.4,2079.94,621.72,1458.22
20260501,SKU-0005,Household,North,Wholesale,187.4,2068.9,618.42,1450.48
20260601,SKU-0005,Household,North,Wholesale,228.4,2521.54,753.72,1767.82
20240701,SKU-0006,Personal Care,East,Wholesale,75.5,682.52,239.34,443.18
20240801,SKU-0006,Personal Care,East,Wholesale,82.2,743.09,260.57,482.52
20240901,SKU-0006,Personal Care,East,Wholesale,81.2,734.05,257.4,476.65
20241001,SKU-0006,Personal Care,East,Wholesale,77.1,696.98,244.41,452.57
20241101,SKU-0006,Personal Care,East,Wholesale,78.5,709.64,248.84,460.8
20241201,SKU-0006,Personal Care,East,Wholesale,82.7,747.61,262.16,485.45
20250101,SKU-0006,Personal Care,East,Wholesale,79.6,719.58,252.33,467.25
20250201,SKU-0006,Personal Care,East,Wholesale,54.2,489.97,171.81,318.16
20250301,SKU-0006,Personal Care,East,Wholesale,63.0,569.52,199.71,369.81
20250401,SKU-0006,Personal Care,East,Wholesale,94.9,857.9,300.83,557.07
20250501,SKU-0006,Personal Care,East,Wholesale,74.3,671.67,235.53,436.14
20250601,SKU-0006,Personal Care,East,Wholesale,92.5,836.2,293.22,542.98
20250701,SKU-0006,Personal Care,East,Wholesale,125.1,1130.9,396.57,734.33
20250801,SKU-0006,Personal Care,East,Wholesale,101.3,915.75,321.12,594.63
20250901,SKU-0006,Personal Care,East,Wholesale,100.2,905.81,317.63,588.18
20251001,SKU-0006,Personal Care,East,Wholesale,100.7,910.33,319.22,591.11
20251101,SKU-0006,Personal Care,East,Wholesale,90.1,814.5,285.62,528.88
20251201,SKU-0006,Personal Care,East,Wholesale,89.6,809.98,284.03,525.95
20260101,SKU-0006,Personal Care,East,Wholesale,89.1,805.46,282.45,523.01
20260201,SKU-0006,Personal Care,East,Wholesale,99.6,900.38,315.73,584.65
20260301,SKU-0006,Personal Care,East,Wholesale,95.8,866.03,303.69,562.34
20260401,SKU-0006,Personal Care,East,Wholesale,77.4,699.7,245.36,454.34
20260501,SKU-0006,Personal Care,East,Wholesale,87.8,793.71,278.33,515.38
20260601,SKU-0006,Personal Care,East,Wholesale,115.0,1039.6,364.55,675.05
20240701,SKU-0007,Confectionery,North,Retail,110.5,430.95,130.39,300.56
20240801,SKU-0007,Confectionery,North,Retail,176.1,686.79,207.8,478.99
20240901,SKU-0007,Confectionery,North,Retail,143.8,560.82,169.68,391.14
20241001,SKU-0007,Confectionery,North,Retail,128.2,499.98,151.28,348.7
20241101,SKU-0007,Confectionery,North,Retail,202.6,790.14,239.07,551.07
20241201,SKU-0007,Confectionery,North,Retail,193.1,753.09,227.86,525.23
20250101,SKU-0007,Confectionery,North,Retail,158.3,617.37,186.79,430.58
20250201,SKU-0007,Confectionery,North,Retail,124.3,484.77,146.67,338.1
20250301,SKU-0007,Confectionery,North,Retail,125.8,490.62,148.44,342.18
20250401,SKU-0007,Confectionery,North,Retail,178.3,695.37,210.39,484.98
20250501,SKU-0007,Confectionery,North,Retail,156.9,611.91,185.14,426.77
20250601,SKU-0007,Confectionery,North,Retail,169.3,660.27,199.77,460.5
20250701,SKU-0007,Confectionery,North,Retail,153.1,597.09,180.66,416.43
20250801,SKU-0007,Confectionery,North,Retail,168.2,655.98,198.48,457.5
20250901,SKU-0007,Confectionery,North,Retail,159.9,623.61,188.68,434.93
20251001,SKU-0007,Confectionery,North,Retail,210.5,820.95,248.39,572.56
20251101,SKU-0007,Confectionery,North,Retail,148.0,577.2,174.64,402.56
20251201,SKU-0007,Confectionery,North,Retail,200.9,783.51,237.06,546.45
20260101,SKU-0007,Confectionery,North,Retail,185.3,722.67,218.65,504.02
20260201,SKU-0007,Confectionery,North,Retail,183.1,714.09,216.06,498.03
20260301,SKU-0007,Confectionery,North,Retail,238.2,928.98,281.08,647.9
20260401,SKU-0007,Confectionery,North,Retail,202.9,791.31,239.42,551.89
20260501,SKU-0007,Confectionery,North,Retail,100.8,393.12,118.94,274.18
20260601,SKU-0007,Confectionery,North,Retail,174.5,680.55,205.91,474.64
20240701,SKU-0008,Pantry,North,Wholesale,136.2,678.28,209.75,468.53
20240801,SKU-0008,Pantry,North,Wholesale,102.4,509.95,157.7,352.25
20240901,SKU-0008,Pantry,North,Wholesale,87.7,436.75,135.06,301.69
20241001,SKU-0008,Pantry,North,Wholesale,60.1,299.3,92.55,206.75
20241101,SKU-0008,Pantry,North,Wholesale,67.0,333.66,103.18,230.48
20241201,SKU-0008,Pantry,North,Wholesale,87.9,437.74,135.37,302.37
20250101,SKU-0008,Pantry,North,Wholesale,74.3,370.01,114.42,255.59
20250201,SKU-0008,Pantry,North,Wholesale,128.2,638.44,197.43,441.01
20250301,SKU-0008,Pantry,North,Wholesale,95.1,473.6,146.45,327.15
20250401,SKU-0008,Pantry,North,Wholesale,60.3,300.29,92.86,207.43
20250501,SKU-0008,Pantry,North,Wholesale,124.7,621.01,192.04,428.97
20250601,SKU-0008,Pantry,North,Wholesale,65.0,323.7,100.1,223.6
20250701,SKU-0008,Pantry,North,Wholesale,117.5,585.15,180.95,404.2
20250801,SKU-0008,Pantry,North,Wholesale,48.6,242.03,74.84,167.19
20250901,SKU-0008,Pantry,North,Wholesale,17.2,85.66,26.49,59.17
20251001,SKU-0008,Pantry,North,Wholesale,101.2,503.98,155.85,348.13
20251101,SKU-0008,Pantry,North,Wholesale,93.3,464.63,143.68,320.95
20251201,SKU-0008,Pantry,North,Wholesale,62.0,308.76,95.48,213.28
20260101,SKU-0008,Pantry,North,Wholesale,128.7,640.93,198.2,442.73
20260201,SKU-0008,Pantry,North,Wholesale,162.3,808.25,249.94,558.31
20260301,SKU-0008,Pantry,North,Wholesale,25.0,124.5,38.5,86.0
20260401,SKU-0008,Pantry,North,Wholesale,145.5,724.59,224.07,500.52
20260501,SKU-0008,Pantry,North,Wholesale,77.2,384.46,118.89,265.57
20260601,SKU-0008,Pantry,North,Wholesale,144.0,717.12,221.76,495.36
20240701,SKU-0009,Beverages,East,Retail,54.3,413.22,134.66,278.56
20240801,SKU-0009,Beverages,East,Retail,47.3,359.95,117.3,242.65
20240901,SKU-0009,Beverages,East,Retail,31.5,239.72,78.12,161.6
20241001,SKU-0009,Beverages,East,Retail,52.8,401.81,130.94,270.87
20241101,SKU-0009,Beverages,East,Retail,39.8,302.88,98.7,204.18
20241201,SKU-0009,Beverages,East,Retail,57.1,434.53,141.61,292.92
20250101,SKU-0009,Beverages,East,Retail,74.1,563.9,183.77,380.13
20250201,SKU-0009,Beverages,East,Retail,78.9,600.43,195.67,404.76
20250301,SKU-0009,Beverages,East,Retail,77.6,590.54,192.45,398.09
20250401,SKU-0009,Beverages,East,Retail,50.4,383.54,124.99,258.55
20250501,SKU-0009,Beverages,East,Retail,73.9,562.38,183.27,379.11
20250601,SKU-0009,Beverages,East,Retail,55.2,420.07,136.9,283.17
20250701,SKU-0009,Beverages,East,Retail,51.2,389.63,126.98,262.65
20250801,SKU-0009,Beverages,East,Retail,34.9,265.59,86.55,179.04
20250901,SKU-0009,Beverages,East,Retail,50.7,385.83,125.74,260.09
20251001,SKU-0009,Beverages,East,Retail,61.8,470.3,153.26,317.04
20251101,SKU-0009,Beverages,East,Retail,47.3,359.95,117.3,242.65
20251201,SKU-0009,Beverages,East,Retail,59.2,450.51,146.82,303.69
20260101,SKU-0009,Beverages,East,Retail,61.4,467.25,152.27,314.98
20260201,SKU-0009,Beverages,East,Retail,95.1,723.71,235.85,487.86
20260301,SKU-0009,Beverages,East,Retail,54.8,417.03,135.9,281.13
20260401,SKU-0009,Beverages,East,Retail,64.9,493.89,160.95,332.94
20260501,SKU-0009,Beverages,East,Retail,69.6,529.66,172.61,357.05
20260601,SKU-0009,Beverages,East,Retail,42.4,322.66,105.15,217.51
20240701,SKU-0010,Snacks,South,Wholesale,290.9,1029.79,357.81,671.98
20240801,SKU-0010,Snacks,South,Wholesale,36.7,129.92,45.14,84.78
20240901,SKU-0010,Snacks,South,Wholesale,160.3,567.46,197.17,370.29
20241001,SKU-0010,Snacks,South,Wholesale,299.4,1059.88,368.26,691.62
20241101,SKU-0010,Snacks,South,Wholesale,412.8,1461.31,507.74,953.57
20241201,SKU-0010,Snacks,South,Wholesale,353.5,1251.39,434.8,816.59
20250101,SKU-0010,Snacks,South,Wholesale,209.7,742.34,257.93,484.41
20250201,SKU-0010,Snacks,South,Wholesale,55.4,196.12,68.14,127.98
20250301,SKU-0010,Snacks,South,Wholesale,333.9,1182.01,410.7,771.31
20250401,SKU-0010,Snacks,South,Wholesale,390.8,1383.43,480.68,902.75
20250501,SKU-0010,Snacks,South,Wholesale,195.4,691.72,240.34,451.38
20250601,SKU-0010,Snacks,South,Wholesale,131.8,466.57,162.11,304.46
20250701,SKU-0010,Snacks,South,Wholesale,80.2,283.91,98.65,185.26
20250801,SKU-0010,Snacks,South,Wholesale,320.3,1133.86,393.97,739.89
20250901,SKU-0010,Snacks,South,Wholesale,240.3,850.66,295.57,555.09
20251001,SKU-0010,Snacks,South,Wholesale,297.3,1052.44,365.68,686.76
20251101,SKU-0010,Snacks,South,Wholesale,399.8,1415.29,491.75,923.54
20251201,SKU-0010,Snacks,South,Wholesale,341.4,1208.56,419.92,788.64
20260101,SKU-0010,Snacks,South,Wholesale,280.5,992.97,345.02,647.95
20260201,SKU-0010,Snacks,South,Wholesale,178.8,632.95,219.92,413.03
20260301,SKU-0010,Snacks,South,Wholesale,392.8,1390.51,483.14,907.37
20260401,SKU-0010,Snacks,South,Wholesale,340.4,1205.02,418.69,786.33
20260501,SKU-0010,Snacks,South,Wholesale,247.4,875.8,304.3,571.5
20260601,SKU-0010,Snacks,South,Wholesale,301.0,1065.54,370.23,695.31
20240701,SKU-0011,Dairy,North,Retail,58.3,320.65,116.6,204.05
20240801,SKU-0011,Dairy,North,Retail,38.7,212.85,77.4,135.45
20240901,SKU-0011,Dairy,North,Retail,57.0,313.5,114.0,199.5
20241001,SKU-0011,Dairy,North,Retail,36.9,202.95,73.8,129.15
20241101,SKU-0011,Dairy,North,Retail,53.5,294.25,107.0,187.25
20241201,SKU-0011,Dairy,North,Retail,50.7,278.85,101.4,177.45
20250101,SKU-0011,Dairy,North,Retail,36.1,198.55,72.2,126.35
20250201,SKU-0011,Dairy,North,Retail,57.3,315.15,114.6,200.55
20250301,SKU-0011,Dairy,North,Retail,65.2,358.6,130.4,228.2
20250401,SKU-0011,Dairy,North,Retail,57.9,318.45,115.8,202.65
20250501,SKU-0011,Dairy,North,Retail,56.6,311.3,113.2,198.1
20250601,SKU-0011,Dairy,North,Retail,50.6,278.3,101.2,177.1
20250701,SKU-0011,Dairy,North,Retail,61.8,339.9,123.6,216.3
20250801,SKU-0011,Dairy,North,Retail,88.4,486.2,176.8,309.4
20250901,SKU-0011,Dairy,North,Retail,69.1,380.05,138.2,241.85
20251001,SKU-0011,Dairy,North,Retail,82.8,455.4,165.6,289.8
20251101,SKU-0011,Dairy,North,Retail,18.8,103.4,37.6,65.8
20251201,SKU-0011,Dairy,North,Retail,51.4,282.7,102.8,179.9
20260101,SKU-0011,Dairy,North,Retail,35.9,197.45,71.8,125.65
20260201,SKU-0011,Dairy,North,Retail,54.2,298.1,108.4,189.7
20260301,SKU-0011,Dairy,North,Retail,53.4,293.7,106.8,186.9
20260401,SKU-0011,Dairy,North,Retail,58.5,321.75,117.0,204.75
20260501,SKU-0011,Dairy,North,Retail,67.6,371.8,135.2,236.6
20260601,SKU-0011,Dairy,North,Retail,75.1,413.05,150.2,262.85
20240701,SKU-0012,Frozen,South,Retail,152.4,1434.08,461.77,972.31
20240801,SKU-0012,Frozen,South,Retail,149.0,1402.09,451.47,950.62
20240901,SKU-0012,Frozen,South,Retail,131.0,1232.71,396.93,835.78
20241001,SKU-0012,Frozen,South,Retail,141.4,1330.57,428.44,902.13
20241101,SKU-0012,Frozen,South,Retail,147.2,1385.15,446.02,939.13
20241201,SKU-0012,Frozen,South,Retail,85.0,799.85,257.55,542.3
20250101,SKU-0012,Frozen,South,Retail,64.3,605.06,194.83,410.23
20250201,SKU-0012,Frozen,South,Retail,136.4,1283.52,413.29,870.23
20250301,SKU-0012,Frozen,South,Retail,151.3,1423.73,458.44,965.29
20250401,SKU-0012,Frozen,South,Retail,126.9,1194.13,384.51,809.62
20250501,SKU-0012,Frozen,South,Retail,185.1,1741.79,560.85,1180.94
20250601,SKU-0012,Frozen,South,Retail,148.3,1395.5,449.35,946.15
20250701,SKU-0012,Frozen,South,Retail,175.1,1647.69,530.55,1117.14
20250801,SKU-0012,Frozen,South,Retail,92.2,867.6,279.37,588.23
20250901,SKU-0012,Frozen,South,Retail,132.4,1245.88,401.17,844.71
20251001,SKU-0012,Frozen,South,Retail,125.2,1178.13,379.36,798.77
20251101,SKU-0012,Frozen,South,Retail,108.4,1020.04,328.45,691.59
20251201,SKU-0012,Frozen,South,Retail,160.5,1510.3,486.31,1023.99
20260101,SKU-0012,Frozen,South,Retail,120.6,1134.85,365.42,769.43
20260201,SKU-0012,Frozen,South,Retail,129.3,1216.71,391.78,824.93
20260301,SKU-0012,Frozen,South,Retail,210.0,1976.1,636.3,1339.8
20260401,SKU-0012,Frozen,South,Retail,173.3,1630.75,525.1,1105.65
20260501,SKU-0012,Frozen,South,Retail,206.8,1945.99,626.6,1319.39
20260601,SKU-0012,Frozen,South,Retail,150.4,1415.26,455.71,959.55
20240701,SKU-0013,Household,South,Retail,67.0,805.34,270.01,535.33
20240801,SKU-0013,Household,South,Retail,72.1,866.64,290.56,576.08
20240901,SKU-0013,Household,South,Retail,59.6,716.39,240.19,476.2
20241001,SKU-0013,Household,South,Retail,65.8,790.92,265.17,525.75
20241101,SKU-0013,Household,South,Retail,65.4,786.11,263.56,522.55
20241201,SKU-0013,Household,South,Retail,75.3,905.11,303.46,601.65
20250101,SKU-0013,Household,South,Retail,75.6,908.71,304.67,604.04
20250201,SKU-0013,Household,South,Retail,88.8,1067.38,357.86,709.52
20250301,SKU-0013,Household,South,Retail,93.4,1122.67,376.4,746.27
20250401,SKU-0013,Household,South,Retail,87.1,1046.94,351.01,695.93
20250501,SKU-0013,Household,South,Retail,64.0,769.28,257.92,511.36
20250601,SKU-0013,Household,South,Retail,81.2,976.02,327.24,648.78
20250701,SKU-0013,Household,South,Retail,75.0,901.5,302.25,599.25
20250801,SKU-0013,Household,South,Retail,67.7,813.75,272.83,540.92
20250901,SKU-0013,Household,South,Retail,63.0,757.26,253.89,503.37
20251001,SKU-0013,Household,South,Retail,44.0,528.88,177.32,351.56
20251101,SKU-0013,Household,South,Retail,79.5,955.59,320.39,635.2
20251201,SKU-0013,Household,South,Retail,90.4,1086.61,364.31,722.3
20260101,SKU-0013,Household,South,Retail,106.7,1282.53,430.0,852.53
20260201,SKU-0013,Household,South,Retail,74.0,889.48,298.22,591.26
20260301,SKU-0013,Household,South,Retail,86.0,1033.72,346.58,687.14
20260401,SKU-0013,Household,South,Retail,92.3,1109.45,371.97,737.48
20260501,SKU-0013,Household,South,Retail,94.1,1131.08,379.22,751.86
20260601,SKU-0013,Household,South,Retail,87.2,1048.14,351.42,696.72
20240701,SKU-0014,Personal Care,West,Wholesale,137.7,1763.94,432.38,1331.56
20240801,SKU-0014,Personal Care,West,Wholesale,331.1,4241.39,1039.65,3201.74
20240901,SKU-0014,Personal Care,West,Wholesale,353.5,4528.34,1109.99,3418.35
20241001,SKU-0014,Personal Care,West,Wholesale,214.7,2750.31,674.16,2076.15
20241101,SKU-0014,Personal Care,West,Wholesale,148.7,1904.85,466.92,1437.93
20241201,SKU-0014,Personal Care,West,Wholesale,206.2,2641.42,647.47,1993.95
20250101,SKU-0014,Personal Care,West,Wholesale,149.2,1911.25,468.49,1442.76
20250201,SKU-0014,Personal Care,West,Wholesale,156.5,2004.76,491.41,1513.35
20250301,SKU-0014,Personal Care,West,Wholesale,268.0,3433.08,841.52,2591.56
20250401,SKU-0014,Personal Care,West,Wholesale,187.3,2399.31,588.12,1811.19
20250501,SKU-0014,Personal Care,West,Wholesale,220.1,2819.48,691.11,2128.37
20250601,SKU-0014,Personal Care,West,Wholesale,210.9,2701.63,662.23,2039.4
20250701,SKU-0014,Personal Care,West,Wholesale,293.5,3759.74,921.59,2838.15
20250801,SKU-0014,Personal Care,West,Wholesale,147.5,1889.48,463.15,1426.33
20250901,SKU-0014,Personal Care,West,Wholesale,239.6,3069.28,752.34,2316.94
20251001,SKU-0014,Personal Care,West,Wholesale,141.9,1817.74,445.57,1372.17
20251101,SKU-0014,Personal Care,West,Wholesale,92.5,1184.92,290.45,894.47
20251201,SKU-0014,Personal Care,West,Wholesale,245.7,3147.42,771.5,2375.92
20260101,SKU-0014,Personal Care,West,Wholesale,200.5,2568.41,629.57,1938.84
20260201,SKU-0014,Personal Care,West,Wholesale,250.5,3208.9,786.57,2422.33
20260301,SKU-0014,Personal Care,West,Wholesale,222.7,2852.79,699.28,2153.51
20260401,SKU-0014,Personal Care,West,Wholesale,279.5,3580.4,877.63,2702.77
20260501,SKU-0014,Personal Care,West,Wholesale,257.1,3293.45,807.29,2486.16
20260601,SKU-0014,Personal Care,West,Wholesale,118.0,1511.58,370.52,1141.06
20240701,SKU-0015,Confectionery,West,Retail,36.6,153.35,49.78,103.57
20240801,SKU-0015,Confectionery,West,Retail,38.3,160.48,52.09,108.39
20240901,SKU-0015,Confectionery,West,Retail,53.2,222.91,72.35,150.56
20241001,SKU-0015,Confectionery,West,Retail,74.8,313.41,101.73,211.68
20241101,SKU-0015,Confectionery,West,Retail,73.5,307.97,99.96,208.01
20241201,SKU-0015,Confectionery,West,Retail,17.1,71.65,23.26,48.39
20250101,SKU-0015,Confectionery,West,Retail,92.3,386.74,125.53,261.21
20250201,SKU-0015,Confectionery,West,Retail,69.5,291.21,94.52,196.69
20250301,SKU-0015,Confectionery,West,Retail,63.3,265.23,86.09,179.14
20250401,SKU-0015,Confectionery,West,Retail,60.6,253.91,82.42,171.49
20250501,SKU-0015,Confectionery,West,Retail,52.8,221.23,71.81,149.42
20250601,SKU-0015,Confectionery,West,Retail,87.9,368.3,119.54,248.76
20250701,SKU-0015,Confectionery,West,Retail,11.9,49.86,16.18,33.68
20250801,SKU-0015,Confectionery,West,Retail,94.7,396.79,128.79,268.0
20250901,SKU-0015,Confectionery,West,Retail,42.3,177.24,57.53,119.71
20251001,SKU-0015,Confectionery,West,Retail,68.9,288.69,93.7,194.99
20251101,SKU-0015,Confectionery,West,Retail,48.6,203.63,66.1,137.53
20251201,SKU-0015,Confectionery,West,Retail,78.0,326.82,106.08,220.74
20260101,SKU-0015,Confectionery,West,Retail,77.0,322.63,104.72,217.91
20260201,SKU-0015,Confectionery,West,Retail,74.1,310.48,100.78,209.7
20260301,SKU-0015,Confectionery,West,Retail,53.4,223.75,72.62,151.13
20260401,SKU-0015,Confectionery,West,Retail,68.1,285.34,92.62,192.72
20260501,SKU-0015,Confectionery,West,Retail,39.0,163.41,53.04,110.37
20260601,SKU-0015,Confectionery,West,Retail,83.3,349.03,113.29,235.74
20240701,SKU-0016,Pantry,Central,Retail,198.2,830.46,243.79,586.67
20240801,SKU-0016,Pantry,Central,Retail,124.0,519.56,152.52,367.04
20240901,SKU-0016,Pantry,Central,Retail,138.8,581.57,170.72,410.85
20241001,SKU-0016,Pantry,Central,Retail,142.6,597.49,175.4,422.09
20241101,SKU-0016,Pantry,Central,Retail,127.9,535.9,157.32,378.58
20241201,SKU-0016,Pantry,Central,Retail,105.0,439.95,129.15,310.8
20250101,SKU-0016,Pantry,Central,Retail,76.6,320.95,94.22,226.73
20250201,SKU-0016,Pantry,Central,Retail,93.5,391.77,115.0,276.77
20250301,SKU-0016,Pantry,Central,Retail,102.5,429.48,126.08,303.4
20250401,SKU-0016,Pantry,Central,Retail,150.0,628.5,184.5,444.0
20250501,SKU-0016,Pantry,Central,Retail,202.5,848.48,249.08,599.4
20250601,SKU-0016,Pantry,Central,Retail,91.5,383.39,112.54,270.85
20250701,SKU-0016,Pantry,Central,Retail,154.8,648.61,190.4,458.21
20250801,SKU-0016,Pantry,Central,Retail,111.6,467.6,137.27,330.33
20250901,SKU-0016,Pantry,Central,Retail,196.2,822.08,241.33,580.75
20251001,SKU-0016,Pantry,Central,Retail,138.6,580.73,170.48,410.25
20251101,SKU-0016,Pantry,Central,Retail,161.9,678.36,199.14,479.22
20251201,SKU-0016,Pantry,Central,Retail,191.0,800.29,234.93,565.36
20260101,SKU-0016,Pantry,Central,Retail,142.6,597.49,175.4,422.09
20260201,SKU-0016,Pantry,Central,Retail,144.7,606.29,177.98,428.31
20260301,SKU-0016,Pantry,Central,Retail,242.1,1014.4,297.78,716.62
20260401,SKU-0016,Pantry,Central,Retail,187.8,786.88,230.99,555.89
20260501,SKU-0016,Pantry,Central,Retail,244.6,1024.87,300.86,724.01
20260601,SKU-0016,Pantry,Central,Retail,189.8,795.26,233.45,561.81
20240701,SKU-0017,Beverages,Central,Online,264.1,1777.39,731.56,1045.83
20240801,SKU-0017,Beverages,Central,Online,153.1,1030.36,424.09,606.27
20240901,SKU-0017,Beverages,Central,Online,277.5,1867.58,768.68,1098.9
20241001,SKU-0017,Beverages,Central,Online,256.6,1726.92,710.78,1016.14
20241101,SKU-0017,Beverages,Central,Online,247.6,1666.35,685.85,980.5
20241201,SKU-0017,Beverages,Central,Online,238.3,1603.76,660.09,943.67
20250101,SKU-0017,Beverages,Central,Online,281.5,1894.5,779.76,1114.74
20250201,SKU-0017,Beverages,Central,Online,383.8,2582.97,1063.13,1519.84
20250301,SKU-0017,Beverages,Central,Online,390.7,2629.41,1082.24,1547.17
20250401,SKU-0017,Beverages,Central,Online,447.5,3011.68,1239.58,1772.1
20250501,SKU-0017,Beverages,Central,Online,145.8,981.23,403.87,577.36
20250601,SKU-0017,Beverages,Central,Online,388.4,2613.93,1075.87,1538.06
20250701,SKU-0017,Beverages,Central,Online,247.0,1662.31,684.19,978.12
20250801,SKU-0017,Beverages,Central,Online,234.5,1578.19,649.57,928.62
20250901,SKU-0017,Beverages,Central,Online,217.2,1461.76,601.64,860.12
20251001,SKU-0017,Beverages,Central,Online,273.5,1840.66,757.6,1083.06
20251101,SKU-0017,Beverages,Central,Online,196.5,1322.45,544.3,778.15
20251201,SKU-0017,Beverages,Central,Online,245.6,1652.89,680.31,972.58
20260101,SKU-0017,Beverages,Central,Online,275.7,1855.46,763.69,1091.77
20260201,SKU-0017,Beverages,Central,Online,482.9,3249.92,1337.63,1912.29
20260301,SKU-0017,Beverages,Central,Online,559.7,3766.78,1550.37,2216.41
20260401,SKU-0017,Beverages,Central,Online,638.9,4299.8,1769.75,2530.05
20260501,SKU-0017,Beverages,Central,Online,283.0,1904.59,783.91,1120.68
20260601,SKU-0017,Beverages,Central,Online,349.4,2351.46,967.84,1383.62
20240701,SKU-0018,Snacks,North,Retail,81.5,417.28,98.62,318.66
20240801,SKU-0018,Snacks,North,Retail,150.4,770.05,181.98,588.07
20240901,SKU-0018,Snacks,North,Retail,112.5,576.0,136.12,439.88
20241001,SKU-0018,Snacks,North,Retail,97.8,500.74,118.34,382.4
20241101,SKU-0018,Snacks,North,Retail,91.5,468.48,110.72,357.76
20241201,SKU-0018,Snacks,North,Retail,82.9,424.45,100.31,324.14
20250101,SKU-0018,Snacks,North,Retail,88.2,451.58,106.72,344.86
20250201,SKU-0018,Snacks,North,Retail,65.2,333.82,78.89,254.93
20250301,SKU-0018,Snacks,North,Retail,84.4,432.13,102.12,330.01
20250401,SKU-0018,Snacks,North,Retail,125.4,642.05,151.73,490.32
20250501,SKU-0018,Snacks,North,Retail,29.4,150.53,35.57,114.96
20250601,SKU-0018,Snacks,North,Retail,105.5,540.16,127.66,412.5
20250701,SKU-0018,Snacks,North,Retail,44.9,229.89,54.33,175.56
20250801,SKU-0018,Snacks,North,Retail,81.5,417.28,98.62,318.66
20250901,SKU-0018,Snacks,North,Retail,91.7,469.5,110.96,358.54
20251001,SKU-0018,Snacks,North,Retail,115.9,593.41,140.24,453.17
20251101,SKU-0018,Snacks,North,Retail,166.2,850.94,201.1,649.84
20251201,SKU-0018,Snacks,North,Retail,153.0,783.36,185.13,598.23
20260101,SKU-0018,Snacks,North,Retail,114.0,583.68,137.94,445.74
20260201,SKU-0018,Snacks,North,Retail,68.8,352.26,83.25,269.01
20260301,SKU-0018,Snacks,North,Retail,100.1,512.51,121.12,391.39
20260401,SKU-0018,Snacks,North,Retail,115.0,588.8,139.15,449.65
20260501,SKU-0018,Snacks,North,Retail,77.2,395.26,93.41,301.85
20260601,SKU-0018,Snacks,North,Retail,75.5,386.56,91.36,295.2
20240701,SKU-0019,Dairy,North,Wholesale,143.6,692.15,268.53,423.62
20240801,SKU-0019,Dairy,North,Wholesale,138.6,668.05,259.18,408.87
20240901,SKU-0019,Dairy,North,Wholesale,135.1,651.18,252.64,398.54
20241001,SKU-0019,Dairy,North,Wholesale,101.2,487.78,189.24,298.54
20241101,SKU-0019,Dairy,North,Wholesale,105.1,506.58,196.54,310.04
20241201,SKU-0019,Dairy,North,Wholesale,110.9,534.54,207.38,327.16
20250101,SKU-0019,Dairy,North,Wholesale,108.3,522.01,202.52,319.49
20250201,SKU-0019,Dairy,North,Wholesale,113.7,548.03,212.62,335.41
20250301,SKU-0019,Dairy,North,Wholesale,92.5,445.85,172.98,272.87
20250401,SKU-0019,Dairy,North,Wholesale,108.6,523.45,203.08,320.37
20250501,SKU-0019,Dairy,North,Wholesale,153.2,738.42,286.48,451.94
20250601,SKU-0019,Dairy,North,Wholesale,145.4,700.83,271.9,428.93
20250701,SKU-0019,Dairy,North,Wholesale,143.2,690.22,267.78,422.44
20250801,SKU-0019,Dairy,North,Wholesale,160.6,774.09,300.32,473.77
20250901,SKU-0019,Dairy,North,Wholesale,164.1,790.96,306.87,484.09
20251001,SKU-0019,Dairy,North,Wholesale,111.2,535.98,207.94,328.04
20251101,SKU-0019,Dairy,North,Wholesale,116.8,562.98,218.42,344.56
20251201,SKU-0019,Dairy,North,Wholesale,93.9,452.6,175.59,277.01
20260101,SKU-0019,Dairy,North,Wholesale,84.6,407.77,158.2,249.57
20260201,SKU-0019,Dairy,North,Wholesale,109.6,528.27,204.95,323.32
20260301,SKU-0019,Dairy,North,Wholesale,102.9,495.98,192.42,303.56
20260401,SKU-0019,Dairy,North,Wholesale,79.1,381.26,147.92,233.34
20260501,SKU-0019,Dairy,North,Wholesale,126.9,611.66,237.3,374.36
20260601,SKU-0019,Dairy,North,Wholesale,170.5,821.81,318.84,502.97
20240701,SKU-0020,Frozen,North,Wholesale,52.1,455.88,106.8,349.08
20240801,SKU-0020,Frozen,North,Wholesale,57.5,503.12,117.87,385.25
20240901,SKU-0020,Frozen,North,Wholesale,39.5,345.62,80.97,264.65
20241001,SKU-0020,Frozen,North,Wholesale,58.6,512.75,120.13,392.62
20241101,SKU-0020,Frozen,North,Wholesale,39.7,347.38,81.39,265.99
20241201,SKU-0020,Frozen,North,Wholesale,58.6,512.75,120.13,392.62
20250101,SKU-0020,Frozen,North,Wholesale,52.4,458.5,107.42,351.08
20250201,SKU-0020,Frozen,North,Wholesale,57.0,498.75,116.85,381.9
20250301,SKU-0020,Frozen,North,Wholesale,55.8,488.25,114.39,373.86
20250401,SKU-0020,Frozen,North,Wholesale,81.1,709.62,166.25,543.37
20250501,SKU-0020,Frozen,North,Wholesale,51.2,448.0,104.96,343.04
20250601,SKU-0020,Frozen,North,Wholesale,63.6,556.5,130.38,426.12
20250701,SKU-0020,Frozen,North,Wholesale,94.6,827.75,193.93,633.82
20250801,SKU-0020,Frozen,North,Wholesale,60.7,531.12,124.43,406.69
20250901,SKU-0020,Frozen,North,Wholesale,53.7,469.88,110.08,359.8
20251001,SKU-0020,Frozen,North,Wholesale,66.2,579.25,135.71,443.54
20251101,SKU-0020,Frozen,North,Wholesale,45.1,394.62,92.46,302.16
20251201,SKU-0020,Frozen,North,Wholesale,85.9,751.62,176.1,575.52
20260101,SKU-0020,Frozen,North,Wholesale,59.4,519.75,121.77,397.98
20260201,SKU-0020,Frozen,North,Wholesale,66.2,579.25,135.71,443.54
20260301,SKU-0020,Frozen,North,Wholesale,61.3,536.38,125.66,410.72
20260401,SKU-0020,Frozen,North,Wholesale,96.9,847.88,198.64,649.24
20260501,SKU-0020,Frozen,North,Wholesale,61.4,537.25,125.87,411.38
20260601,SKU-0020,Frozen,North,Wholesale,57.1,499.62,117.06,382.56
20240701,SKU-0021,Household,North,Retail,83.2,892.74,238.78,653.96
20240801,SKU-0021,Household,North,Retail,91.7,983.94,263.18,720.76
20240901,SKU-0021,Household,North,Retail,99.1,1063.34,284.42,778.92
20241001,SKU-0021,Household,North,Retail,167.4,1796.2,480.44,1315.76
20241101,SKU-0021,Household,North,Retail,75.0,804.75,215.25,589.5
20241201,SKU-0021,Household,North,Retail,136.7,1466.79,392.33,1074.46
20250101,SKU-0021,Household,North,Retail,91.5,981.8,262.6,719.2
20250201,SKU-0021,Household,North,Retail,70.6,757.54,202.62,554.92
20250301,SKU-0021,Household,North,Retail,145.2,1558.0,416.72,1141.28
20250401,SKU-0021,Household,North,Retail,280.3,3007.62,804.46,2203.16
20250501,SKU-0021,Household,North,Retail,154.7,1659.93,443.99,1215.94
20250601,SKU-0021,Household,North,Retail,138.0,1480.74,396.06,1084.68
20250701,SKU-0021,Household,North,Retail,138.2,1482.89,396.63,1086.26
20250801,SKU-0021,Household,North,Retail,93.6,1004.33,268.63,735.7
20250901,SKU-0021,Household,North,Retail,60.6,650.24,173.92,476.32
20251001,SKU-0021,Household,North,Retail,151.2,1622.38,433.94,1188.44
20251101,SKU-0021,Household,North,Retail,102.5,1099.82,294.18,805.64
20251201,SKU-0021,Household,North,Retail,170.8,1832.68,490.2,1342.48
20260101,SKU-0021,Household,North,Retail,222.6,2388.5,638.86,1749.64
20260201,SKU-0021,Household,North,Retail,146.6,1573.02,420.74,1152.28
20260301,SKU-0021,Household,North,Retail,252.8,2712.54,725.54,1987.0
20260401,SKU-0021,Household,North,Retail,85.1,913.12,244.24,668.88
20260501,SKU-0021,Household,North,Retail,170.6,1830.54,489.62,1340.92
20260601,SKU-0021,Household,North,Retail,129.5,1389.54,371.66,1017.88
20240701,SKU-0022,Personal Care,Central,Wholesale,65.8,819.21,241.49,577.72
20240801,SKU-0022,Personal Care,Central,Wholesale,75.6,941.22,277.45,663.77
20240901,SKU-0022,Personal Care,Central,Wholesale,51.1,636.19,187.54,448.65
20241001,SKU-0022,Personal Care,Central,Wholesale,54.2,674.79,198.91,475.88
20241101,SKU-0022,Personal Care,Central,Wholesale,82.3,1024.64,302.04,722.6
20241201,SKU-0022,Personal Care,Central,Wholesale,72.7,905.12,266.81,638.31
20250101,SKU-0022,Personal Care,Central,Wholesale,39.0,485.55,143.13,342.42
20250201,SKU-0022,Personal Care,Central,Wholesale,62.1,773.14,227.91,545.23
20250301,SKU-0022,Personal Care,Central,Wholesale,81.1,1009.69,297.64,712.05
20250401,SKU-0022,Personal Care,Central,Wholesale,45.7,568.96,167.72,401.24
20250501,SKU-0022,Personal Care,Central,Wholesale,2.9,36.1,10.64,25.46
20250601,SKU-0022,Personal Care,Central,Wholesale,50.4,627.48,184.97,442.51
20250701,SKU-0022,Personal Care,Central,Wholesale,39.7,494.26,145.7,348.56
20250801,SKU-0022,Personal Care,Central,Wholesale,79.3,987.28,291.03,696.25
20250901,SKU-0022,Personal Care,Central,Wholesale,74.1,922.54,271.95,650.59
20251001,SKU-0022,Personal Care,Central,Wholesale,47.6,592.62,174.69,417.93
20251101,SKU-0022,Personal Care,Central,Wholesale,42.5,529.12,155.98,373.14
20251201,SKU-0022,Personal Care,Central,Wholesale,33.6,418.32,123.31,295.01
20260101,SKU-0022,Personal Care,Central,Wholesale,35.0,435.75,128.45,307.3
20260201,SKU-0022,Personal Care,Central,Wholesale,45.1,561.5,165.52,395.98
20260301,SKU-0022,Personal Care,Central,Wholesale,44.0,547.8,161.48,386.32
20260401,SKU-0022,Personal Care,Central,Wholesale,63.4,789.33,232.68,556.65
20260501,SKU-0022,Personal Care,Central,Wholesale,28.7,357.32,105.33,251.99
20260601,SKU-0022,Personal Care,Central,Wholesale,67.7,842.86,248.46,594.4
20240701,SKU-0023,Confectionery,South,Online,109.6,521.7,90.97,430.73
20240801,SKU-0023,Confectionery,South,Online,54.7,260.37,45.4,214.97
20240901,SKU-0023,Confectionery,South,Online,97.4,463.62,80.84,382.78
20241001,SKU-0023,Confectionery,South,Online,153.8,732.09,127.65,604.44
20241101,SKU-0023,Confectionery,South,Online,103.4,492.18,85.82,406.36
20241201,SKU-0023,Confectionery,South,Online,154.6,735.9,128.32,607.58
20250101,SKU-0023,Confectionery,South,Online,208.8,993.89,173.3,820.59
20250201,SKU-0023,Confectionery,South,Online,123.1,585.96,102.17,483.79
20250301,SKU-0023,Confectionery,South,Online,186.2,886.31,154.55,731.76
20250401,SKU-0023,Confectionery,South,Online,79.0,376.04,65.57,310.47
20250501,SKU-0023,Confectionery,South,Online,94.7,450.77,78.6,372.17
20250601,SKU-0023,Confectionery,South,Online,97.7,465.05,81.09,383.96
20250701,SKU-0023,Confectionery,South,Online,97.5,464.1,80.92,383.18
20250801,SKU-0023,Confectionery,South,Online,80.4,382.7,66.73,315.97
20250901,SKU-0023,Confectionery,South,Online,154.9,737.32,128.57,608.75
20251001,SKU-0023,Confectionery,South,Online,169.8,808.25,140.93,667.32
20251101,SKU-0023,Confectionery,South,Online,317.2,1509.87,263.28,1246.59
20251201,SKU-0023,Confectionery,South,Online,159.9,761.12,132.72,628.4
20260101,SKU-0023,Confectionery,South,Online,202.4,963.42,167.99,795.43
20260201,SKU-0023,Confectionery,South,Online,169.5,806.82,140.68,666.14
20260301,SKU-0023,Confectionery,South,Online,145.7,693.53,120.93,572.6
20260401,SKU-0023,Confectionery,South,Online,247.6,1178.58,205.51,973.07
20260501,SKU-0023,Confectionery,South,Online,126.7,603.09,105.16,497.93
20260601,SKU-0023,Confectionery,South,Online,131.0,623.56,108.73,514.83
20240701,SKU-0024,Pantry,South,Retail,83.8,390.51,113.97,276.54
20240801,SKU-0024,Pantry,South,Retail,72.2,336.45,98.19,238.26
20240901,SKU-0024,Pantry,South,Retail,73.3,341.58,99.69,241.89
20241001,SKU-0024,Pantry,South,Retail,96.5,449.69,131.24,318.45
20241101,SKU-0024,Pantry,South,Retail,74.5,347.17,101.32,245.85
20241201,SKU-0024,Pantry,South,Retail,52.3,243.72,71.13,172.59
20250101,SKU-0024,Pantry,South,Retail,54.8,255.37,74.53,180.84
20250201,SKU-0024,Pantry,South,Retail,45.2,210.63,61.47,149.16
20250301,SKU-0024,Pantry,South,Retail,83.3,388.18,113.29,274.89
20250401,SKU-0024,Pantry,South,Retail,96.4,449.22,131.1,318.12
20250501,SKU-0024,Pantry,South,Retail,90.4,421.26,122.94,298.32
20250601,SKU-0024,Pantry,South,Retail,109.4,509.8,148.78,361.02
20250701,SKU-0024,Pantry,South,Retail,104.2,485.57,141.71,343.86
20250801,SKU-0024,Pantry,South,Retail,98.0,456.68,133.28,323.4
20250901,SKU-0024,Pantry,South,Retail,63.8,297.31,86.77,210.54
20251001,SKU-0024,Pantry,South,Retail,86.4,402.62,117.5,285.12
20251101,SKU-0024,Pantry,South,Retail,88.3,411.48,120.09,291.39
20251201,SKU-0024,Pantry,South,Retail,40.7,189.66,55.35,134.31
20260101,SKU-0024,Pantry,South,Retail,63.6,296.38,86.5,209.88
20260201,SKU-0024,Pantry,South,Retail,88.5,412.41,120.36,292.05
20260301,SKU-0024,Pantry,South,Retail,115.2,536.83,156.67,380.16
20260401,SKU-0024,Pantry,South,Retail,98.7,459.94,134.23,325.71
20260501,SKU-0024,Pantry,South,Retail,82.4,383.98,112.06,271.92
20260601,SKU-0024,Pantry,South,Retail,116.7,543.82,158.71,385.11
20240701,SKU-0025,Beverages,East,Online,42.9,285.71,108.54,177.17
20240801,SKU-0025,Beverages,East,Online,34.9,232.43,88.3,144.13
20240901,SKU-0025,Beverages,East,Online,44.2,294.37,111.83,182.54
20241001,SKU-0025,Beverages,East,Online,32.5,216.45,82.22,134.23
20241101,SKU-0025,Beverages,East,Online,56.9,378.95,143.96,234.99
20241201,SKU-0025,Beverages,East,Online,61.4,408.92,155.34,253.58
20250101,SKU-0025,Beverages,East,Online,63.0,419.58,159.39,260.19
20250201,SKU-0025,Beverages,East,Online,71.2,474.19,180.14,294.05
20250301,SKU-0025,Beverages,East,Online,66.4,442.22,167.99,274.23
20250401,SKU-0025,Beverages,East,Online,63.0,419.58,159.39,260.19
20250501,SKU-0025,Beverages,East,Online,67.9,452.21,171.79,280.42
20250601,SKU-0025,Beverages,East,Online,61.0,406.26,154.33,251.93
20250701,SKU-0025,Beverages,East,Online,53.0,352.98,134.09,218.89
20250801,SKU-0025,Beverages,East,Online,29.5,196.47,74.63,121.84
20250901,SKU-0025,Beverages,East,Online,34.7,231.1,87.79,143.31
20251001,SKU-0025,Beverages,East,Online,39.6,263.74,100.19,163.55
20251101,SKU-0025,Beverages,East,Online,56.6,376.96,143.2,233.76
20251201,SKU-0025,Beverages,East,Online,58.5,389.61,148.0,241.61
20260101,SKU-0025,Beverages,East,Online,67.2,447.55,170.02,277.53
20260201,SKU-0025,Beverages,East,Online,61.9,412.25,156.61,255.64
20260301,SKU-0025,Beverages,East,Online,57.0,379.62,144.21,235.41
20260401,SKU-0025,Beverages,East,Online,57.3,381.62,144.97,236.65
20260501,SKU-0025,Beverages,East,Online,64.3,428.24,162.68,265.56
20260601,SKU-0025,Beverages,East,Online,58.9,392.27,149.02,243.25
20240701,SKU-0026,Snacks,North,Wholesale,58.1,277.14,97.03,180.11
20240801,SKU-0026,Snacks,North,Wholesale,57.7,275.23,96.36,178.87
20240901,SKU-0026,Snacks,North,Wholesale,66.3,316.25,110.72,205.53
20241001,SKU-0026,Snacks,North,Wholesale,104.4,497.99,174.35,323.64
20241101,SKU-0026,Snacks,North,Wholesale,60.2,287.15,100.53,186.62
20241201,SKU-0026,Snacks,North,Wholesale,86.9,414.51,145.12,269.39
20250101,SKU-0026,Snacks,North,Wholesale,39.5,188.42,65.96,122.46
20250201,SKU-0026,Snacks,North,Wholesale,87.0,414.99,145.29,269.7
20250301,SKU-0026,Snacks,North,Wholesale,40.0,190.8,66.8,124.0
20250401,SKU-0026,Snacks,North,Wholesale,50.2,239.45,83.83,155.62
20250501,SKU-0026,Snacks,North,Wholesale,62.8,299.56,104.88,194.68
20250601,SKU-0026,Snacks,North,Wholesale,39.3,187.46,65.63,121.83
20250701,SKU-0026,Snacks,North,Wholesale,26.4,125.93,44.09,81.84
20250801,SKU-0026,Snacks,North,Wholesale,22.6,107.8,37.74,70.06
20250901,SKU-0026,Snacks,North,Wholesale,83.9,400.2,140.11,260.09
20251001,SKU-0026,Snacks,North,Wholesale,78.3,373.49,130.76,242.73
20251101,SKU-0026,Snacks,North,Wholesale,47.8,228.01,79.83,148.18
20251201,SKU-0026,Snacks,North,Wholesale,56.6,269.98,94.52,175.46
20260101,SKU-0026,Snacks,North,Wholesale,55.5,264.73,92.68,172.05
20260201,SKU-0026,Snacks,North,Wholesale,66.1,315.3,110.39,204.91
20260301,SKU-0026,Snacks,North,Wholesale,27.2,129.74,45.42,84.32
20260401,SKU-0026,Snacks,North,Wholesale,51.0,243.27,85.17,158.1
20260501,SKU-0026,Snacks,North,Wholesale,66.0,314.82,110.22,204.6
20260601,SKU-0026,Snacks,North,Wholesale,109.9,524.22,183.53,340.69
20240701,SKU-0027,Dairy,South,Retail,33.6,176.4,70.9,105.5
20240801,SKU-0027,Dairy,South,Retail,82.4,432.6,173.86,258.74
20240901,SKU-0027,Dairy,South,Retail,251.6,1320.9,530.88,790.02
20241001,SKU-0027,Dairy,South,Retail,291.1,1528.28,614.22,914.06
20241101,SKU-0027,Dairy,South,Retail,142.7,749.18,301.1,448.08
20241201,SKU-0027,Dairy,South,Retail,151.1,793.28,318.82,474.46
20250101,SKU-0027,Dairy,South,Retail,138.5,727.12,292.23,434.89
20250201,SKU-0027,Dairy,South,Retail,89.4,469.35,188.63,280.72
20250301,SKU-0027,Dairy,South,Retail,89.9,471.98,189.69,282.29
20250401,SKU-0027,Dairy,South,Retail,161.4,847.35,340.55,506.8
20250501,SKU-0027,Dairy,South,Retail,131.8,691.95,278.1,413.85
20250601,SKU-0027,Dairy,South,Retail,277.6,1457.4,585.74,871.66
20250701,SKU-0027,Dairy,South,Retail,189.8,996.45,400.48,595.97
20250801,SKU-0027,Dairy,South,Retail,176.3,925.58,371.99,553.59
20250901,SKU-0027,Dairy,South,Retail,67.0,351.75,141.37,210.38
20251001,SKU-0027,Dairy,South,Retail,224.2,1177.05,473.06,703.99
20251101,SKU-0027,Dairy,South,Retail,251.8,1321.95,531.3,790.65
20251201,SKU-0027,Dairy,South,Retail,108.6,570.15,229.15,341.0
20260101,SKU-0027,Dairy,South,Retail,99.8,523.95,210.58,313.37
20260201,SKU-0027,Dairy,South,Retail,184.2,967.05,388.66,578.39
20260301,SKU-0027,Dairy,South,Retail,109.7,575.93,231.47,344.46
20260401,SKU-0027,Dairy,South,Retail,195.3,1025.32,412.08,613.24
20260501,SKU-0027,Dairy,South,Retail,288.6,1515.15,608.95,906.2
20260601,SKU-0027,Dairy,South,Retail,189.7,995.92,400.27,595.65
20240701,SKU-0028,Frozen,North,Wholesale,77.2,645.39,195.32,450.07
20240801,SKU-0028,Frozen,North,Wholesale,40.3,336.91,101.96,234.95
20240901,SKU-0028,Frozen,North,Wholesale,69.6,581.86,176.09,405.77
20241001,SKU-0028,Frozen,North,Wholesale,87.9,734.84,222.39,512.45
20241101,SKU-0028,Frozen,North,Wholesale,24.5,204.82,61.98,142.84
20241201,SKU-0028,Frozen,North,Wholesale,28.4,237.42,71.85,165.57
20250101,SKU-0028,Frozen,North,Wholesale,75.0,627.0,189.75,437.25
20250201,SKU-0028,Frozen,North,Wholesale,86.2,720.63,218.09,502.54
20250301,SKU-0028,Frozen,North,Wholesale,64.7,540.89,163.69,377.2
20250401,SKU-0028,Frozen,North,Wholesale,70.7,591.05,178.87,412.18
20250501,SKU-0028,Frozen,North,Wholesale,110.8,926.29,280.32,645.97
20250601,SKU-0028,Frozen,North,Wholesale,0.0,0.0,0.0,0.0
20250701,SKU-0028,Frozen,North,Wholesale,72.9,609.44,184.44,425.0
20250801,SKU-0028,Frozen,North,Wholesale,72.5,606.1,183.42,422.68
20250901,SKU-0028,Frozen,North,Wholesale,57.2,478.19,144.72,333.47
20251001,SKU-0028,Frozen,North,Wholesale,53.6,448.1,135.61,312.49
20251101,SKU-0028,Frozen,North,Wholesale,42.3,353.63,107.02,246.61
20251201,SKU-0028,Frozen,North,Wholesale,63.3,529.19,160.15,369.04
20260101,SKU-0028,Frozen,North,Wholesale,57.2,478.19,144.72,333.47
20260201,SKU-0028,Frozen,North,Wholesale,76.3,637.87,193.04,444.83
20260301,SKU-0028,Frozen,North,Wholesale,18.3,152.99,46.3,106.69
20260401,SKU-0028,Frozen,North,Wholesale,100.0,836.0,253.0,583.0
20260501,SKU-0028,Frozen,North,Wholesale,42.6,356.14,107.78,248.36
20260601,SKU-0028,Frozen,North,Wholesale,82.5,689.7,208.72,480.98
20240701,SKU-0029,Household,West,Wholesale,250.3,2873.44,1043.75,1829.69
20240801,SKU-0029,Household,West,Wholesale,318.3,3654.08,1327.31,2326.77
20240901,SKU-0029,Household,West,Wholesale,114.7,1316.76,478.3,838.46
20241001,SKU-0029,Household,West,Wholesale,275.8,3166.18,1150.09,2016.09
20241101,SKU-0029,Household,West,Wholesale,349.9,4016.85,1459.08,2557.77
20241201,SKU-0029,Household,West,Wholesale,278.8,3200.62,1162.6,2038.02
20250101,SKU-0029,Household,West,Wholesale,275.4,3161.59,1148.42,2013.17
20250201,SKU-0029,Household,West,Wholesale,311.4,3574.87,1298.54,2276.33
20250301,SKU-0029,Household,West,Wholesale,413.0,4741.24,1722.21,3019.03
20250401,SKU-0029,Household,West,Wholesale,368.7,4232.68,1537.48,2695.2
20250501,SKU-0029,Household,West,Wholesale,542.7,6230.2,2263.06,3967.14
20250601,SKU-0029,Household,West,Wholesale,369.5,4241.86,1540.82,2701.04
20250701,SKU-0029,Household,West,Wholesale,313.5,3598.98,1307.3,2291.68
20250801,SKU-0029,Household,West,Wholesale,333.2,3825.14,1389.44,2435.7
20250901,SKU-0029,Household,West,Wholesale,399.4,4585.11,1665.5,2919.61
20251001,SKU-0029,Household,West,Wholesale,228.4,2622.03,952.43,1669.6
20251101,SKU-0029,Household,West,Wholesale,351.0,4029.48,1463.67,2565.81
20251201,SKU-0029,Household,West,Wholesale,427.5,4907.7,1782.68,3125.02
20260101,SKU-0029,Household,West,Wholesale,364.0,4178.72,1517.88,2660.84
20260201,SKU-0029,Household,West,Wholesale,523.8,6013.22,2184.25,3828.97
20260301,SKU-0029,Household,West,Wholesale,337.0,3868.76,1405.29,2463.47
20260401,SKU-0029,Household,West,Wholesale,406.8,4670.06,1696.36,2973.7
20260501,SKU-0029,Household,West,Wholesale,323.3,3711.48,1348.16,2363.32
20260601,SKU-0029,Household,West,Wholesale,369.9,4246.45,1542.48,2703.97
20240701,SKU-0030,Personal Care,East,Wholesale,147.2,1872.38,581.44,1290.94
20240801,SKU-0030,Personal Care,East,Wholesale,87.6,1114.27,346.02,768.25
20240901,SKU-0030,Personal Care,East,Wholesale,71.4,908.21,282.03,626.18
20241001,SKU-0030,Personal Care,East,Wholesale,123.4,1569.65,487.43,1082.22
20241101,SKU-0030,Personal Care,East,Wholesale,148.4,1887.65,586.18,1301.47
20241201,SKU-0030,Personal Care,East,Wholesale,169.8,2159.86,670.71,1489.15
20250101,SKU-0030,Personal Care,East,Wholesale,123.6,1572.19,488.22,1083.97
20250201,SKU-0030,Personal Care,East,Wholesale,66.7,848.42,263.47,584.95
20250301,SKU-0030,Personal Care,East,Wholesale,82.1,1044.31,324.3,720.01
20250401,SKU-0030,Personal Care,East,Wholesale,95.4,1213.49,376.83,836.66
20250501,SKU-0030,Personal Care,East,Wholesale,106.6,1355.95,421.07,934.88
20250601,SKU-0030,Personal Care,East,Wholesale,144.5,1838.04,570.78,1267.26
20250701,SKU-0030,Personal Care,East,Wholesale,153.2,1948.7,605.14,1343.56
20250801,SKU-0030,Personal Care,East,Wholesale,142.8,1816.42,564.06,1252.36
20250901,SKU-0030,Personal Care,East,Wholesale,130.5,1659.96,515.48,1144.48
20251001,SKU-0030,Personal Care,East,Wholesale,158.1,2011.03,624.5,1386.53
20251101,SKU-0030,Personal Care,East,Wholesale,183.0,2327.76,722.85,1604.91
20251201,SKU-0030,Personal Care,East,Wholesale,52.3,665.26,206.58,458.68
20260101,SKU-0030,Personal Care,East,Wholesale,104.9,1334.33,414.36,919.97
20260201,SKU-0030,Personal Care,East,Wholesale,75.2,956.54,297.04,659.5
20260301,SKU-0030,Personal Care,East,Wholesale,110.3,1403.02,435.68,967.34
20260401,SKU-0030,Personal Care,East,Wholesale,161.4,2053.01,637.53,1415.48
20260501,SKU-0030,Personal Care,East,Wholesale,150.5,1914.36,594.48,1319.88
20260601,SKU-0030,Personal Care,East,Wholesale,162.5,2067.0,641.88,1425.12
20240701,SKU-0031,Confectionery,Central,Wholesale,213.8,835.96,292.91,543.05
20240801,SKU-0031,Confectionery,Central,Wholesale,287.0,1122.17,393.19,728.98
20240901,SKU-0031,Confectionery,Central,Wholesale,258.3,1009.95,353.87,656.08
20241001,SKU-0031,Confectionery,Central,Wholesale,279.0,1090.89,382.23,708.66
20241101,SKU-0031,Confectionery,Central,Wholesale,313.8,1226.96,429.91,797.05
20241201,SKU-0031,Confectionery,Central,Wholesale,263.2,1029.11,360.58,668.53
20250101,SKU-0031,Confectionery,Central,Wholesale,339.8,1328.62,465.53,863.09
20250201,SKU-0031,Confectionery,Central,Wholesale,327.8,1281.7,449.09,832.61
20250301,SKU-0031,Confectionery,Central,Wholesale,293.3,1146.8,401.82,744.98
20250401,SKU-0031,Confectionery,Central,Wholesale,224.0,875.84,306.88,568.96
20250501,SKU-0031,Confectionery,Central,Wholesale,360.8,1410.73,494.3,916.43
20250601,SKU-0031,Confectionery,Central,Wholesale,208.9,816.8,286.19,530.61
20250701,SKU-0031,Confectionery,Central,Wholesale,244.8,957.17,335.38,621.79
20250801,SKU-0031,Confectionery,Central,Wholesale,279.9,1094.41,383.46,710.95
20250901,SKU-0031,Confectionery,Central,Wholesale,265.7,1038.89,364.01,674.88
20251001,SKU-0031,Confectionery,Central,Wholesale,363.4,1420.89,497.86,923.03
20251101,SKU-0031,Confectionery,Central,Wholesale,348.4,1362.24,477.31,884.93
20251201,SKU-0031,Confectionery,Central,Wholesale,273.1,1067.82,374.15,693.67
20260101,SKU-0031,Confectionery,Central,Wholesale,289.5,1131.94,396.62,735.32
20260201,SKU-0031,Confectionery,Central,Wholesale,344.9,1348.56,472.51,876.05
20260301,SKU-0031,Confectionery,Central,Wholesale,296.7,1160.1,406.48,753.62
20260401,SKU-0031,Confectionery,Central,Wholesale,286.0,1118.26,391.82,726.44
20260501,SKU-0031,Confectionery,Central,Wholesale,401.2,1568.69,549.64,1019.05
20260601,SKU-0031,Confectionery,Central,Wholesale,345.7,1351.69,473.61,878.08
20240701,SKU-0032,Pantry,West,Online,114.3,522.35,174.88,347.47
20240801,SKU-0032,Pantry,West,Online,100.3,458.37,153.46,304.91
20240901,SKU-0032,Pantry,West,Online,98.2,448.77,150.25,298.52
20241001,SKU-0032,Pantry,West,Online,79.2,361.94,121.18,240.76
20241101,SKU-0032,Pantry,West,Online,55.2,252.26,84.46,167.8
20241201,SKU-0032,Pantry,West,Online,88.4,403.99,135.25,268.74
20250101,SKU-0032,Pantry,West,Online,83.9,383.42,128.37,255.05
20250201,SKU-0032,Pantry,West,Online,73.1,334.07,111.84,222.23
20250301,SKU-0032,Pantry,West,Online,105.8,483.51,161.87,321.64
20250401,SKU-0032,Pantry,West,Online,107.0,488.99,163.71,325.28
20250501,SKU-0032,Pantry,West,Online,103.0,470.71,157.59,313.12
20250601,SKU-0032,Pantry,West,Online,99.4,454.26,152.08,302.18
20250701,SKU-0032,Pantry,West,Online,91.8,419.53,140.45,279.08
20250801,SKU-0032,Pantry,West,Online,91.6,418.61,140.15,278.46
20250901,SKU-0032,Pantry,West,Online,96.3,440.09,147.34,292.75
20251001,SKU-0032,Pantry,West,Online,72.1,329.5,110.31,219.19
20251101,SKU-0032,Pantry,West,Online,93.8,428.67,143.51,285.16
20251201,SKU-0032,Pantry,West,Online,57.0,260.49,87.21,173.28
20260101,SKU-0032,Pantry,West,Online,82.8,378.4,126.68,251.72
20260201,SKU-0032,Pantry,West,Online,62.5,285.62,95.62,190.0
20260301,SKU-0032,Pantry,West,Online,68.4,312.59,104.65,207.94
20260401,SKU-0032,Pantry,West,Online,117.9,538.8,180.39,358.41
20260501,SKU-0032,Pantry,West,Online,130.6,596.84,199.82,397.02
20260601,SKU-0032,Pantry,West,Online,107.9,493.1,165.09,328.01
20240701,SKU-0033,Beverages,South,Retail,116.7,907.93,257.91,650.02
20240801,SKU-0033,Beverages,South,Retail,165.2,1285.26,365.09,920.17
20240901,SKU-0033,Beverages,South,Retail,42.2,328.32,93.26,235.06
20241001,SKU-0033,Beverages,South,Retail,118.5,921.93,261.88,660.05
20241101,SKU-0033,Beverages,South,Retail,121.6,946.05,268.74,677.31
20241201,SKU-0033,Beverages,South,Retail,171.6,1335.05,379.24,955.81
20250101,SKU-0033,Beverages,South,Retail,164.1,1276.7,362.66,914.04
20250201,SKU-0033,Beverages,South,Retail,76.4,594.39,168.84,425.55
20250301,SKU-0033,Beverages,South,Retail,124.1,965.5,274.26,691.24
20250401,SKU-0033,Beverages,South,Retail,219.8,1710.04,485.76,1224.28
20250501,SKU-0033,Beverages,South,Retail,136.6,1062.75,301.89,760.86
20250601,SKU-0033,Beverages,South,Retail,111.1,864.36,245.53,618.83
20250701,SKU-0033,Beverages,South,Retail,115.6,899.37,255.48,643.89
20250801,SKU-0033,Beverages,South,Retail,174.0,1353.72,384.54,969.18
20250901,SKU-0033,Beverages,South,Retail,182.1,1416.74,402.44,1014.3
20251001,SKU-0033,Beverages,South,Retail,92.7,721.21,204.87,516.34
20251101,SKU-0033,Beverages,South,Retail,121.5,945.27,268.52,676.75
20251201,SKU-0033,Beverages,South,Retail,247.9,1928.66,547.86,1380.8
20260101,SKU-0033,Beverages,South,Retail,171.5,1334.27,379.02,955.25
20260201,SKU-0033,Beverages,South,Retail,246.3,1916.21,544.32,1371.89
20260301,SKU-0033,Beverages,South,Retail,159.7,1242.47,352.94,889.53
20260401,SKU-0033,Beverages,South,Retail,126.7,985.73,280.01,705.72
20260501,SKU-0033,Beverages,South,Retail,156.6,1218.35,346.09,872.26
20260601,SKU-0033,Beverages,South,Retail,142.1,1105.54,314.04,791.5
20240701,SKU-0034,Snacks,Central,Wholesale,86.9,462.31,79.95,382.36
20240801,SKU-0034,Snacks,Central,Wholesale,104.3,554.88,95.96,458.92
20240901,SKU-0034,Snacks,Central,Wholesale,59.1,314.41,54.37,260.04
20241001,SKU-0034,Snacks,Central,Wholesale,137.1,729.37,126.13,603.24
20241101,SKU-0034,Snacks,Central,Wholesale,192.1,1021.97,176.73,845.24
20241201,SKU-0034,Snacks,Central,Wholesale,252.4,1342.77,232.21,1110.56
20250101,SKU-0034,Snacks,Central,Wholesale,280.7,1493.32,258.24,1235.08
20250201,SKU-0034,Snacks,Central,Wholesale,170.7,908.12,157.04,751.08
20250301,SKU-0034,Snacks,Central,Wholesale,256.5,1364.58,235.98,1128.6
20250401,SKU-0034,Snacks,Central,Wholesale,144.7,769.8,133.12,636.68
20250501,SKU-0034,Snacks,Central,Wholesale,198.4,1055.49,182.53,872.96
20250601,SKU-0034,Snacks,Central,Wholesale,132.0,702.24,121.44,580.8
20250701,SKU-0034,Snacks,Central,Wholesale,340.0,1808.8,312.8,1496.0
20250801,SKU-0034,Snacks,Central,Wholesale,252.8,1344.9,232.58,1112.32
20250901,SKU-0034,Snacks,Central,Wholesale,250.2,1331.06,230.18,1100.88
20251001,SKU-0034,Snacks,Central,Wholesale,156.5,832.58,143.98,688.6
20251101,SKU-0034,Snacks,Central,Wholesale,289.0,1537.48,265.88,1271.6
20251201,SKU-0034,Snacks,Central,Wholesale,317.7,1690.16,292.28,1397.88
20260101,SKU-0034,Snacks,Central,Wholesale,179.3,953.88,164.96,788.92
20260201,SKU-0034,Snacks,Central,Wholesale,165.7,881.52,152.44,729.08
20260301,SKU-0034,Snacks,Central,Wholesale,244.9,1302.87,225.31,1077.56
20260401,SKU-0034,Snacks,Central,Wholesale,267.9,1425.23,246.47,1178.76
20260501,SKU-0034,Snacks,Central,Wholesale,176.0,936.32,161.92,774.4
20260601,SKU-0034,Snacks,Central,Wholesale,252.3,1342.24,232.12,1110.12
20240701,SKU-0035,Dairy,East,Wholesale,256.3,1507.04,499.78,1007.26
20240801,SKU-0035,Dairy,East,Wholesale,168.2,989.02,327.99,661.03
20240901,SKU-0035,Dairy,East,Wholesale,243.9,1434.13,475.6,958.53
20241001,SKU-0035,Dairy,East,Wholesale,37.9,222.85,73.9,148.95
20241101,SKU-0035,Dairy,East,Wholesale,148.5,873.18,289.58,583.6
20241201,SKU-0035,Dairy,East,Wholesale,113.1,665.03,220.54,444.49
20250101,SKU-0035,Dairy,East,Wholesale,75.4,443.35,147.03,296.32
20250201,SKU-0035,Dairy,East,Wholesale,168.4,990.19,328.38,661.81
20250301,SKU-0035,Dairy,East,Wholesale,124.9,734.41,243.56,490.85
20250401,SKU-0035,Dairy,East,Wholesale,96.2,565.66,187.59,378.07
20250501,SKU-0035,Dairy,East,Wholesale,151.4,890.23,295.23,595.0
20250601,SKU-0035,Dairy,East,Wholesale,229.0,1346.52,446.55,899.97
20250701,SKU-0035,Dairy,East,Wholesale,118.8,698.54,231.66,466.88
20250801,SKU-0035,Dairy,East,Wholesale,103.7,609.76,202.22,407.54
20250901,SKU-0035,Dairy,East,Wholesale,168.9,993.13,329.36,663.77
20251001,SKU-0035,Dairy,East,Wholesale,243.8,1433.54,475.41,958.13
20251101,SKU-0035,Dairy,East,Wholesale,113.5,667.38,221.32,446.06
20251201,SKU-0035,Dairy,East,Wholesale,142.1,835.55,277.09,558.46
20260101,SKU-0035,Dairy,East,Wholesale,93.1,547.43,181.54,365.89
20260201,SKU-0035,Dairy,East,Wholesale,203.2,1194.82,396.24,798.58
20260301,SKU-0035,Dairy,East,Wholesale,192.0,1128.96,374.4,754.56
20260401,SKU-0035,Dairy,East,Wholesale,279.6,1644.05,545.22,1098.83
20260501,SKU-0035,Dairy,East,Wholesale,231.4,1360.63,451.23,909.4
20260601,SKU-0035,Dairy,East,Wholesale,167.0,981.96,325.65,656.31
20240701,SKU-0036,Frozen,West,Wholesale,140.4,793.26,341.17,452.09
20240801,SKU-0036,Frozen,West,Wholesale,121.0,683.65,294.03,389.62
20240901,SKU-0036,Frozen,West,Wholesale,143.3,809.65,348.22,461.43
20241001,SKU-0036,Frozen,West,Wholesale,34.4,194.36,83.59,110.77
20241101,SKU-0036,Frozen,West,Wholesale,92.0,519.8,223.56,296.24
20241201,SKU-0036,Frozen,West,Wholesale,90.4,510.76,219.67,291.09
20250101,SKU-0036,Frozen,West,Wholesale,138.1,780.26,335.58,444.68
20250201,SKU-0036,Frozen,West,Wholesale,113.9,643.54,276.78,366.76
20250301,SKU-0036,Frozen,West,Wholesale,146.4,827.16,355.75,471.41
20250401,SKU-0036,Frozen,West,Wholesale,103.0,581.95,250.29,331.66
20250501,SKU-0036,Frozen,West,Wholesale,79.8,450.87,193.91,256.96
20250601,SKU-0036,Frozen,West,Wholesale,128.2,724.33,311.53,412.8
20250701,SKU-0036,Frozen,West,Wholesale,160.0,904.0,388.8,515.2
20250801,SKU-0036,Frozen,West,Wholesale,100.8,569.52,244.94,324.58
20250901,SKU-0036,Frozen,West,Wholesale,147.5,833.38,358.42,474.96
20251001,SKU-0036,Frozen,West,Wholesale,126.3,713.6,306.91,406.69
20251101,SKU-0036,Frozen,West,Wholesale,132.4,748.06,321.73,426.33
20251201,SKU-0036,Frozen,West,Wholesale,83.2,470.08,202.18,267.9
20260101,SKU-0036,Frozen,West,Wholesale,107.5,607.38,261.23,346.15
20260201,SKU-0036,Frozen,West,Wholesale,104.3,589.3,253.45,335.85
20260301,SKU-0036,Frozen,West,Wholesale,129.7,732.8,315.17,417.63
20260401,SKU-0036,Frozen,West,Wholesale,80.7,455.96,196.1,259.86
20260501,SKU-0036,Frozen,West,Wholesale,142.7,806.26,346.76,459.5
20260601,SKU-0036,Frozen,West,Wholesale,53.5,302.28,130.0,172.28
20240701,SKU-0037,Household,Central,Online,83.0,805.93,226.59,579.34
20240801,SKU-0037,Household,Central,Online,115.1,1117.62,314.22,803.4
20240901,SKU-0037,Household,Central,Online,78.0,757.38,212.94,544.44
20241001,SKU-0037,Household,Central,Online,71.3,692.32,194.65,497.67
20241101,SKU-0037,Household,Central,Online,73.8,716.6,201.47,515.13
20241201,SKU-0037,Household,Central,Online,113.8,1105.0,310.67,794.33
20250101,SKU-0037,Household,Central,Online,85.4,829.23,233.14,596.09
20250201,SKU-0037,Household,Central,Online,158.8,1541.95,433.52,1108.43
20250301,SKU-0037,Household,Central,Online,140.6,1365.23,383.84,981.39
20250401,SKU-0037,Household,Central,Online,157.8,1532.24,430.79,1101.45
20250501,SKU-0037,Household,Central,Online,89.9,872.93,245.43,627.5
20250601,SKU-0037,Household,Central,Online,103.1,1001.1,281.46,719.64
20250701,SKU-0037,Household,Central,Online,176.2,1710.9,481.03,1229.87
20250801,SKU-0037,Household,Central,Online,43.7,424.33,119.3,305.03
20250901,SKU-0037,Household,Central,Online,142.4,1382.7,388.75,993.95
20251001,SKU-0037,Household,Central,Online,75.9,736.99,207.21,529.78
20251101,SKU-0037,Household,Central,Online,93.9,911.77,256.35,655.42
20251201,SKU-0037,Household,Central,Online,119.5,1160.34,326.24,834.1
20260101,SKU-0037,Household,Central,Online,83.6,811.76,228.23,583.53
20260201,SKU-0037,Household,Central,Online,114.5,1111.8,312.58,799.22
20260301,SKU-0037,Household,Central,Online,79.3,770.0,216.49,553.51
20260401,SKU-0037,Household,Central,Online,201.4,1955.59,549.82,1405.77
20260501,SKU-0037,Household,Central,Online,116.8,1134.13,318.86,815.27
20260601,SKU-0037,Household,Central,Online,132.0,1281.72,360.36,921.36
20240701,SKU-0038,Personal Care,North,Wholesale,176.6,2557.17,581.01,1976.16
20240801,SKU-0038,Personal Care,North,Wholesale,167.6,2426.85,551.4,1875.45
20240901,SKU-0038,Personal Care,North,Wholesale,142.7,2066.3,469.48,1596.82
20241001,SKU-0038,Personal Care,North,Wholesale,202.6,2933.65,666.55,2267.1
20241101,SKU-0038,Personal Care,North,Wholesale,206.3,2987.22,678.73,2308.49
20241201,SKU-0038,Personal Care,North,Wholesale,171.6,2484.77,564.56,1920.21
20250101,SKU-0038,Personal Care,North,Wholesale,166.2,2406.58,546.8,1859.78
20250201,SKU-0038,Personal Care,North,Wholesale,108.1,1565.29,355.65,1209.64
20250301,SKU-0038,Personal Care,North,Wholesale,117.4,1699.95,386.25,1313.7
20250401,SKU-0038,Personal Care,North,Wholesale,93.5,1353.88,307.62,1046.26
20250501,SKU-0038,Personal Care,North,Wholesale,87.6,1268.45,288.2,980.25
20250601,SKU-0038,Personal Care,North,Wholesale,100.7,1458.14,331.3,1126.84
20250701,SKU-0038,Personal Care,North,Wholesale,165.5,2396.44,544.5,1851.94
20250801,SKU-0038,Personal Care,North,Wholesale,100.4,1453.79,330.32,1123.47
20250901,SKU-0038,Personal Care,North,Wholesale,204.9,2966.95,674.12,2292.83
20251001,SKU-0038,Personal Care,North,Wholesale,135.5,1962.04,445.8,1516.24
20251101,SKU-0038,Personal Care,North,Wholesale,196.6,2846.77,646.81,2199.96
20251201,SKU-0038,Personal Care,North,Wholesale,208.8,3023.42,686.95,2336.47
20260101,SKU-0038,Personal Care,North,Wholesale,158.5,2295.08,521.46,1773.62
20260201,SKU-0038,Personal Care,North,Wholesale,181.4,2626.67,596.81,2029.86
20260301,SKU-0038,Personal Care,North,Wholesale,190.1,2752.65,625.43,2127.22
20260401,SKU-0038,Personal Care,North,Wholesale,225.4,3263.79,741.57,2522.22
20260501,SKU-0038,Personal Care,North,Wholesale,151.1,2187.93,497.12,1690.81
20260601,SKU-0038,Personal Care,North,Wholesale,315.9,4574.23,1039.31,3534.92
20240701,SKU-0039,Confectionery,West,Wholesale,35.8,166.83,41.89,124.94
20240801,SKU-0039,Confectionery,West,Wholesale,73.1,340.65,85.53,255.12
20240901,SKU-0039,Confectionery,West,Wholesale,11.6,54.06,13.57,40.49
20241001,SKU-0039,Confectionery,West,Wholesale,70.5,328.53,82.48,246.05
20241101,SKU-0039,Confectionery,West,Wholesale,41.8,194.79,48.91,145.88
20241201,SKU-0039,Confectionery,West,Wholesale,66.3,308.96,77.57,231.39
20250101,SKU-0039,Confectionery,West,Wholesale,57.4,267.48,67.16,200.32
20250201,SKU-0039,Confectionery,West,Wholesale,67.9,316.41,79.44,236.97
20250301,SKU-0039,Confectionery,West,Wholesale,52.9,246.51,61.89,184.62
20250401,SKU-0039,Confectionery,West,Wholesale,15.8,73.63,18.49,55.14
20250501,SKU-0039,Confectionery,West,Wholesale,41.7,194.32,48.79,145.53
20250601,SKU-0039,Confectionery,West,Wholesale,51.5,239.99,60.26,179.73
20250701,SKU-0039,Confectionery,West,Wholesale,55.4,258.16,64.82,193.34
20250801,SKU-0039,Confectionery,West,Wholesale,61.8,287.99,72.31,215.68
20250901,SKU-0039,Confectionery,West,Wholesale,70.6,329.0,82.6,246.4
20251001,SKU-0039,Confectionery,West,Wholesale,11.9,55.45,13.92,41.53
20251101,SKU-0039,Confectionery,West,Wholesale,62.6,291.72,73.24,218.48
20251201,SKU-0039,Confectionery,West,Wholesale,66.8,311.29,78.16,233.13
20260101,SKU-0039,Confectionery,West,Wholesale,49.2,229.27,57.56,171.71
20260201,SKU-0039,Confectionery,West,Wholesale,28.6,133.28,33.46,99.82
20260301,SKU-0039,Confectionery,West,Wholesale,31.6,147.26,36.97,110.29
20260401,SKU-0039,Confectionery,West,Wholesale,97.3,453.42,113.84,339.58
20260501,SKU-0039,Confectionery,West,Wholesale,35.1,163.57,41.07,122.5
20260601,SKU-0039,Confectionery,West,Wholesale,16.8,78.29,19.66,58.63
20240701,SKU-0040,Pantry,West,Wholesale,52.2,270.92,91.87,179.05
20240801,SKU-0040,Pantry,West,Wholesale,160.1,830.92,281.78,549.14
20240901,SKU-0040,Pantry,West,Wholesale,143.8,746.32,253.09,493.23
20241001,SKU-0040,Pantry,West,Wholesale,116.8,606.19,205.57,400.62
20241101,SKU-0040,Pantry,West,Wholesale,41.8,216.94,73.57,143.37
20241201,SKU-0040,Pantry,West,Wholesale,136.7,709.47,240.59,468.88
20250101,SKU-0040,Pantry,West,Wholesale,118.9,617.09,209.26,407.83
20250201,SKU-0040,Pantry,West,Wholesale,171.4,889.57,301.66,587.91
20250301,SKU-0040,Pantry,West,Wholesale,134.9,700.13,237.42,462.71
20250401,SKU-0040,Pantry,West,Wholesale,212.3,1101.84,373.65,728.19
20250501,SKU-0040,Pantry,West,Wholesale,166.1,862.06,292.34,569.72
20250601,SKU-0040,Pantry,West,Wholesale,160.7,834.03,282.83,551.2
20250701,SKU-0040,Pantry,West,Wholesale,293.0,1520.67,515.68,1004.99
20250801,SKU-0040,Pantry,West,Wholesale,44.7,231.99,78.67,153.32
20250901,SKU-0040,Pantry,West,Wholesale,101.6,527.3,178.82,348.48
20251001,SKU-0040,Pantry,West,Wholesale,180.5,936.8,317.68,619.12
20251101,SKU-0040,Pantry,West,Wholesale,191.0,991.29,336.16,655.13
20251201,SKU-0040,Pantry,West,Wholesale,199.6,1035.92,351.3,684.62
20260101,SKU-0040,Pantry,West,Wholesale,178.9,928.49,314.86,613.63
20260201,SKU-0040,Pantry,West,Wholesale,233.4,1211.35,410.78,800.57
20260301,SKU-0040,Pantry,West,Wholesale,81.3,421.95,143.09,278.86
20260401,SKU-0040,Pantry,West,Wholesale,202.0,1048.38,355.52,692.86
20260501,SKU-0040,Pantry,West,Wholesale,89.2,462.95,156.99,305.96
20260601,SKU-0040,Pantry,West,Wholesale,136.4,707.92,240.06,467.86
20240701,SKU-0041,Beverages,North,Wholesale,69.4,412.93,133.94,278.99
20240801,SKU-0041,Beverages,North,Wholesale,21.6,128.52,41.69,86.83
20240901,SKU-0041,Beverages,North,Wholesale,36.2,215.39,69.87,145.52
20241001,SKU-0041,Beverages,North,Wholesale,23.0,136.85,44.39,92.46
20241101,SKU-0041,Beverages,North,Wholesale,35.3,210.04,68.13,141.91
20241201,SKU-0041,Beverages,North,Wholesale,62.6,372.47,120.82,251.65
20250101,SKU-0041,Beverages,North,Wholesale,113.1,672.94,218.28,454.66
20250201,SKU-0041,Beverages,North,Wholesale,90.2,536.69,174.09,362.6
20250301,SKU-0041,Beverages,North,Wholesale,85.5,508.72,165.02,343.7
20250401,SKU-0041,Beverages,North,Wholesale,94.1,559.9,181.61,378.29
20250501,SKU-0041,Beverages,North,Wholesale,76.4,454.58,147.45,307.13
20250601,SKU-0041,Beverages,North,Wholesale,74.1,440.9,143.01,297.89
20250701,SKU-0041,Beverages,North,Wholesale,51.2,304.64,98.82,205.82
20250801,SKU-0041,Beverages,North,Wholesale,45.3,269.53,87.43,182.1
20250901,SKU-0041,Beverages,North,Wholesale,42.6,253.47,82.22,171.25
20251001,SKU-0041,Beverages,North,Wholesale,76.8,456.96,148.22,308.74
20251101,SKU-0041,Beverages,North,Wholesale,41.5,246.92,80.1,166.82
20251201,SKU-0041,Beverages,North,Wholesale,108.0,642.6,208.44,434.16
20260101,SKU-0041,Beverages,North,Wholesale,88.4,525.98,170.61,355.37
20260201,SKU-0041,Beverages,North,Wholesale,59.0,351.05,113.87,237.18
20260301,SKU-0041,Beverages,North,Wholesale,106.7,634.86,205.93,428.93
20260401,SKU-0041,Beverages,North,Wholesale,79.8,474.81,154.01,320.8
20260501,SKU-0041,Beverages,North,Wholesale,34.1,202.9,65.81,137.09
20260601,SKU-0041,Beverages,North,Wholesale,65.2,387.94,125.84,262.1
20240701,SKU-0042,Snacks,North,Online,489.5,2134.22,440.55,1693.67
20240801,SKU-0042,Snacks,North,Online,443.6,1934.1,399.24,1534.86
20240901,SKU-0042,Snacks,North,Online,470.7,2052.25,423.63,1628.62
20241001,SKU-0042,Snacks,North,Online,739.4,3223.78,665.46,2558.32
20241101,SKU-0042,Snacks,North,Online,137.5,599.5,123.75,475.75
20241201,SKU-0042,Snacks,North,Online,114.2,497.91,102.78,395.13
20250101,SKU-0042,Snacks,North,Online,680.5,2966.98,612.45,2354.53
20250201,SKU-0042,Snacks,North,Online,447.8,1952.41,403.02,1549.39
20250301,SKU-0042,Snacks,North,Online,350.3,1527.31,315.27,1212.04
20250401,SKU-0042,Snacks,North,Online,538.1,2346.12,484.29,1861.83
20250501,SKU-0042,Snacks,North,Online,585.4,2552.34,526.86,2025.48
20250601,SKU-0042,Snacks,North,Online,598.1,2607.72,538.29,2069.43
20250701,SKU-0042,Snacks,North,Online,427.6,1864.34,384.84,1479.5
20250801,SKU-0042,Snacks,North,Online,429.5,1872.62,386.55,1486.07
20250901,SKU-0042,Snacks,North,Online,571.7,2492.61,514.53,1978.08
20251001,SKU-0042,Snacks,North,Online,451.0,1966.36,405.9,1560.46
20251101,SKU-0042,Snacks,North,Online,649.7,2832.69,584.73,2247.96
20251201,SKU-0042,Snacks,North,Online,781.4,3406.9,703.26,2703.64
20260101,SKU-0042,Snacks,North,Online,776.7,3386.41,699.03,2687.38
20260201,SKU-0042,Snacks,North,Online,268.9,1172.4,242.01,930.39
20260301,SKU-0042,Snacks,North,Online,630.2,2747.67,567.18,2180.49
20260401,SKU-0042,Snacks,North,Online,562.9,2454.24,506.61,1947.63
20260501,SKU-0042,Snacks,North,Online,559.7,2440.29,503.73,1936.56
20260601,SKU-0042,Snacks,North,Online,359.1,1565.68,323.19,1242.49
20240701,SKU-0043,Dairy,Central,Online,99.4,473.14,126.24,346.9
20240801,SKU-0043,Dairy,Central,Online,87.3,415.55,110.87,304.68
20240901,SKU-0043,Dairy,Central,Online,61.3,291.79,77.85,213.94
20241001,SKU-0043,Dairy,Central,Online,75.6,359.86,96.01,263.85
20241101,SKU-0043,Dairy,Central,Online,57.3,272.75,72.77,199.98
20241201,SKU-0043,Dairy,Central,Online,49.0,233.24,62.23,171.01
20250101,SKU-0043,Dairy,Central,Online,60.3,287.03,76.58,210.45
20250201,SKU-0043,Dairy,Central,Online,45.4,216.1,57.66,158.44
20250301,SKU-0043,Dairy,Central,Online,63.1,300.36,80.14,220.22
20250401,SKU-0043,Dairy,Central,Online,53.0,252.28,67.31,184.97
20250501,SKU-0043,Dairy,Central,Online,86.5,411.74,109.86,301.88
20250601,SKU-0043,Dairy,Central,Online,63.2,300.83,80.26,220.57
20250701,SKU-0043,Dairy,Central,Online,76.1,362.24,96.65,265.59
20250801,SKU-0043,Dairy,Central,Online,104.0,495.04,132.08,362.96
20250901,SKU-0043,Dairy,Central,Online,89.4,425.54,113.54,312.0
20251001,SKU-0043,Dairy,Central,Online,104.5,497.42,132.72,364.7
20251101,SKU-0043,Dairy,Central,Online,79.0,376.04,100.33,275.71
20251201,SKU-0043,Dairy,Central,Online,46.3,220.39,58.8,161.59
20260101,SKU-0043,Dairy,Central,Online,81.5,387.94,103.5,284.44
20260201,SKU-0043,Dairy,Central,Online,58.2,277.03,73.91,203.12
20260301,SKU-0043,Dairy,Central,Online,80.3,382.23,101.98,280.25
20260401,SKU-0043,Dairy,Central,Online,84.9,404.12,107.82,296.3
20260501,SKU-0043,Dairy,Central,Online,79.8,379.85,101.35,278.5
20260601,SKU-0043,Dairy,Central,Online,75.7,360.33,96.14,264.19
20240701,SKU-0044,Frozen,East,Wholesale,284.5,2540.58,674.26,1866.32
20240801,SKU-0044,Frozen,East,Wholesale,169.7,1515.42,402.19,1113.23
20240901,SKU-0044,Frozen,East,Wholesale,223.9,1999.43,530.64,1468.79
20241001,SKU-0044,Frozen,East,Wholesale,262.1,2340.55,621.18,1719.37
20241101,SKU-0044,Frozen,East,Wholesale,289.5,2585.24,686.12,1899.12
20241201,SKU-0044,Frozen,East,Wholesale,199.1,1777.96,471.87,1306.09
20250101,SKU-0044,Frozen,East,Wholesale,206.4,1843.15,489.17,1353.98
20250201,SKU-0044,Frozen,East,Wholesale,315.0,2812.95,746.55,2066.4
20250301,SKU-0044,Frozen,East,Wholesale,288.3,2574.52,683.27,1891.25
20250401,SKU-0044,Frozen,East,Wholesale,193.9,1731.53,459.54,1271.99
20250501,SKU-0044,Frozen,East,Wholesale,316.7,2828.13,750.58,2077.55
20250601,SKU-0044,Frozen,East,Wholesale,152.1,1358.25,360.48,997.77
20250701,SKU-0044,Frozen,East,Wholesale,201.3,1797.61,477.08,1320.53
20250801,SKU-0044,Frozen,East,Wholesale,312.0,2786.16,739.44,2046.72
20250901,SKU-0044,Frozen,East,Wholesale,369.8,3302.31,876.43,2425.88
20251001,SKU-0044,Frozen,East,Wholesale,211.0,1884.23,500.07,1384.16
20251101,SKU-0044,Frozen,East,Wholesale,170.3,1520.78,403.61,1117.17
20251201,SKU-0044,Frozen,East,Wholesale,186.6,1666.34,442.24,1224.1
20260101,SKU-0044,Frozen,East,Wholesale,305.0,2723.65,722.85,2000.8
20260201,SKU-0044,Frozen,East,Wholesale,318.3,2842.42,754.37,2088.05
20260301,SKU-0044,Frozen,East,Wholesale,223.6,1996.75,529.93,1466.82
20260401,SKU-0044,Frozen,East,Wholesale,269.3,2404.85,638.24,1766.61
20260501,SKU-0044,Frozen,East,Wholesale,316.5,2826.34,750.1,2076.24
20260601,SKU-0044,Frozen,East,Wholesale,282.3,2520.94,669.05,1851.89
20240701,SKU-0045,Household,West,Online,116.1,818.5,311.15,507.35
20240801,SKU-0045,Household,West,Online,93.5,659.18,250.58,408.6
20240901,SKU-0045,Household,West,Online,101.6,716.28,272.29,443.99
20241001,SKU-0045,Household,West,Online,102.0,719.1,273.36,445.74
20241101,SKU-0045,Household,West,Online,100.3,707.12,268.8,438.32
20241201,SKU-0045,Household,West,Online,97.3,685.96,260.76,425.2
20250101,SKU-0045,Household,West,Online,89.8,633.09,240.66,392.43
20250201,SKU-0045,Household,West,Online,164.9,1162.54,441.93,720.61
20250301,SKU-0045,Household,West,Online,137.5,969.38,368.5,600.88
20250401,SKU-0045,Household,West,Online,129.0,909.45,345.72,563.73
20250501,SKU-0045,Household,West,Online,149.1,1051.16,399.59,651.57
20250601,SKU-0045,Household,West,Online,117.8,830.49,315.7,514.79
20250701,SKU-0045,Household,West,Online,100.9,711.34,270.41,440.93
20250801,SKU-0045,Household,West,Online,119.0,838.95,318.92,520.03
20250901,SKU-0045,Household,West,Online,98.6,695.13,264.25,430.88
20251001,SKU-0045,Household,West,Online,118.2,833.31,316.78,516.53
20251101,SKU-0045,Household,West,Online,109.2,769.86,292.66,477.2
20251201,SKU-0045,Household,West,Online,145.6,1026.48,390.21,636.27
20260101,SKU-0045,Household,West,Online,158.3,1116.02,424.24,691.78
20260201,SKU-0045,Household,West,Online,136.9,965.14,366.89,598.25
20260301,SKU-0045,Household,West,Online,154.2,1087.11,413.26,673.85
20260401,SKU-0045,Household,West,Online,145.5,1025.77,389.94,635.83
20260501,SKU-0045,Household,West,Online,156.3,1101.92,418.88,683.04
20260601,SKU-0045,Household,West,Online,163.4,1151.97,437.91,714.06
20240701,SKU-0046,Personal Care,South,Wholesale,165.7,1932.06,642.92,1289.14
20240801,SKU-0046,Personal Care,South,Wholesale,194.8,2271.37,755.82,1515.55
20240901,SKU-0046,Personal Care,South,Wholesale,169.9,1981.03,659.21,1321.82
20241001,SKU-0046,Personal Care,South,Wholesale,163.4,1905.24,633.99,1271.25
20241101,SKU-0046,Personal Care,South,Wholesale,181.2,2112.79,703.06,1409.73
20241201,SKU-0046,Personal Care,South,Wholesale,122.3,1426.02,474.52,951.5
20250101,SKU-0046,Personal Care,South,Wholesale,155.2,1809.63,602.18,1207.45
20250201,SKU-0046,Personal Care,South,Wholesale,100.4,1170.66,389.55,781.11
20250301,SKU-0046,Personal Care,South,Wholesale,151.1,1761.83,586.27,1175.56
20250401,SKU-0046,Personal Care,South,Wholesale,118.5,1381.71,459.78,921.93
20250501,SKU-0046,Personal Care,South,Wholesale,151.3,1764.16,587.04,1177.12
20250601,SKU-0046,Personal Care,South,Wholesale,152.2,1774.65,590.54,1184.11
20250701,SKU-0046,Personal Care,South,Wholesale,145.6,1697.7,564.93,1132.77
20250801,SKU-0046,Personal Care,South,Wholesale,188.0,2192.08,729.44,1462.64
20250901,SKU-0046,Personal Care,South,Wholesale,153.7,1792.14,596.36,1195.78
20251001,SKU-0046,Personal Care,South,Wholesale,211.4,2464.92,820.23,1644.69
20251101,SKU-0046,Personal Care,South,Wholesale,184.4,2150.1,715.47,1434.63
20251201,SKU-0046,Personal Care,South,Wholesale,159.3,1857.44,618.08,1239.36
20260101,SKU-0046,Personal Care,South,Wholesale,158.5,1848.11,614.98,1233.13
20260201,SKU-0046,Personal Care,South,Wholesale,150.5,1754.83,583.94,1170.89
20260301,SKU-0046,Personal Care,South,Wholesale,182.5,2127.95,708.1,1419.85
20260401,SKU-0046,Personal Care,South,Wholesale,177.9,2074.31,690.25,1384.06
20260501,SKU-0046,Personal Care,South,Wholesale,157.1,1831.79,609.55,1222.24
20260601,SKU-0046,Personal Care,South,Wholesale,222.5,2594.35,863.3,1731.05
20240701,SKU-0047,Confectionery,North,Wholesale,46.3,186.13,36.11,150.02
20240801,SKU-0047,Confectionery,North,Wholesale,58.1,233.56,45.32,188.24
20240901,SKU-0047,Confectionery,North,Wholesale,92.2,370.64,71.92,298.72
20241001,SKU-0047,Confectionery,North,Wholesale,103.3,415.27,80.57,334.7
20241101,SKU-0047,Confectionery,North,Wholesale,119.9,482.0,93.52,388.48
20241201,SKU-0047,Confectionery,North,Wholesale,100.1,402.4,78.08,324.32
20250101,SKU-0047,Confectionery,North,Wholesale,99.3,399.19,77.45,321.74
20250201,SKU-0047,Confectionery,North,Wholesale,100.5,404.01,78.39,325.62
20250301,SKU-0047,Confectionery,North,Wholesale,119.8,481.6,93.44,388.16
20250401,SKU-0047,Confectionery,North,Wholesale,150.8,606.22,117.62,488.6
20250501,SKU-0047,Confectionery,North,Wholesale,83.9,337.28,65.44,271.84
20250601,SKU-0047,Confectionery,North,Wholesale,66.7,268.13,52.03,216.1
20250701,SKU-0047,Confectionery,North,Wholesale,85.1,342.1,66.38,275.72
20250801,SKU-0047,Confectionery,North,Wholesale,113.5,456.27,88.53,367.74
20250901,SKU-0047,Confectionery,North,Wholesale,101.6,408.43,79.25,329.18
20251001,SKU-0047,Confectionery,North,Wholesale,114.6,460.69,89.39,371.3
20251101,SKU-0047,Confectionery,North,Wholesale,70.1,281.8,54.68,227.12
20251201,SKU-0047,Confectionery,North,Wholesale,129.9,522.2,101.32,420.88
20260101,SKU-0047,Confectionery,North,Wholesale,144.7,581.69,112.87,468.82
20260201,SKU-0047,Confectionery,North,Wholesale,57.6,231.55,44.93,186.62
20260301,SKU-0047,Confectionery,North,Wholesale,41.7,167.63,32.53,135.1
20260401,SKU-0047,Confectionery,North,Wholesale,99.3,399.19,77.45,321.74
20260501,SKU-0047,Confectionery,North,Wholesale,62.0,249.24,48.36,200.88
20260601,SKU-0047,Confectionery,North,Wholesale,72.2,290.24,56.32,233.92
20240701,SKU-0048,Pantry,North,Wholesale,272.0,1020.0,320.96,699.04
20240801,SKU-0048,Pantry,North,Wholesale,224.2,840.75,264.56,576.19
20240901,SKU-0048,Pantry,North,Wholesale,273.8,1026.75,323.08,703.67
20241001,SKU-0048,Pantry,North,Wholesale,182.0,682.5,214.76,467.74
20241101,SKU-0048,Pantry,North,Wholesale,222.3,833.62,262.31,571.31
20241201,SKU-0048,Pantry,North,Wholesale,209.6,786.0,247.33,538.67
20250101,SKU-0048,Pantry,North,Wholesale,148.4,556.5,175.11,381.39
20250201,SKU-0048,Pantry,North,Wholesale,135.5,508.12,159.89,348.23
20250301,SKU-0048,Pantry,North,Wholesale,171.2,642.0,202.02,439.98
20250401,SKU-0048,Pantry,North,Wholesale,158.5,594.38,187.03,407.35
20250501,SKU-0048,Pantry,North,Wholesale,306.4,1149.0,361.55,787.45
20250601,SKU-0048,Pantry,North,Wholesale,219.0,821.25,258.42,562.83
20250701,SKU-0048,Pantry,North,Wholesale,319.2,1197.0,376.66,820.34
20250801,SKU-0048,Pantry,North,Wholesale,204.0,765.0,240.72,524.28
20250901,SKU-0048,Pantry,North,Wholesale,162.7,610.12,191.99,418.13
20251001,SKU-0048,Pantry,North,Wholesale,190.6,714.75,224.91,489.84
20251101,SKU-0048,Pantry,North,Wholesale,124.9,468.38,147.38,321.0
20251201,SKU-0048,Pantry,North,Wholesale,228.4,856.5,269.51,586.99
20260101,SKU-0048,Pantry,North,Wholesale,227.1,851.62,267.98,583.64
20260201,SKU-0048,Pantry,North,Wholesale,261.3,979.88,308.33,671.55
20260301,SKU-0048,Pantry,North,Wholesale,121.4,455.25,143.25,312.0
20260401,SKU-0048,Pantry,North,Wholesale,330.9,1240.88,390.46,850.42
20260501,SKU-0048,Pantry,North,Wholesale,188.8,708.0,222.78,485.22
20260601,SKU-0048,Pantry,North,Wholesale,376.8,1413.0,444.62,968.38
20240701,SKU-0049,Beverages,Central,Wholesale,127.4,963.14,310.86,652.28
20240801,SKU-0049,Beverages,Central,Wholesale,136.8,1034.21,333.79,700.42
20240901,SKU-0049,Beverages,Central,Wholesale,133.4,1008.5,325.5,683.0
20241001,SKU-0049,Beverages,Central,Wholesale,131.4,993.38,320.62,672.76
20241101,SKU-0049,Beverages,Central,Wholesale,164.9,1246.64,402.36,844.28
20241201,SKU-0049,Beverages,Central,Wholesale,188.5,1425.06,459.94,965.12
20250101,SKU-0049,Beverages,Central,Wholesale,280.1,2117.56,683.44,1434.12
20250201,SKU-0049,Beverages,Central,Wholesale,260.2,1967.11,634.89,1332.22
20250301,SKU-0049,Beverages,Central,Wholesale,180.3,1363.07,439.93,923.14
20250401,SKU-0049,Beverages,Central,Wholesale,225.4,1704.02,549.98,1154.04
20250501,SKU-0049,Beverages,Central,Wholesale,141.9,1072.76,346.24,726.52
20250601,SKU-0049,Beverages,Central,Wholesale,239.3,1809.11,583.89,1225.22
20250701,SKU-0049,Beverages,Central,Wholesale,223.2,1687.39,544.61,1142.78
20250801,SKU-0049,Beverages,Central,Wholesale,135.3,1022.87,330.13,692.74
20250901,SKU-0049,Beverages,Central,Wholesale,139.3,1053.11,339.89,713.22
20251001,SKU-0049,Beverages,Central,Wholesale,203.3,1536.95,496.05,1040.9
20251101,SKU-0049,Beverages,Central,Wholesale,236.6,1788.7,577.3,1211.4
20251201,SKU-0049,Beverages,Central,Wholesale,274.2,2072.95,669.05,1403.9
20260101,SKU-0049,Beverages,Central,Wholesale,286.5,2165.94,699.06,1466.88
20260201,SKU-0049,Beverages,Central,Wholesale,376.8,2848.61,919.39,1929.22
20260301,SKU-0049,Beverages,Central,Wholesale,231.9,1753.16,565.84,1187.32
20260401,SKU-0049,Beverages,Central,Wholesale,191.9,1450.76,468.24,982.52
20260501,SKU-0049,Beverages,Central,Wholesale,232.2,1755.43,566.57,1188.86
20260601,SKU-0049,Beverages,Central,Wholesale,331.7,2507.65,809.35,1698.3
20240701,SKU-0050,Snacks,South,Wholesale,73.0,260.61,71.54,189.07
20240801,SKU-0050,Snacks,South,Wholesale,17.3,61.76,16.95,44.81
20240901,SKU-0050,Snacks,South,Wholesale,71.6,255.61,70.17,185.44
20241001,SKU-0050,Snacks,South,Wholesale,39.0,139.23,38.22,101.01
20241101,SKU-0050,Snacks,South,Wholesale,25.3,90.32,24.79,65.53
20241201,SKU-0050,Snacks,South,Wholesale,60.2,214.91,59.0,155.91
20250101,SKU-0050,Snacks,South,Wholesale,0.0,0.0,0.0,0.0
20250201,SKU-0050,Snacks,South,Wholesale,40.1,143.16,39.3,103.86
20250301,SKU-0050,Snacks,South,Wholesale,53.4,190.64,52.33,138.31
20250401,SKU-0050,Snacks,South,Wholesale,36.0,128.52,35.28,93.24
20250501,SKU-0050,Snacks,South,Wholesale,42.2,150.65,41.36,109.29
20250601,SKU-0050,Snacks,South,Wholesale,36.9,131.73,36.16,95.57
20250701,SKU-0050,Snacks,South,Wholesale,52.0,185.64,50.96,134.68
20250801,SKU-0050,Snacks,South,Wholesale,54.0,192.78,52.92,139.86
20250901,SKU-0050,Snacks,South,Wholesale,46.2,164.93,45.28,119.65
20251001,SKU-0050,Snacks,South,Wholesale,66.3,236.69,64.97,171.72
20251101,SKU-0050,Snacks,South,Wholesale,79.0,282.03,77.42,204.61
20251201,SKU-0050,Snacks,South,Wholesale,26.3,93.89,25.77,68.12
20260101,SKU-0050,Snacks,South,Wholesale,45.3,161.72,44.39,117.33
20260201,SKU-0050,Snacks,South,Wholesale,95.2,339.86,93.3,246.56
20260301,SKU-0050,Snacks,South,Wholesale,89.2,318.44,87.42,231.02
20260401,SKU-0050,Snacks,South,Wholesale,35.5,126.74,34.79,91.95
20260501,SKU-0050,Snacks,South,Wholesale,48.8,174.22,47.82,126.4
20260601,SKU-0050,Snacks,South,Wholesale,26.2,93.53,25.68,67.85
20240701,SKU-0051,Dairy,Central,Retail,86.7,354.6,139.59,215.01
20240801,SKU-0051,Dairy,Central,Retail,104.3,426.59,167.92,258.67
20240901,SKU-0051,Dairy,Central,Retail,44.0,179.96,70.84,109.12
20241001,SKU-0051,Dairy,Central,Retail,61.7,252.35,99.34,153.01
20241101,SKU-0051,Dairy,Central,Retail,44.7,182.82,71.97,110.85
20241201,SKU-0051,Dairy,Central,Retail,54.0,220.86,86.94,133.92
20250101,SKU-0051,Dairy,Central,Retail,64.5,263.8,103.85,159.95
20250201,SKU-0051,Dairy,Central,Retail,31.4,128.43,50.55,77.88
20250301,SKU-0051,Dairy,Central,Retail,50.4,206.14,81.14,125.0
20250401,SKU-0051,Dairy,Central,Retail,32.8,134.15,52.81,81.34
20250501,SKU-0051,Dairy,Central,Retail,79.9,326.79,128.64,198.15
20250601,SKU-0051,Dairy,Central,Retail,102.3,418.41,164.7,253.71
20250701,SKU-0051,Dairy,Central,Retail,78.5,321.06,126.38,194.68
20250801,SKU-0051,Dairy,Central,Retail,54.3,222.09,87.42,134.67
20250901,SKU-0051,Dairy,Central,Retail,61.9,253.17,99.66,153.51
20251001,SKU-0051,Dairy,Central,Retail,81.8,334.56,131.7,202.86
20251101,SKU-0051,Dairy,Central,Retail,68.5,280.16,110.29,169.87
20251201,SKU-0051,Dairy,Central,Retail,56.5,231.08,90.96,140.12
20260101,SKU-0051,Dairy,Central,Retail,66.0,269.94,106.26,163.68
20260201,SKU-0051,Dairy,Central,Retail,67.0,274.03,107.87,166.16
20260301,SKU-0051,Dairy,Central,Retail,33.2,135.79,53.45,82.34
20260401,SKU-0051,Dairy,Central,Retail,68.3,279.35,109.96,169.39
20260501,SKU-0051,Dairy,Central,Retail,78.3,320.25,126.06,194.19
20260601,SKU-0051,Dairy,Central,Retail,81.3,332.52,130.89,201.63
20240701,SKU-0052,Frozen,Central,Retail,260.3,2566.56,809.53,1757.03
20240801,SKU-0052,Frozen,Central,Retail,397.6,3920.34,1236.54,2683.8
20240901,SKU-0052,Frozen,Central,Retail,222.5,2193.85,691.98,1501.87
20241001,SKU-0052,Frozen,Central,Retail,299.8,2956.03,932.38,2023.65
20241101,SKU-0052,Frozen,Central,Retail,195.1,1923.69,606.76,1316.93
20241201,SKU-0052,Frozen,Central,Retail,247.3,2438.38,769.1,1669.28
20250101,SKU-0052,Frozen,Central,Retail,237.9,2345.69,739.87,1605.82
20250201,SKU-0052,Frozen,Central,Retail,120.7,1190.1,375.38,814.72
20250301,SKU-0052,Frozen,Central,Retail,312.3,3079.28,971.25,2108.03
20250401,SKU-0052,Frozen,Central,Retail,397.8,3922.31,1237.16,2685.15
20250501,SKU-0052,Frozen,Central,Retail,314.4,3099.98,977.78,2122.2
20250601,SKU-0052,Frozen,Central,Retail,211.2,2082.43,656.83,1425.6
20250701,SKU-0052,Frozen,Central,Retail,332.0,3273.52,1032.52,2241.0
20250801,SKU-0052,Frozen,Central,Retail,422.2,4162.89,1313.04,2849.85
20250901,SKU-0052,Frozen,Central,Retail,451.1,4447.85,1402.92,3044.93
20251001,SKU-0052,Frozen,Central,Retail,407.3,4015.98,1266.7,2749.28
20251101,SKU-0052,Frozen,Central,Retail,242.8,2394.01,755.11,1638.9
20251201,SKU-0052,Frozen,Central,Retail,363.7,3586.08,1131.11,2454.97
20260101,SKU-0052,Frozen,Central,Retail,350.2,3452.97,1089.12,2363.85
20260201,SKU-0052,Frozen,Central,Retail,336.4,3316.9,1046.2,2270.7
20260301,SKU-0052,Frozen,Central,Retail,357.4,3523.96,1111.51,2412.45
20260401,SKU-0052,Frozen,Central,Retail,243.7,2402.88,757.91,1644.97
20260501,SKU-0052,Frozen,Central,Retail,414.0,4082.04,1287.54,2794.5
20260601,SKU-0052,Frozen,Central,Retail,381.1,3757.65,1185.22,2572.43
20240701,SKU-0053,Household,Central,Wholesale,72.0,739.44,182.16,557.28
20240801,SKU-0053,Household,Central,Wholesale,74.3,763.06,187.98,575.08
20240901,SKU-0053,Household,Central,Wholesale,62.5,641.88,158.12,483.76
20241001,SKU-0053,Household,Central,Wholesale,48.2,495.01,121.95,373.06
20241101,SKU-0053,Household,Central,Wholesale,43.6,447.77,110.31,337.46
20241201,SKU-0053,Household,Central,Wholesale,88.1,904.79,222.89,681.9
20250101,SKU-0053,Household,Central,Wholesale,113.0,1160.51,285.89,874.62
20250201,SKU-0053,Household,Central,Wholesale,73.0,749.71,184.69,565.02
20250301,SKU-0053,Household,Central,Wholesale,65.9,676.79,166.73,510.06
20250401,SKU-0053,Household,Central,Wholesale,49.1,504.26,124.22,380.04
20250501,SKU-0053,Household,Central,Wholesale,82.4,846.25,208.47,637.78
20250601,SKU-0053,Household,Central,Wholesale,28.4,291.67,71.85,219.82
20250701,SKU-0053,Household,Central,Wholesale,94.8,973.6,239.84,733.76
20250801,SKU-0053,Household,Central,Wholesale,84.4,866.79,213.53,653.26
20250901,SKU-0053,Household,Central,Wholesale,54.7,561.77,138.39,423.38
20251001,SKU-0053,Household,Central,Wholesale,58.4,599.77,147.75,452.02
20251101,SKU-0053,Household,Central,Wholesale,83.8,860.63,212.01,648.62
20251201,SKU-0053,Household,Central,Wholesale,130.0,1335.1,328.9,1006.2
20260101,SKU-0053,Household,Central,Wholesale,70.8,727.12,179.12,548.0
20260201,SKU-0053,Household,Central,Wholesale,78.6,807.22,198.86,608.36
20260301,SKU-0053,Household,Central,Wholesale,79.8,819.55,201.89,617.66
20260401,SKU-0053,Household,Central,Wholesale,79.0,811.33,199.87,611.46
20260501,SKU-0053,Household,Central,Wholesale,84.5,867.82,213.78,654.04
20260601,SKU-0053,Household,Central,Wholesale,51.2,525.82,129.54,396.28
20240701,SKU-0054,Personal Care,Central,Online,391.4,5518.74,1906.12,3612.62
20240801,SKU-0054,Personal Care,Central,Online,259.8,3663.18,1265.23,2397.95
20240901,SKU-0054,Personal Care,Central,Online,293.1,4132.71,1427.4,2705.31
20241001,SKU-0054,Personal Care,Central,Online,199.3,2810.13,970.59,1839.54
20241101,SKU-0054,Personal Care,Central,Online,216.3,3049.83,1053.38,1996.45
20241201,SKU-0054,Personal Care,Central,Online,269.8,3804.18,1313.93,2490.25
20250101,SKU-0054,Personal Care,Central,Online,162.7,2294.07,792.35,1501.72
20250201,SKU-0054,Personal Care,Central,Online,232.5,3278.25,1132.28,2145.97
20250301,SKU-0054,Personal Care,Central,Online,284.8,4015.68,1386.98,2628.7
20250401,SKU-0054,Personal Care,Central,Online,397.8,5608.98,1937.29,3671.69
20250501,SKU-0054,Personal Care,Central,Online,351.5,4956.15,1711.8,3244.35
20250601,SKU-0054,Personal Care,Central,Online,317.7,4479.57,1547.2,2932.37
20250701,SKU-0054,Personal Care,Central,Online,260.7,3675.87,1269.61,2406.26
20250801,SKU-0054,Personal Care,Central,Online,342.4,4827.84,1667.49,3160.35
20250901,SKU-0054,Personal Care,Central,Online,448.7,6326.67,2185.17,4141.5
20251001,SKU-0054,Personal Care,Central,Online,212.9,3001.89,1036.82,1965.07
20251101,SKU-0054,Personal Care,Central,Online,306.1,4316.01,1490.71,2825.3
20251201,SKU-0054,Personal Care,Central,Online,333.1,4696.71,1622.2,3074.51
20260101,SKU-0054,Personal Care,Central,Online,253.9,3579.99,1236.49,2343.5
20260201,SKU-0054,Personal Care,Central,Online,289.5,4081.95,1409.86,2672.09
20260301,SKU-0054,Personal Care,Central,Online,217.8,3070.98,1060.69,2010.29
20260401,SKU-0054,Personal Care,Central,Online,201.8,2845.38,982.77,1862.61
20260501,SKU-0054,Personal Care,Central,Online,222.8,3141.48,1085.04,2056.44
20260601,SKU-0054,Personal Care,Central,Online,151.2,2131.92,736.34,1395.58
20240701,SKU-0055,Confectionery,East,Retail,111.4,349.8,119.2,230.6
20240801,SKU-0055,Confectionery,East,Retail,105.3,330.64,112.67,217.97
20240901,SKU-0055,Confectionery,East,Retail,135.5,425.47,144.99,280.48
20241001,SKU-0055,Confectionery,East,Retail,125.0,392.5,133.75,258.75
20241101,SKU-0055,Confectionery,East,Retail,132.4,415.74,141.67,274.07
20241201,SKU-0055,Confectionery,East,Retail,142.0,445.88,151.94,293.94
20250101,SKU-0055,Confectionery,East,Retail,137.0,430.18,146.59,283.59
20250201,SKU-0055,Confectionery,East,Retail,135.5,425.47,144.99,280.48
20250301,SKU-0055,Confectionery,East,Retail,150.3,471.94,160.82,311.12
20250401,SKU-0055,Confectionery,East,Retail,161.1,505.85,172.38,333.47
20250501,SKU-0055,Confectionery,East,Retail,120.9,379.63,129.36,250.27
20250601,SKU-0055,Confectionery,East,Retail,129.4,406.32,138.46,267.86
20250701,SKU-0055,Confectionery,East,Retail,117.0,367.38,125.19,242.19
20250801,SKU-0055,Confectionery,East,Retail,120.0,376.8,128.4,248.4
20250901,SKU-0055,Confectionery,East,Retail,124.4,390.62,133.11,257.51
20251001,SKU-0055,Confectionery,East,Retail,157.7,495.18,168.74,326.44
20251101,SKU-0055,Confectionery,East,Retail,141.3,443.68,151.19,292.49
20251201,SKU-0055,Confectionery,East,Retail,149.0,467.86,159.43,308.43
20260101,SKU-0055,Confectionery,East,Retail,132.7,416.68,141.99,274.69
20260201,SKU-0055,Confectionery,East,Retail,140.6,441.48,150.44,291.04
20260301,SKU-0055,Confectionery,East,Retail,148.1,465.03,158.47,306.56
20260401,SKU-0055,Confectionery,East,Retail,119.1,373.97,127.44,246.53
20260501,SKU-0055,Confectionery,East,Retail,127.9,401.61,136.85,264.76
20260601,SKU-0055,Confectionery,East,Retail,153.4,481.68,164.14,317.54
20240701,SKU-0056,Pantry,East,Wholesale,31.6,90.69,36.02,54.67
20240801,SKU-0056,Pantry,East,Wholesale,92.7,266.05,105.68,160.37
20240901,SKU-0056,Pantry,East,Wholesale,160.0,459.2,182.4,276.8
20241001,SKU-0056,Pantry,East,Wholesale,65.7,188.56,74.9,113.66
20241101,SKU-0056,Pantry,East,Wholesale,92.1,264.33,104.99,159.34
20241201,SKU-0056,Pantry,East,Wholesale,82.8,237.64,94.39,143.25
20250101,SKU-0056,Pantry,East,Wholesale,58.9,169.04,67.15,101.89
20250201,SKU-0056,Pantry,East,Wholesale,119.7,343.54,136.46,207.08
20250301,SKU-0056,Pantry,East,Wholesale,119.5,342.96,136.23,206.73
20250401,SKU-0056,Pantry,East,Wholesale,65.2,187.12,74.33,112.79
20250501,SKU-0056,Pantry,East,Wholesale,139.6,400.65,159.14,241.51
20250601,SKU-0056,Pantry,East,Wholesale,98.0,281.26,111.72,169.54
20250701,SKU-0056,Pantry,East,Wholesale,88.6,254.28,101.0,153.28
20250801,SKU-0056,Pantry,East,Wholesale,176.6,506.84,201.32,305.52
20250901,SKU-0056,Pantry,East,Wholesale,95.8,274.95,109.21,165.74
20251001,SKU-0056,Pantry,East,Wholesale,124.2,356.45,141.59,214.86
20251101,SKU-0056,Pantry,East,Wholesale,131.4,377.12,149.8,227.32
20251201,SKU-0056,Pantry,East,Wholesale,95.5,274.09,108.87,165.22
20260101,SKU-0056,Pantry,East,Wholesale,100.3,287.86,114.34,173.52
20260201,SKU-0056,Pantry,East,Wholesale,151.5,434.8,172.71,262.09
20260301,SKU-0056,Pantry,East,Wholesale,132.8,381.14,151.39,229.75
20260401,SKU-0056,Pantry,East,Wholesale,200.4,575.15,228.46,346.69
20260501,SKU-0056,Pantry,East,Wholesale,85.9,246.53,97.93,148.6
20260601,SKU-0056,Pantry,East,Wholesale,138.7,398.07,158.12,239.95
20240701,SKU-0057,Beverages,North,Wholesale,86.8,609.34,158.84,450.5
20240801,SKU-0057,Beverages,North,Wholesale,66.4,466.13,121.51,344.62
20240901,SKU-0057,Beverages,North,Wholesale,63.3,444.37,115.84,328.53
20241001,SKU-0057,Beverages,North,Wholesale,82.3,577.75,150.61,427.14
20241101,SKU-0057,Beverages,North,Wholesale,73.0,512.46,133.59,378.87
20241201,SKU-0057,Beverages,North,Wholesale,90.6,636.01,165.8,470.21
20250101,SKU-0057,Beverages,North,Wholesale,89.6,628.99,163.97,465.02
20250201,SKU-0057,Beverages,North,Wholesale,119.6,839.59,218.87,620.72
20250301,SKU-0057,Beverages,North,Wholesale,128.8,904.18,235.7,668.48
20250401,SKU-0057,Beverages,North,Wholesale,121.5,852.93,222.34,630.59
20250501,SKU-0057,Beverages,North,Wholesale,102.7,720.95,187.94,533.01
20250601,SKU-0057,Beverages,North,Wholesale,98.9,694.28,180.99,513.29
20250701,SKU-0057,Beverages,North,Wholesale,75.6,530.71,138.35,392.36
20250801,SKU-0057,Beverages,North,Wholesale,90.4,634.61,165.43,469.18
20250901,SKU-0057,Beverages,North,Wholesale,70.4,494.21,128.83,365.38
20251001,SKU-0057,Beverages,North,Wholesale,79.8,560.2,146.03,414.17
20251101,SKU-0057,Beverages,North,Wholesale,88.4,620.57,161.77,458.8
20251201,SKU-0057,Beverages,North,Wholesale,96.4,676.73,176.41,500.32
20260101,SKU-0057,Beverages,North,Wholesale,105.4,739.91,192.88,547.03
20260201,SKU-0057,Beverages,North,Wholesale,104.9,736.4,191.97,544.43
20260301,SKU-0057,Beverages,North,Wholesale,120.7,847.31,220.88,626.43
20260401,SKU-0057,Beverages,North,Wholesale,151.2,1061.42,276.7,784.72
20260501,SKU-0057,Beverages,North,Wholesale,109.4,767.99,200.2,567.79
20260601,SKU-0057,Beverages,North,Wholesale,92.0,645.84,168.36,477.48
20240701,SKU-0058,Snacks,West,Retail,207.3,818.84,199.01,619.83
20240801,SKU-0058,Snacks,West,Retail,67.7,267.42,64.99,202.43
20240901,SKU-0058,Snacks,West,Retail,166.4,657.28,159.74,497.54
20241001,SKU-0058,Snacks,West,Retail,127.1,502.04,122.02,380.02
20241101,SKU-0058,Snacks,West,Retail,118.4,467.68,113.66,354.02
20241201,SKU-0058,Snacks,West,Retail,159.4,629.63,153.02,476.61
20250101,SKU-0058,Snacks,West,Retail,229.8,907.71,220.61,687.1
20250201,SKU-0058,Snacks,West,Retail,116.4,459.78,111.74,348.04
20250301,SKU-0058,Snacks,West,Retail,245.7,970.52,235.87,734.65
20250401,SKU-0058,Snacks,West,Retail,101.3,400.14,97.25,302.89
20250501,SKU-0058,Snacks,West,Retail,146.9,580.26,141.02,439.24
20250601,SKU-0058,Snacks,West,Retail,50.9,201.06,48.86,152.2
20250701,SKU-0058,Snacks,West,Retail,149.5,590.52,143.52,447.0
20250801,SKU-0058,Snacks,West,Retail,106.6,421.07,102.34,318.73
20250901,SKU-0058,Snacks,West,Retail,156.2,616.99,149.95,467.04
20251001,SKU-0058,Snacks,West,Retail,140.4,554.58,134.78,419.8
20251101,SKU-0058,Snacks,West,Retail,46.7,184.47,44.83,139.64
20251201,SKU-0058,Snacks,West,Retail,166.8,658.86,160.13,498.73
20260101,SKU-0058,Snacks,West,Retail,206.4,815.28,198.14,617.14
20260201,SKU-0058,Snacks,West,Retail,267.6,1057.02,256.9,800.12
20260301,SKU-0058,Snacks,West,Retail,57.1,225.54,54.82,170.72
20260401,SKU-0058,Snacks,West,Retail,221.4,874.53,212.54,661.99
20260501,SKU-0058,Snacks,West,Retail,143.4,566.43,137.66,428.77
20260601,SKU-0058,Snacks,West,Retail,86.1,340.1,82.66,257.44
20240701,SKU-0059,Dairy,South,Retail,246.3,1123.13,362.06,761.07
20240801,SKU-0059,Dairy,South,Retail,124.2,566.35,182.57,383.78
20240901,SKU-0059,Dairy,South,Retail,198.2,903.79,291.35,612.44
20241001,SKU-0059,Dairy,South,Retail,276.4,1260.38,406.31,854.07
20241101,SKU-0059,Dairy,South,Retail,225.2,1026.91,331.04,695.87
20241201,SKU-0059,Dairy,South,Retail,235.8,1075.25,346.63,728.62
20250101,SKU-0059,Dairy,South,Retail,289.8,1321.49,426.01,895.48
20250201,SKU-0059,Dairy,South,Retail,142.2,648.43,209.03,439.4
20250301,SKU-0059,Dairy,South,Retail,139.8,637.49,205.51,431.98
20250401,SKU-0059,Dairy,South,Retail,176.2,803.47,259.01,544.46
20250501,SKU-0059,Dairy,South,Retail,136.6,622.9,200.8,422.1
20250601,SKU-0059,Dairy,South,Retail,313.1,1427.74,460.26,967.48
20250701,SKU-0059,Dairy,South,Retail,240.5,1096.68,353.54,743.14
20250801,SKU-0059,Dairy,South,Retail,305.3,1392.17,448.79,943.38
20250901,SKU-0059,Dairy,South,Retail,279.7,1275.43,411.16,864.27
20251001,SKU-0059,Dairy,South,Retail,173.2,789.79,254.6,535.19
20251101,SKU-0059,Dairy,South,Retail,165.4,754.22,243.14,511.08
20251201,SKU-0059,Dairy,South,Retail,190.5,868.68,280.03,588.65
20260101,SKU-0059,Dairy,South,Retail,183.0,834.48,269.01,565.47
20260201,SKU-0059,Dairy,South,Retail,182.8,833.57,268.72,564.85
20260301,SKU-0059,Dairy,South,Retail,199.9,911.54,293.85,617.69
20260401,SKU-0059,Dairy,South,Retail,223.6,1019.62,328.69,690.93
20260501,SKU-0059,Dairy,South,Retail,294.9,1344.74,433.5,911.24
20260601,SKU-0059,Dairy,South,Retail,363.1,1655.74,533.76,1121.98
20240701,SKU-0060,Frozen,North,Retail,173.7,1226.32,402.98,823.34
20240801,SKU-0060,Frozen,North,Retail,158.0,1115.48,366.56,748.92
20240901,SKU-0060,Frozen,North,Retail,105.5,744.83,244.76,500.07
20241001,SKU-0060,Frozen,North,Retail,190.6,1345.64,442.19,903.45
20241101,SKU-0060,Frozen,North,Retail,192.0,1355.52,445.44,910.08
20241201,SKU-0060,Frozen,North,Retail,152.3,1075.24,353.34,721.9
20250101,SKU-0060,Frozen,North,Retail,143.5,1013.11,332.92,680.19
20250201,SKU-0060,Frozen,North,Retail,131.2,926.27,304.38,621.89
20250301,SKU-0060,Frozen,North,Retail,207.4,1464.24,481.17,983.07
20250401,SKU-0060,Frozen,North,Retail,189.2,1335.75,438.94,896.81
20250501,SKU-0060,Frozen,North,Retail,196.5,1387.29,455.88,931.41
20250601,SKU-0060,Frozen,North,Retail,40.0,282.4,92.8,189.6
20250701,SKU-0060,Frozen,North,Retail,131.2,926.27,304.38,621.89
20250801,SKU-0060,Frozen,North,Retail,280.8,1982.45,651.46,1330.99
20250901,SKU-0060,Frozen,North,Retail,99.6,703.18,231.07,472.11
20251001,SKU-0060,Frozen,North,Retail,162.6,1147.96,377.23,770.73
20251101,SKU-0060,Frozen,North,Retail,83.2,587.39,193.02,394.37
20251201,SKU-0060,Frozen,North,Retail,166.2,1173.37,385.58,787.79
20260101,SKU-0060,Frozen,North,Retail,71.3,503.38,165.42,337.96
20260201,SKU-0060,Frozen,North,Retail,132.4,934.74,307.17,627.57
20260301,SKU-0060,Frozen,North,Retail,165.9,1171.25,384.89,786.36
20260401,SKU-0060,Frozen,North,Retail,148.4,1047.7,344.29,703.41
20260501,SKU-0060,Frozen,North,Retail,80.6,569.04,186.99,382.05
20260601,SKU-0060,Frozen,North,Retail,149.3,1054.06,346.38,707.68
20240701,SKU-0061,Household,Central,Wholesale,103.5,878.72,290.83,587.89
20240801,SKU-0061,Household,Central,Wholesale,62.5,530.62,175.62,355.0
20240901,SKU-0061,Household,Central,Wholesale,105.5,895.7,296.46,599.24
20241001,SKU-0061,Household,Central,Wholesale,49.3,418.56,138.53,280.03
20241101,SKU-0061,Household,Central,Wholesale,86.9,737.78,244.19,493.59
20241201,SKU-0061,Household,Central,Wholesale,95.1,807.4,267.23,540.17
20250101,SKU-0061,Household,Central,Wholesale,100.1,849.85,281.28,568.57
20250201,SKU-0061,Household,Central,Wholesale,111.3,944.94,312.75,632.19
20250301,SKU-0061,Household,Central,Wholesale,98.5,836.26,276.79,559.47
20250401,SKU-0061,Household,Central,Wholesale,122.3,1038.33,343.66,694.67
20250501,SKU-0061,Household,Central,Wholesale,164.2,1394.06,461.4,932.66
20250601,SKU-0061,Household,Central,Wholesale,120.8,1025.59,339.45,686.14
20250701,SKU-0061,Household,Central,Wholesale,131.2,1113.89,368.67,745.22
20250801,SKU-0061,Household,Central,Wholesale,62.8,533.17,176.47,356.7
20250901,SKU-0061,Household,Central,Wholesale,74.4,631.66,209.06,422.6
20251001,SKU-0061,Household,Central,Wholesale,106.4,903.34,298.98,604.36
20251101,SKU-0061,Household,Central,Wholesale,97.7,829.47,274.54,554.93
20251201,SKU-0061,Household,Central,Wholesale,133.3,1131.72,374.57,757.15
20260101,SKU-0061,Household,Central,Wholesale,106.1,900.79,298.14,602.65
20260201,SKU-0061,Household,Central,Wholesale,135.7,1152.09,381.32,770.77
20260301,SKU-0061,Household,Central,Wholesale,147.0,1248.03,413.07,834.96
20260401,SKU-0061,Household,Central,Wholesale,174.7,1483.2,490.91,992.29
20260501,SKU-0061,Household,Central,Wholesale,116.6,989.93,327.65,662.28
20260601,SKU-0061,Household,Central,Wholesale,110.7,939.84,311.07,628.77
20240701,SKU-0062,Personal Care,West,Retail,50.2,581.82,239.96,341.86
20240801,SKU-0062,Personal Care,West,Retail,24.3,281.64,116.15,165.49
20240901,SKU-0062,Personal Care,West,Retail,23.5,272.36,112.33,160.03
20241001,SKU-0062,Personal Care,West,Retail,35.0,405.65,167.3,238.35
20241101,SKU-0062,Personal Care,West,Retail,38.6,447.37,184.51,262.86
20241201,SKU-0062,Personal Care,West,Retail,44.4,514.6,212.23,302.37
20250101,SKU-0062,Personal Care,West,Retail,62.1,719.74,296.84,422.9
20250201,SKU-0062,Personal Care,West,Retail,22.9,265.41,109.46,155.95
20250301,SKU-0062,Personal Care,West,Retail,14.0,162.26,66.92,95.34
20250401,SKU-0062,Personal Care,West,Retail,16.0,185.44,76.48,108.96
20250501,SKU-0062,Personal Care,West,Retail,37.5,434.62,179.25,255.37
20250601,SKU-0062,Personal Care,West,Retail,40.1,464.76,191.68,273.08
20250701,SKU-0062,Personal Care,West,Retail,43.7,506.48,208.89,297.59
20250801,SKU-0062,Personal Care,West,Retail,35.3,409.13,168.73,240.4
20250901,SKU-0062,Personal Care,West,Retail,61.7,715.1,294.93,420.17
20251001,SKU-0062,Personal Care,West,Retail,38.4,445.06,183.55,261.51
20251101,SKU-0062,Personal Care,West,Retail,41.2,477.51,196.94,280.57
20251201,SKU-0062,Personal Care,West,Retail,43.2,500.69,206.5,294.19
20260101,SKU-0062,Personal Care,West,Retail,11.2,129.81,53.54,76.27
20260201,SKU-0062,Personal Care,West,Retail,40.5,469.4,193.59,275.81
20260301,SKU-0062,Personal Care,West,Retail,35.5,411.44,169.69,241.75
20260401,SKU-0062,Personal Care,West,Retail,50.5,585.29,241.39,343.9
20260501,SKU-0062,Personal Care,West,Retail,38.5,446.22,184.03,262.19
20260601,SKU-0062,Personal Care,West,Retail,30.2,350.02,144.36,205.66
20240701,SKU-0063,Confectionery,Central,Retail,80.4,382.7,61.91,320.79
20240801,SKU-0063,Confectionery,Central,Retail,83.8,398.89,64.53,334.36
20240901,SKU-0063,Confectionery,Central,Retail,56.2,267.51,43.27,224.24
20241001,SKU-0063,Confectionery,Central,Retail,88.0,418.88,67.76,351.12
20241101,SKU-0063,Confectionery,Central,Retail,84.8,403.65,65.3,338.35
20241201,SKU-0063,Confectionery,Central,Retail,87.8,417.93,67.61,350.32
20250101,SKU-0063,Confectionery,Central,Retail,69.4,330.34,53.44,276.9
20250201,SKU-0063,Confectionery,Central,Retail,86.5,411.74,66.6,345.14
20250301,SKU-0063,Confectionery,Central,Retail,77.0,366.52,59.29,307.23
20250401,SKU-0063,Confectionery,Central,Retail,68.8,327.49,52.98,274.51
20250501,SKU-0063,Confectionery,Central,Retail,62.8,298.93,48.36,250.57
20250601,SKU-0063,Confectionery,Central,Retail,68.4,325.58,52.67,272.91
20250701,SKU-0063,Confectionery,Central,Retail,63.1,300.36,48.59,251.77
20250801,SKU-0063,Confectionery,Central,Retail,47.2,224.67,36.34,188.33
20250901,SKU-0063,Confectionery,Central,Retail,47.6,226.58,36.65,189.93
20251001,SKU-0063,Confectionery,Central,Retail,78.6,374.14,60.52,313.62
20251101,SKU-0063,Confectionery,Central,Retail,84.7,403.17,65.22,337.95
20251201,SKU-0063,Confectionery,Central,Retail,65.4,311.3,50.36,260.94
20260101,SKU-0063,Confectionery,Central,Retail,89.8,427.45,69.15,358.3
20260201,SKU-0063,Confectionery,Central,Retail,99.1,471.72,76.31,395.41
20260301,SKU-0063,Confectionery,Central,Retail,78.6,374.14,60.52,313.62
20260401,SKU-0063,Confectionery,Central,Retail,81.7,388.89,62.91,325.98
20260501,SKU-0063,Confectionery,Central,Retail,51.5,245.14,39.66,205.48
20260601,SKU-0063,Confectionery,Central,Retail,71.0,337.96,54.67,283.29
20240701,SKU-0064,Pantry,North,Retail,69.1,310.95,101.58,209.37
20240801,SKU-0064,Pantry,North,Retail,98.3,442.35,144.5,297.85
20240901,SKU-0064,Pantry,North,Retail,84.5,380.25,124.22,256.03
20241001,SKU-0064,Pantry,North,Retail,87.8,395.1,129.07,266.03
20241101,SKU-0064,Pantry,North,Retail,52.5,236.25,77.18,159.07
20241201,SKU-0064,Pantry,North,Retail,70.8,318.6,104.08,214.52
20250101,SKU-0064,Pantry,North,Retail,32.3,145.35,47.48,97.87
20250201,SKU-0064,Pantry,North,Retail,56.1,252.45,82.47,169.98
20250301,SKU-0064,Pantry,North,Retail,98.1,441.45,144.21,297.24
20250401,SKU-0064,Pantry,North,Retail,83.0,373.5,122.01,251.49
20250501,SKU-0064,Pantry,North,Retail,156.0,702.0,229.32,472.68
20250601,SKU-0064,Pantry,North,Retail,76.6,344.7,112.6,232.1
20250701,SKU-0064,Pantry,North,Retail,110.2,495.9,161.99,333.91
20250801,SKU-0064,Pantry,North,Retail,73.8,332.1,108.49,223.61
20250901,SKU-0064,Pantry,North,Retail,91.5,411.75,134.5,277.25
20251001,SKU-0064,Pantry,North,Retail,16.2,72.9,23.81,49.09
20251101,SKU-0064,Pantry,North,Retail,78.2,351.9,114.95,236.95
20251201,SKU-0064,Pantry,North,Retail,37.9,170.55,55.71,114.84
20260101,SKU-0064,Pantry,North,Retail,68.8,309.6,101.14,208.46
20260201,SKU-0064,Pantry,North,Retail,88.7,399.15,130.39,268.76
20260301,SKU-0064,Pantry,North,Retail,88.7,399.15,130.39,268.76
20260401,SKU-0064,Pantry,North,Retail,90.2,405.9,132.59,273.31
20260501,SKU-0064,Pantry,North,Retail,137.8,620.1,202.57,417.53
20260601,SKU-0064,Pantry,North,Retail,107.9,485.55,158.61,326.94
20240701,SKU-0065,Beverages,Central,Retail,103.9,771.98,165.2,606.78
20240801,SKU-0065,Beverages,Central,Retail,116.5,865.59,185.24,680.35
20240901,SKU-0065,Beverages,Central,Retail,186.8,1387.92,297.01,1090.91
20241001,SKU-0065,Beverages,Central,Retail,114.7,852.22,182.37,669.85
20241101,SKU-0065,Beverages,Central,Retail,260.6,1936.26,414.35,1521.91
20241201,SKU-0065,Beverages,Central,Retail,139.6,1037.23,221.96,815.27
20250101,SKU-0065,Beverages,Central,Retail,339.6,2523.23,539.96,1983.27
20250201,SKU-0065,Beverages,Central,Retail,285.5,2121.26,453.95,1667.31
20250301,SKU-0065,Beverages,Central,Retail,209.8,1558.81,333.58,1225.23
20250401,SKU-0065,Beverages,Central,Retail,243.0,1805.49,386.37,1419.12
20250501,SKU-0065,Beverages,Central,Retail,327.7,2434.81,521.04,1913.77
20250601,SKU-0065,Beverages,Central,Retail,158.6,1178.4,252.17,926.23
20250701,SKU-0065,Beverages,Central,Retail,310.6,2307.76,493.85,1813.91
20250801,SKU-0065,Beverages,Central,Retail,179.2,1331.46,284.93,1046.53
20250901,SKU-0065,Beverages,Central,Retail,178.0,1322.54,283.02,1039.52
20251001,SKU-0065,Beverages,Central,Retail,305.7,2271.35,486.06,1785.29
20251101,SKU-0065,Beverages,Central,Retail,297.3,2208.94,472.71,1736.23
20251201,SKU-0065,Beverages,Central,Retail,208.5,1549.16,331.52,1217.64
20260101,SKU-0065,Beverages,Central,Retail,244.9,1819.61,389.39,1430.22
20260201,SKU-0065,Beverages,Central,Retail,460.1,3418.54,731.56,2686.98
20260301,SKU-0065,Beverages,Central,Retail,313.1,2326.33,497.83,1828.5
20260401,SKU-0065,Beverages,Central,Retail,95.5,709.56,151.84,557.72
20260501,SKU-0065,Beverages,Central,Retail,225.9,1678.44,359.18,1319.26
20260601,SKU-0065,Beverages,Central,Retail,295.5,2195.56,469.84,1725.72
20240701,SKU-0066,Snacks,South,Retail,69.6,251.95,100.92,151.03
20240801,SKU-0066,Snacks,South,Retail,89.7,324.71,130.06,194.65
20240901,SKU-0066,Snacks,South,Retail,99.5,360.19,144.28,215.91
20241001,SKU-0066,Snacks,South,Retail,117.6,425.71,170.52,255.19
20241101,SKU-0066,Snacks,South,Retail,22.9,82.9,33.2,49.7
20241201,SKU-0066,Snacks,South,Retail,128.5,465.17,186.32,278.85
20250101,SKU-0066,Snacks,South,Retail,137.6,498.11,199.52,298.59
20250201,SKU-0066,Snacks,South,Retail,138.2,500.28,200.39,299.89
20250301,SKU-0066,Snacks,South,Retail,124.0,448.88,179.8,269.08
20250401,SKU-0066,Snacks,South,Retail,135.2,489.42,196.04,293.38
20250501,SKU-0066,Snacks,South,Retail,157.5,570.15,228.38,341.77
20250601,SKU-0066,Snacks,South,Retail,114.5,414.49,166.02,248.47
20250701,SKU-0066,Snacks,South,Retail,192.6,697.21,279.27,417.94
20250801,SKU-0066,Snacks,South,Retail,200.6,726.17,290.87,435.3
20250901,SKU-0066,Snacks,South,Retail,159.7,578.11,231.56,346.55
20251001,SKU-0066,Snacks,South,Retail,175.1,633.86,253.9,379.96
20251101,SKU-0066,Snacks,South,Retail,190.3,688.89,275.94,412.95
20251201,SKU-0066,Snacks,South,Retail,171.4,620.47,248.53,371.94
20260101,SKU-0066,Snacks,South,Retail,132.2,478.56,191.69,286.87
20260201,SKU-0066,Snacks,South,Retail,161.3,583.91,233.89,350.02
20260301,SKU-0066,Snacks,South,Retail,177.0,640.74,256.65,384.09
20260401,SKU-0066,Snacks,South,Retail,148.3,536.85,215.04,321.81
20260501,SKU-0066,Snacks,South,Retail,150.3,544.09,217.94,326.15
20260601,SKU-0066,Snacks,South,Retail,79.4,287.43,115.13,172.3
20240701,SKU-0067,Dairy,Central,Wholesale,212.1,1177.16,434.8,742.36
20240801,SKU-0067,Dairy,Central,Wholesale,245.9,1364.74,504.1,860.64
20240901,SKU-0067,Dairy,Central,Wholesale,226.6,1257.63,464.53,793.1
20241001,SKU-0067,Dairy,Central,Wholesale,211.5,1173.82,433.58,740.24
20241101,SKU-0067,Dairy,Central,Wholesale,173.6,963.48,355.88,607.6
20241201,SKU-0067,Dairy,Central,Wholesale,166.0,921.3,340.3,581.0
20250101,SKU-0067,Dairy,Central,Wholesale,192.0,1065.6,393.6,672.0
20250201,SKU-0067,Dairy,Central,Wholesale,180.0,999.0,369.0,630.0
20250301,SKU-0067,Dairy,Central,Wholesale,181.9,1009.54,372.9,636.64
20250401,SKU-0067,Dairy,Central,Wholesale,211.9,1176.04,434.4,741.64
20250501,SKU-0067,Dairy,Central,Wholesale,282.9,1570.09,579.94,990.15
20250601,SKU-0067,Dairy,Central,Wholesale,242.7,1346.98,497.53,849.45
20250701,SKU-0067,Dairy,Central,Wholesale,289.1,1604.5,592.66,1011.84
20250801,SKU-0067,Dairy,Central,Wholesale,253.8,1408.59,520.29,888.3
20250901,SKU-0067,Dairy,Central,Wholesale,234.8,1303.14,481.34,821.8
20251001,SKU-0067,Dairy,Central,Wholesale,231.8,1286.49,475.19,811.3
20251101,SKU-0067,Dairy,Central,Wholesale,230.4,1278.72,472.32,806.4
20251201,SKU-0067,Dairy,Central,Wholesale,181.6,1007.88,372.28,635.6
20260101,SKU-0067,Dairy,Central,Wholesale,203.8,1131.09,417.79,713.3
20260201,SKU-0067,Dairy,Central,Wholesale,233.0,1293.15,477.65,815.5
20260301,SKU-0067,Dairy,Central,Wholesale,191.1,1060.6,391.75,668.85
20260401,SKU-0067,Dairy,Central,Wholesale,209.6,1163.28,429.68,733.6
20260501,SKU-0067,Dairy,Central,Wholesale,227.7,1263.73,466.78,796.95
20260601,SKU-0067,Dairy,Central,Wholesale,256.7,1424.68,526.23,898.45
20240701,SKU-0068,Frozen,East,Wholesale,74.2,469.69,148.4,321.29
20240801,SKU-0068,Frozen,East,Wholesale,139.5,883.04,279.0,604.04
20240901,SKU-0068,Frozen,East,Wholesale,94.7,599.45,189.4,410.05
20241001,SKU-0068,Frozen,East,Wholesale,32.5,205.72,65.0,140.72
20241101,SKU-0068,Frozen,East,Wholesale,110.5,699.46,221.0,478.46
20241201,SKU-0068,Frozen,East,Wholesale,81.5,515.9,163.0,352.9
20250101,SKU-0068,Frozen,East,Wholesale,139.2,881.14,278.4,602.74
20250201,SKU-0068,Frozen,East,Wholesale,96.1,608.31,192.2,416.11
20250301,SKU-0068,Frozen,East,Wholesale,102.3,647.56,204.6,442.96
20250401,SKU-0068,Frozen,East,Wholesale,81.8,517.79,163.6,354.19
20250501,SKU-0068,Frozen,East,Wholesale,122.4,774.79,244.8,529.99
20250601,SKU-0068,Frozen,East,Wholesale,220.9,1398.3,441.8,956.5
20250701,SKU-0068,Frozen,East,Wholesale,173.9,1100.79,347.8,752.99
20250801,SKU-0068,Frozen,East,Wholesale,168.7,1067.87,337.4,730.47
20250901,SKU-0068,Frozen,East,Wholesale,164.4,1040.65,328.8,711.85
20251001,SKU-0068,Frozen,East,Wholesale,84.0,531.72,168.0,363.72
20251101,SKU-0068,Frozen,East,Wholesale,63.3,400.69,126.6,274.09
20251201,SKU-0068,Frozen,East,Wholesale,56.3,356.38,112.6,243.78
20260101,SKU-0068,Frozen,East,Wholesale,93.9,594.39,187.8,406.59
20260201,SKU-0068,Frozen,East,Wholesale,103.3,653.89,206.6,447.29
20260301,SKU-0068,Frozen,East,Wholesale,98.4,622.87,196.8,426.07
20260401,SKU-0068,Frozen,East,Wholesale,87.8,555.77,175.6,380.17
20260501,SKU-0068,Frozen,East,Wholesale,81.4,515.26,162.8,352.46
20260601,SKU-0068,Frozen,East,Wholesale,142.2,900.13,284.4,615.73
20240701,SKU-0069,Household,South,Wholesale,244.0,2376.56,924.76,1451.8
20240801,SKU-0069,Household,South,Wholesale,254.2,2475.91,963.42,1512.49
20240901,SKU-0069,Household,South,Wholesale,194.1,1890.53,735.64,1154.89
20241001,SKU-0069,Household,South,Wholesale,174.7,1701.58,662.11,1039.47
20241101,SKU-0069,Household,South,Wholesale,199.4,1942.16,755.73,1186.43
20241201,SKU-0069,Household,South,Wholesale,291.7,2841.16,1105.54,1735.62
20250101,SKU-0069,Household,South,Wholesale,247.4,2409.68,937.65,1472.03
20250201,SKU-0069,Household,South,Wholesale,339.1,3302.83,1285.19,2017.64
20250301,SKU-0069,Household,South,Wholesale,392.2,3820.03,1486.44,2333.59
20250401,SKU-0069,Household,South,Wholesale,251.3,2447.66,952.43,1495.23
20250501,SKU-0069,Household,South,Wholesale,234.3,2282.08,888.0,1394.08
20250601,SKU-0069,Household,South,Wholesale,197.8,1926.57,749.66,1176.91
20250701,SKU-0069,Household,South,Wholesale,209.9,2044.43,795.52,1248.91
20250801,SKU-0069,Household,South,Wholesale,268.8,2618.11,1018.75,1599.36
20250901,SKU-0069,Household,South,Wholesale,202.4,1971.38,767.1,1204.28
20251001,SKU-0069,Household,South,Wholesale,259.7,2529.48,984.26,1545.22
20251101,SKU-0069,Household,South,Wholesale,343.4,3344.72,1301.49,2043.23
20251201,SKU-0069,Household,South,Wholesale,126.7,1234.06,480.19,753.87
20260101,SKU-0069,Household,South,Wholesale,226.1,2202.21,856.92,1345.29
20260201,SKU-0069,Household,South,Wholesale,454.7,4428.78,1723.31,2705.47
20260301,SKU-0069,Household,South,Wholesale,234.2,2281.11,887.62,1393.49
20260401,SKU-0069,Household,South,Wholesale,256.1,2494.41,970.62,1523.79
20260501,SKU-0069,Household,South,Wholesale,377.8,3679.77,1431.86,2247.91
20260601,SKU-0069,Household,South,Wholesale,361.5,3521.01,1370.08,2150.93
20240701,SKU-0070,Personal Care,Central,Wholesale,91.0,957.32,311.22,646.1
20240801,SKU-0070,Personal Care,Central,Wholesale,188.1,1978.81,643.3,1335.51
20240901,SKU-0070,Personal Care,Central,Wholesale,192.3,2023.0,657.67,1365.33
20241001,SKU-0070,Personal Care,Central,Wholesale,60.5,636.46,206.91,429.55
20241101,SKU-0070,Personal Care,Central,Wholesale,56.8,597.54,194.26,403.28
20241201,SKU-0070,Personal Care,Central,Wholesale,154.4,1624.29,528.05,1096.24
20250101,SKU-0070,Personal Care,Central,Wholesale,134.4,1413.89,459.65,954.24
20250201,SKU-0070,Personal Care,Central,Wholesale,85.3,897.36,291.73,605.63
20250301,SKU-0070,Personal Care,Central,Wholesale,110.8,1165.62,378.94,786.68
20250401,SKU-0070,Personal Care,Central,Wholesale,93.8,986.78,320.8,665.98
20250501,SKU-0070,Personal Care,Central,Wholesale,119.0,1251.88,406.98,844.9
20250601,SKU-0070,Personal Care,Central,Wholesale,109.2,1148.78,373.46,775.32
20250701,SKU-0070,Personal Care,Central,Wholesale,185.2,1948.3,633.38,1314.92
20250801,SKU-0070,Personal Care,Central,Wholesale,146.9,1545.39,502.4,1042.99
20250901,SKU-0070,Personal Care,Central,Wholesale,129.5,1362.34,442.89,919.45
20251001,SKU-0070,Personal Care,Central,Wholesale,141.4,1487.53,483.59,1003.94
20251101,SKU-0070,Personal Care,Central,Wholesale,198.2,2085.06,677.84,1407.22
20251201,SKU-0070,Personal Care,Central,Wholesale,156.9,1650.59,536.6,1113.99
20260101,SKU-0070,Personal Care,Central,Wholesale,54.7,575.44,187.07,388.37
20260201,SKU-0070,Personal Care,Central,Wholesale,114.0,1199.28,389.88,809.4
20260301,SKU-0070,Personal Care,Central,Wholesale,59.2,622.78,202.46,420.32
20260401,SKU-0070,Personal Care,Central,Wholesale,132.9,1398.11,454.52,943.59
20260501,SKU-0070,Personal Care,Central,Wholesale,201.8,2122.94,690.16,1432.78
20260601,SKU-0070,Personal Care,Central,Wholesale,185.0,1946.2,632.7,1313.5
20240701,SKU-0071,Confectionery,South,Online,122.8,384.36,168.24,216.12
20240801,SKU-0071,Confectionery,South,Online,127.2,398.14,174.26,223.88
20240901,SKU-0071,Confectionery,South,Online,164.6,515.2,225.5,289.7
20241001,SKU-0071,Confectionery,South,Online,75.2,235.38,103.02,132.36
20241101,SKU-0071,Confectionery,South,Online,105.8,331.15,144.95,186.2
20241201,SKU-0071,Confectionery,South,Online,159.6,499.55,218.65,280.9
20250101,SKU-0071,Confectionery,South,Online,231.5,724.6,317.16,407.44
20250201,SKU-0071,Confectionery,South,Online,141.3,442.27,193.58,248.69
20250301,SKU-0071,Confectionery,South,Online,184.2,576.55,252.35,324.2
20250401,SKU-0071,Confectionery,South,Online,41.9,131.15,57.4,73.75
20250501,SKU-0071,Confectionery,South,Online,132.5,414.72,181.52,233.2
20250601,SKU-0071,Confectionery,South,Online,99.1,310.18,135.77,174.41
20250701,SKU-0071,Confectionery,South,Online,143.3,448.53,196.32,252.21
20250801,SKU-0071,Confectionery,South,Online,181.1,566.84,248.11,318.73
20250901,SKU-0071,Confectionery,South,Online,125.8,393.75,172.35,221.4
20251001,SKU-0071,Confectionery,South,Online,125.0,391.25,171.25,220.0
20251101,SKU-0071,Confectionery,South,Online,244.2,764.35,334.55,429.8
20251201,SKU-0071,Confectionery,South,Online,135.3,423.49,185.36,238.13
20260101,SKU-0071,Confectionery,South,Online,99.8,312.37,136.73,175.64
20260201,SKU-0071,Confectionery,South,Online,139.3,436.01,190.84,245.17
20260301,SKU-0071,Confectionery,South,Online,240.8,753.7,329.9,423.8
20260401,SKU-0071,Confectionery,South,Online,133.4,417.54,182.76,234.78
20260501,SKU-0071,Confectionery,South,Online,157.3,492.35,215.5,276.85
20260601,SKU-0071,Confectionery,South,Online,125.1,391.56,171.39,220.17
20240701,SKU-0072,Pantry,Central,Retail,132.9,653.87,219.28,434.59
20240801,SKU-0072,Pantry,Central,Retail,88.4,434.93,145.86,289.07
20240901,SKU-0072,Pantry,Central,Retail,71.9,353.75,118.64,235.11
20241001,SKU-0072,Pantry,Central,Retail,127.1,625.33,209.71,415.62
20241101,SKU-0072,Pantry,Central,Retail,87.5,430.5,144.38,286.12
20241201,SKU-0072,Pantry,Central,Retail,64.7,318.32,106.76,211.56
20250101,SKU-0072,Pantry,Central,Retail,116.7,574.16,192.56,381.6
20250201,SKU-0072,Pantry,Central,Retail,104.6,514.63,172.59,342.04
20250301,SKU-0072,Pantry,Central,Retail,78.3,385.24,129.2,256.04
20250401,SKU-0072,Pantry,Central,Retail,120.9,594.83,199.48,395.35
20250501,SKU-0072,Pantry,Central,Retail,90.4,444.77,149.16,295.61
20250601,SKU-0072,Pantry,Central,Retail,123.0,605.16,202.95,402.21
20250701,SKU-0072,Pantry,Central,Retail,172.5,848.7,284.62,564.08
20250801,SKU-0072,Pantry,Central,Retail,104.6,514.63,172.59,342.04
20250901,SKU-0072,Pantry,Central,Retail,112.5,553.5,185.62,367.88
20251001,SKU-0072,Pantry,Central,Retail,112.8,554.98,186.12,368.86
20251101,SKU-0072,Pantry,Central,Retail,83.6,411.31,137.94,273.37
20251201,SKU-0072,Pantry,Central,Retail,75.2,369.98,124.08,245.9
20260101,SKU-0072,Pantry,Central,Retail,101.3,498.4,167.14,331.26
20260201,SKU-0072,Pantry,Central,Retail,85.1,418.69,140.42,278.27
20260301,SKU-0072,Pantry,Central,Retail,96.8,476.26,159.72,316.54
20260401,SKU-0072,Pantry,Central,Retail,158.6,780.31,261.69,518.62
20260501,SKU-0072,Pantry,Central,Retail,193.1,950.05,318.61,631.44
20260601,SKU-0072,Pantry,Central,Retail,84.9,417.71,140.08,277.63
20240701,SKU-0073,Beverages,South,Retail,60.6,442.99,110.9,332.09
20240801,SKU-0073,Beverages,South,Retail,169.1,1236.12,309.45,926.67
20240901,SKU-0073,Beverages,South,Retail,123.6,903.52,226.19,677.33
20241001,SKU-0073,Beverages,South,Retail,71.0,519.01,129.93,389.08
20241101,SKU-0073,Beverages,South,Retail,154.2,1127.2,282.19,845.01
20241201,SKU-0073,Beverages,South,Retail,114.1,834.07,208.8,625.27
20250101,SKU-0073,Beverages,South,Retail,100.8,736.85,184.46,552.39
20250201,SKU-0073,Beverages,South,Retail,227.3,1661.56,415.96,1245.6
20250301,SKU-0073,Beverages,South,Retail,164.3,1201.03,300.67,900.36
20250401,SKU-0073,Beverages,South,Retail,201.9,1475.89,369.48,1106.41
20250501,SKU-0073,Beverages,South,Retail,205.8,1504.4,376.61,1127.79
20250601,SKU-0073,Beverages,South,Retail,177.3,1296.06,324.46,971.6
20250701,SKU-0073,Beverages,South,Retail,158.8,1160.83,290.6,870.23
20250801,SKU-0073,Beverages,South,Retail,79.4,580.41,145.3,435.11
20250901,SKU-0073,Beverages,South,Retail,156.8,1146.21,286.94,859.27
20251001,SKU-0073,Beverages,South,Retail,135.2,988.31,247.42,740.89
20251101,SKU-0073,Beverages,South,Retail,88.1,644.01,161.22,482.79
20251201,SKU-0073,Beverages,South,Retail,123.3,901.32,225.64,675.68
20260101,SKU-0073,Beverages,South,Retail,176.1,1287.29,322.26,965.03
20260201,SKU-0073,Beverages,South,Retail,141.4,1033.63,258.76,774.87
20260301,SKU-0073,Beverages,South,Retail,312.5,2284.38,571.88,1712.5
20260401,SKU-0073,Beverages,South,Retail,163.2,1192.99,298.66,894.33
20260501,SKU-0073,Beverages,South,Retail,204.2,1492.7,373.69,1119.01
20260601,SKU-0073,Beverages,South,Retail,157.6,1152.06,288.41,863.65
20240701,SKU-0074,Snacks,North,Wholesale,290.7,1555.24,351.75,1203.49
20240801,SKU-0074,Snacks,North,Wholesale,260.0,1391.0,314.6,1076.4
20240901,SKU-0074,Snacks,North,Wholesale,255.5,1366.92,309.15,1057.77
20241001,SKU-0074,Snacks,North,Wholesale,349.7,1870.89,423.14,1447.75
20241101,SKU-0074,Snacks,North,Wholesale,428.6,2293.01,518.61,1774.4
20241201,SKU-0074,Snacks,North,Wholesale,318.3,1702.9,385.14,1317.76
20250101,SKU-0074,Snacks,North,Wholesale,297.0,1588.95,359.37,1229.58
20250201,SKU-0074,Snacks,North,Wholesale,257.1,1375.48,311.09,1064.39
20250301,SKU-0074,Snacks,North,Wholesale,320.8,1716.28,388.17,1328.11
20250401,SKU-0074,Snacks,North,Wholesale,312.8,1673.48,378.49,1294.99
20250501,SKU-0074,Snacks,North,Wholesale,238.8,1277.58,288.95,988.63
20250601,SKU-0074,Snacks,North,Wholesale,321.0,1717.35,388.41,1328.94
20250701,SKU-0074,Snacks,North,Wholesale,215.3,1151.86,260.51,891.35
20250801,SKU-0074,Snacks,North,Wholesale,394.6,2111.11,477.47,1633.64
20250901,SKU-0074,Snacks,North,Wholesale,249.2,1333.22,301.53,1031.69
20251001,SKU-0074,Snacks,North,Wholesale,181.2,969.42,219.25,750.17
20251101,SKU-0074,Snacks,North,Wholesale,272.4,1457.34,329.6,1127.74
20251201,SKU-0074,Snacks,North,Wholesale,578.1,3092.84,699.5,2393.34
20260101,SKU-0074,Snacks,North,Wholesale,424.3,2270.0,513.4,1756.6
20260201,SKU-0074,Snacks,North,Wholesale,476.6,2549.81,576.69,1973.12
20260301,SKU-0074,Snacks,North,Wholesale,379.8,2031.93,459.56,1572.37
20260401,SKU-0074,Snacks,North,Wholesale,173.7,929.29,210.18,719.11
20260501,SKU-0074,Snacks,North,Wholesale,360.6,1929.21,436.33,1492.88
20260601,SKU-0074,Snacks,North,Wholesale,322.4,1724.84,390.1,1334.74
20240701,SKU-0075,Dairy,South,Wholesale,273.1,1275.38,415.11,860.27
20240801,SKU-0075,Dairy,South,Wholesale,218.6,1020.86,332.27,688.59
20240901,SKU-0075,Dairy,South,Wholesale,276.0,1288.92,419.52,869.4
20241001,SKU-0075,Dairy,South,Wholesale,279.6,1305.73,424.99,880.74
20241101,SKU-0075,Dairy,South,Wholesale,229.7,1072.7,349.14,723.56
20241201,SKU-0075,Dairy,South,Wholesale,156.7,731.79,238.18,493.61
20250101,SKU-0075,Dairy,South,Wholesale,157.3,734.59,239.1,495.49
20250201,SKU-0075,Dairy,South,Wholesale,164.1,766.35,249.43,516.92
20250301,SKU-0075,Dairy,South,Wholesale,155.5,726.18,236.36,489.82
20250401,SKU-0075,Dairy,South,Wholesale,217.4,1015.26,330.45,684.81
20250501,SKU-0075,Dairy,South,Wholesale,229.9,1073.63,349.45,724.18
20250601,SKU-0075,Dairy,South,Wholesale,305.8,1428.09,464.82,963.27
20250701,SKU-0075,Dairy,South,Wholesale,341.4,1594.34,518.93,1075.41
20250801,SKU-0075,Dairy,South,Wholesale,325.4,1519.62,494.61,1025.01
20250901,SKU-0075,Dairy,South,Wholesale,257.4,1202.06,391.25,810.81
20251001,SKU-0075,Dairy,South,Wholesale,218.6,1020.86,332.27,688.59
20251101,SKU-0075,Dairy,South,Wholesale,231.0,1078.77,351.12,727.65
20251201,SKU-0075,Dairy,South,Wholesale,208.6,974.16,317.07,657.09
20260101,SKU-0075,Dairy,South,Wholesale,204.0,952.68,310.08,642.6
20260201,SKU-0075,Dairy,South,Wholesale,173.7,811.18,264.02,547.16
20260301,SKU-0075,Dairy,South,Wholesale,227.6,1062.89,345.95,716.94
20260401,SKU-0075,Dairy,South,Wholesale,299.5,1398.66,455.24,943.42
20260501,SKU-0075,Dairy,South,Wholesale,266.4,1244.09,404.93,839.16
20260601,SKU-0075,Dairy,South,Wholesale,291.4,1360.84,442.93,917.91
20240701,SKU-0076,Frozen,North,Wholesale,57.3,548.93,179.92,369.01
20240801,SKU-0076,Frozen,North,Wholesale,34.4,329.55,108.02,221.53
20240901,SKU-0076,Frozen,North,Wholesale,37.5,359.25,117.75,241.5
20241001,SKU-0076,Frozen,North,Wholesale,31.2,298.9,97.97,200.93
20241101,SKU-0076,Frozen,North,Wholesale,25.6,245.25,80.38,164.87
20241201,SKU-0076,Frozen,North,Wholesale,35.5,340.09,111.47,228.62
20250101,SKU-0076,Frozen,North,Wholesale,27.8,266.32,87.29,179.03
20250201,SKU-0076,Frozen,North,Wholesale,52.5,502.95,164.85,338.1
20250301,SKU-0076,Frozen,North,Wholesale,29.4,281.65,92.32,189.33
20250401,SKU-0076,Frozen,North,Wholesale,34.1,326.68,107.07,219.61
20250501,SKU-0076,Frozen,North,Wholesale,40.6,388.95,127.48,261.47
20250601,SKU-0076,Frozen,North,Wholesale,35.4,339.13,111.16,227.97
20250701,SKU-0076,Frozen,North,Wholesale,50.6,484.75,158.88,325.87
20250801,SKU-0076,Frozen,North,Wholesale,28.2,270.16,88.55,181.61
20250901,SKU-0076,Frozen,North,Wholesale,47.3,453.13,148.52,304.61
20251001,SKU-0076,Frozen,North,Wholesale,46.6,446.43,146.32,300.11
20251101,SKU-0076,Frozen,North,Wholesale,31.1,297.94,97.65,200.29
20251201,SKU-0076,Frozen,North,Wholesale,33.7,322.85,105.82,217.03
20260101,SKU-0076,Frozen,North,Wholesale,45.7,437.81,143.5,294.31
20260201,SKU-0076,Frozen,North,Wholesale,48.1,460.8,151.03,309.77
20260301,SKU-0076,Frozen,North,Wholesale,67.9,650.48,213.21,437.27
20260401,SKU-0076,Frozen,North,Wholesale,50.4,482.83,158.26,324.57
20260501,SKU-0076,Frozen,North,Wholesale,60.3,577.67,189.34,388.33
20260601,SKU-0076,Frozen,North,Wholesale,42.2,404.28,132.51,271.77
20240701,SKU-0077,Household,North,Online,22.0,171.82,71.06,100.76
20240801,SKU-0077,Household,North,Online,49.2,384.25,158.92,225.33
20240901,SKU-0077,Household,North,Online,33.8,263.98,109.17,154.81
20241001,SKU-0077,Household,North,Online,91.3,713.05,294.9,418.15
20241101,SKU-0077,Household,North,Online,42.8,334.27,138.24,196.03
20241201,SKU-0077,Household,North,Online,68.6,535.77,221.58,314.19
20250101,SKU-0077,Household,North,Online,78.1,609.96,252.26,357.7
20250201,SKU-0077,Household,North,Online,78.2,610.74,252.59,358.15
20250301,SKU-0077,Household,North,Online,78.9,616.21,254.85,361.36
20250401,SKU-0077,Household,North,Online,110.0,859.1,355.3,503.8
20250501,SKU-0077,Household,North,Online,112.3,877.06,362.73,514.33
20250601,SKU-0077,Household,North,Online,49.1,383.47,158.59,224.88
20250701,SKU-0077,Household,North,Online,89.9,702.12,290.38,411.74
20250801,SKU-0077,Household,North,Online,72.3,564.66,233.53,331.13
20250901,SKU-0077,Household,North,Online,58.1,453.76,187.66,266.1
20251001,SKU-0077,Household,North,Online,43.2,337.39,139.54,197.85
20251101,SKU-0077,Household,North,Online,12.4,96.84,40.05,56.79
20251201,SKU-0077,Household,North,Online,102.3,798.96,330.43,468.53
20260101,SKU-0077,Household,North,Online,47.8,373.32,154.39,218.93
20260201,SKU-0077,Household,North,Online,41.0,320.21,132.43,187.78
20260301,SKU-0077,Household,North,Online,109.4,854.41,353.36,501.05
20260401,SKU-0077,Household,North,Online,61.1,477.19,197.35,279.84
20260501,SKU-0077,Household,North,Online,121.1,945.79,391.15,554.64
20260601,SKU-0077,Household,North,Online,69.8,545.14,225.45,319.69
20240701,SKU-0078,Personal Care,Central,Online,35.8,354.42,115.28,239.14
20240801,SKU-0078,Personal Care,Central,Online,20.8,205.92,66.98,138.94
20240901,SKU-0078,Personal Care,Central,Online,42.6,421.74,137.17,284.57
20241001,SKU-0078,Personal Care,Central,Online,46.2,457.38,148.76,308.62
20241101,SKU-0078,Personal Care,Central,Online,41.9,414.81,134.92,279.89
20241201,SKU-0078,Personal Care,Central,Online,47.5,470.25,152.95,317.3
20250101,SKU-0078,Personal Care,Central,Online,37.4,370.26,120.43,249.83
20250201,SKU-0078,Personal Care,Central,Online,45.9,454.41,147.8,306.61
20250301,SKU-0078,Personal Care,Central,Online,38.6,382.14,124.29,257.85
20250401,SKU-0078,Personal Care,Central,Online,36.6,362.34,117.85,244.49
20250501,SKU-0078,Personal Care,Central,Online,29.9,296.01,96.28,199.73
20250601,SKU-0078,Personal Care,Central,Online,45.5,450.45,146.51,303.94
20250701,SKU-0078,Personal Care,Central,Online,34.1,337.59,109.8,227.79
20250801,SKU-0078,Personal Care,Central,Online,46.8,463.32,150.7,312.62
20250901,SKU-0078,Personal Care,Central,Online,40.4,399.96,130.09,269.87
20251001,SKU-0078,Personal Care,Central,Online,48.5,480.15,156.17,323.98
20251101,SKU-0078,Personal Care,Central,Online,34.7,343.53,111.73,231.8
20251201,SKU-0078,Personal Care,Central,Online,44.8,443.52,144.26,299.26
20260101,SKU-0078,Personal Care,Central,Online,35.2,348.48,113.34,235.14
20260201,SKU-0078,Personal Care,Central,Online,35.6,352.44,114.63,237.81
20260301,SKU-0078,Personal Care,Central,Online,38.2,378.18,123.0,255.18
20260401,SKU-0078,Personal Care,Central,Online,48.5,480.15,156.17,323.98
20260501,SKU-0078,Personal Care,Central,Online,50.2,496.98,161.64,335.34
20260601,SKU-0078,Personal Care,Central,Online,46.7,462.33,150.37,311.96
20240701,SKU-0079,Confectionery,East,Retail,191.1,728.09,221.68,506.41
20240801,SKU-0079,Confectionery,East,Retail,32.9,125.35,38.16,87.19
20240901,SKU-0079,Confectionery,East,Retail,162.6,619.51,188.62,430.89
20241001,SKU-0079,Confectionery,East,Retail,203.2,774.19,235.71,538.48
20241101,SKU-0079,Confectionery,East,Retail,175.1,667.13,203.12,464.01
20241201,SKU-0079,Confectionery,East,Retail,174.0,662.94,201.84,461.1
20250101,SKU-0079,Confectionery,East,Retail,260.2,991.36,301.83,689.53
20250201,SKU-0079,Confectionery,East,Retail,264.6,1008.13,306.94,701.19
20250301,SKU-0079,Confectionery,East,Retail,0.0,0.0,0.0,0.0
20250401,SKU-0079,Confectionery,East,Retail,252.9,963.55,293.36,670.19
20250501,SKU-0079,Confectionery,East,Retail,136.7,520.83,158.57,362.26
20250601,SKU-0079,Confectionery,East,Retail,116.5,443.86,135.14,308.72
20250701,SKU-0079,Confectionery,East,Retail,239.4,912.11,277.7,634.41
20250801,SKU-0079,Confectionery,East,Retail,170.7,650.37,198.01,452.36
20250901,SKU-0079,Confectionery,East,Retail,213.9,814.96,248.12,566.84
20251001,SKU-0079,Confectionery,East,Retail,336.4,1281.68,390.22,891.46
20251101,SKU-0079,Confectionery,East,Retail,97.9,373.0,113.56,259.44
20251201,SKU-0079,Confectionery,East,Retail,305.1,1162.43,353.92,808.51
20260101,SKU-0079,Confectionery,East,Retail,153.2,583.69,177.71,405.98
20260201,SKU-0079,Confectionery,East,Retail,211.5,805.82,245.34,560.48
20260301,SKU-0079,Confectionery,East,Retail,219.1,834.77,254.16,580.61
20260401,SKU-0079,Confectionery,East,Retail,305.7,1164.72,354.61,810.11
20260501,SKU-0079,Confectionery,East,Retail,360.4,1373.12,418.06,955.06
20260601,SKU-0079,Confectionery,East,Retail,124.3,473.58,144.19,329.39
20240701,SKU-0080,Pantry,East,Wholesale,183.6,835.38,211.14,624.24
20240801,SKU-0080,Pantry,East,Wholesale,242.6,1103.83,278.99,824.84
20240901,SKU-0080,Pantry,East,Wholesale,215.5,980.52,247.82,732.7
20241001,SKU-0080,Pantry,East,Wholesale,185.9,845.84,213.78,632.06
20241101,SKU-0080,Pantry,East,Wholesale,227.8,1036.49,261.97,774.52
20241201,SKU-0080,Pantry,East,Wholesale,239.0,1087.45,274.85,812.6
20250101,SKU-0080,Pantry,East,Wholesale,233.2,1061.06,268.18,792.88
20250201,SKU-0080,Pantry,East,Wholesale,281.5,1280.82,323.72,957.1
20250301,SKU-0080,Pantry,East,Wholesale,314.3,1430.06,361.44,1068.62
20250401,SKU-0080,Pantry,East,Wholesale,305.1,1388.21,350.86,1037.35
20250501,SKU-0080,Pantry,East,Wholesale,329.7,1500.14,379.16,1120.98
20250601,SKU-0080,Pantry,East,Wholesale,392.5,1785.88,451.37,1334.51
20250701,SKU-0080,Pantry,East,Wholesale,336.9,1532.89,387.43,1145.46
20250801,SKU-0080,Pantry,East,Wholesale,215.3,979.62,247.6,732.02
20250901,SKU-0080,Pantry,East,Wholesale,306.4,1394.12,352.36,1041.76
20251001,SKU-0080,Pantry,East,Wholesale,330.9,1505.59,380.54,1125.05
20251101,SKU-0080,Pantry,East,Wholesale,201.6,917.28,231.84,685.44
20251201,SKU-0080,Pantry,East,Wholesale,250.0,1137.5,287.5,850.0
20260101,SKU-0080,Pantry,East,Wholesale,289.1,1315.4,332.46,982.94
20260201,SKU-0080,Pantry,East,Wholesale,312.5,1421.88,359.38,1062.5
20260301,SKU-0080,Pantry,East,Wholesale,257.6,1172.08,296.24,875.84
20260401,SKU-0080,Pantry,East,Wholesale,321.9,1464.64,370.18,1094.46
20260501,SKU-0080,Pantry,East,Wholesale,374.0,1701.7,430.1,1271.6
20260601,SKU-0080,Pantry,East,Wholesale,378.3,1721.26,435.04,1286.22
20240701,SKU-0081,Beverages,Central,Retail,210.3,1284.93,441.63,843.3
20240801,SKU-0081,Beverages,Central,Retail,309.0,1887.99,648.9,1239.09
20240901,SKU-0081,Beverages,Central,Retail,356.1,2175.77,747.81,1427.96
20241001,SKU-0081,Beverages,Central,Retail,257.0,1570.27,539.7,1030.57
20241101,SKU-0081,Beverages,Central,Retail,439.5,2685.34,922.95,1762.39
20241201,SKU-0081,Beverages,Central,Retail,363.4,2220.37,763.14,1457.23
20250101,SKU-0081,Beverages,Central,Retail,230.1,1405.91,483.21,922.7
20250201,SKU-0081,Beverages,Central,Retail,233.6,1427.3,490.56,936.74
20250301,SKU-0081,Beverages,Central,Retail,605.1,3697.16,1270.71,2426.45
20250401,SKU-0081,Beverages,Central,Retail,342.4,2092.06,719.04,1373.02
20250501,SKU-0081,Beverages,Central,Retail,239.1,1460.9,502.11,958.79
20250601,SKU-0081,Beverages,Central,Retail,420.6,2569.87,883.26,1686.61
20250701,SKU-0081,Beverages,Central,Retail,553.2,3380.05,1161.72,2218.33
20250801,SKU-0081,Beverages,Central,Retail,291.5,1781.06,612.15,1168.91
20250901,SKU-0081,Beverages,Central,Retail,244.4,1493.28,513.24,980.04
20251001,SKU-0081,Beverages,Central,Retail,362.8,2216.71,761.88,1454.83
20251101,SKU-0081,Beverages,Central,Retail,346.5,2117.12,727.65,1389.47
20251201,SKU-0081,Beverages,Central,Retail,292.8,1789.01,614.88,1174.13
20260101,SKU-0081,Beverages,Central,Retail,470.5,2874.76,988.05,1886.71
20260201,SKU-0081,Beverages,Central,Retail,619.4,3784.53,1300.74,2483.79
20260301,SKU-0081,Beverages,Central,Retail,244.2,1492.06,512.82,979.24
20260401,SKU-0081,Beverages,Central,Retail,542.5,3314.68,1139.25,2175.43
20260501,SKU-0081,Beverages,Central,Retail,599.0,3659.89,1257.9,2401.99
20260601,SKU-0081,Beverages,Central,Retail,727.6,4445.64,1527.96,2917.68
20240701,SKU-0082,Snacks,East,Retail,169.1,617.21,191.08,426.13
20240801,SKU-0082,Snacks,East,Retail,176.3,643.5,199.22,444.28
20240901,SKU-0082,Snacks,East,Retail,224.3,818.7,253.46,565.24
20241001,SKU-0082,Snacks,East,Retail,254.8,930.02,287.92,642.1
20241101,SKU-0082,Snacks,East,Retail,262.4,957.76,296.51,661.25
20241201,SKU-0082,Snacks,East,Retail,297.6,1086.24,336.29,749.95
20250101,SKU-0082,Snacks,East,Retail,187.7,685.1,212.1,473.0
20250201,SKU-0082,Snacks,East,Retail,226.1,825.26,255.49,569.77
20250301,SKU-0082,Snacks,East,Retail,183.3,669.04,207.13,461.91
20250401,SKU-0082,Snacks,East,Retail,230.6,841.69,260.58,581.11
20250501,SKU-0082,Snacks,East,Retail,279.9,1021.63,316.29,705.34
20250601,SKU-0082,Snacks,East,Retail,199.7,728.9,225.66,503.24
20250701,SKU-0082,Snacks,East,Retail,157.0,573.05,177.41,395.64
20250801,SKU-0082,Snacks,East,Retail,194.4,709.56,219.67,489.89
20250901,SKU-0082,Snacks,East,Retail,168.3,614.3,190.18,424.12
20251001,SKU-0082,Snacks,East,Retail,298.7,1090.25,337.53,752.72
20251101,SKU-0082,Snacks,East,Retail,164.5,600.42,185.88,414.54
20251201,SKU-0082,Snacks,East,Retail,256.7,936.96,290.07,646.89
20260101,SKU-0082,Snacks,East,Retail,290.6,1060.69,328.38,732.31
20260201,SKU-0082,Snacks,East,Retail,245.3,895.34,277.19,618.15
20260301,SKU-0082,Snacks,East,Retail,227.3,829.64,256.85,572.79
20260401,SKU-0082,Snacks,East,Retail,226.8,827.82,256.28,571.54
20260501,SKU-0082,Snacks,East,Retail,112.7,411.36,127.35,284.01
20260601,SKU-0082,Snacks,East,Retail,130.4,475.96,147.35,328.61
20240701,SKU-0083,Dairy,West,Retail,136.0,658.24,266.56,391.68
20240801,SKU-0083,Dairy,West,Retail,210.4,1018.34,412.38,605.96
20240901,SKU-0083,Dairy,West,Retail,117.9,570.64,231.08,339.56
20241001,SKU-0083,Dairy,West,Retail,122.2,591.45,239.51,351.94
20241101,SKU-0083,Dairy,West,Retail,183.8,889.59,360.25,529.34
20241201,SKU-0083,Dairy,West,Retail,157.3,761.33,308.31,453.02
20250101,SKU-0083,Dairy,West,Retail,104.9,507.72,205.6,302.12
20250201,SKU-0083,Dairy,West,Retail,102.6,496.58,201.1,295.48
20250301,SKU-0083,Dairy,West,Retail,88.9,430.28,174.24,256.04
20250401,SKU-0083,Dairy,West,Retail,169.3,819.41,331.83,487.58
20250501,SKU-0083,Dairy,West,Retail,233.9,1132.08,458.44,673.64
20250601,SKU-0083,Dairy,West,Retail,130.5,631.62,255.78,375.84
20250701,SKU-0083,Dairy,West,Retail,195.8,947.67,383.77,563.9
20250801,SKU-0083,Dairy,West,Retail,66.0,319.44,129.36,190.08
20250901,SKU-0083,Dairy,West,Retail,173.7,840.71,340.45,500.26
20251001,SKU-0083,Dairy,West,Retail,252.4,1221.62,494.7,726.92
20251101,SKU-0083,Dairy,West,Retail,132.9,643.24,260.48,382.76
20251201,SKU-0083,Dairy,West,Retail,16.5,79.86,32.34,47.52
20260101,SKU-0083,Dairy,West,Retail,95.7,463.19,187.57,275.62
20260201,SKU-0083,Dairy,West,Retail,88.5,428.34,173.46,254.88
20260301,SKU-0083,Dairy,West,Retail,189.9,919.12,372.2,546.92
20260401,SKU-0083,Dairy,West,Retail,174.2,843.13,341.43,501.7
20260501,SKU-0083,Dairy,West,Retail,227.5,1101.1,445.9,655.2
20260601,SKU-0083,Dairy,West,Retail,147.5,713.9,289.1,424.8
20240701,SKU-0084,Frozen,Central,Retail,78.8,558.69,254.52,304.17
20240801,SKU-0084,Frozen,Central,Retail,63.3,448.8,204.46,244.34
20240901,SKU-0084,Frozen,Central,Retail,60.6,429.65,195.74,233.91
20241001,SKU-0084,Frozen,Central,Retail,43.0,304.87,138.89,165.98
20241101,SKU-0084,Frozen,Central,Retail,71.0,503.39,229.33,274.06
20241201,SKU-0084,Frozen,Central,Retail,75.9,538.13,245.16,292.97
20250101,SKU-0084,Frozen,Central,Retail,74.4,527.5,240.31,287.19
20250201,SKU-0084,Frozen,Central,Retail,55.4,392.79,178.94,213.85
20250301,SKU-0084,Frozen,Central,Retail,74.9,531.04,241.93,289.11
20250401,SKU-0084,Frozen,Central,Retail,96.8,686.31,312.66,373.65
20250501,SKU-0084,Frozen,Central,Retail,89.0,631.01,287.47,343.54
20250601,SKU-0084,Frozen,Central,Retail,80.5,570.74,260.02,310.72
20250701,SKU-0084,Frozen,Central,Retail,74.3,526.79,239.99,286.8
20250801,SKU-0084,Frozen,Central,Retail,74.7,529.62,241.28,288.34
20250901,SKU-0084,Frozen,Central,Retail,69.3,491.34,223.84,267.5
20251001,SKU-0084,Frozen,Central,Retail,61.4,435.33,198.32,237.01
20251101,SKU-0084,Frozen,Central,Retail,76.9,545.22,248.39,296.83
20251201,SKU-0084,Frozen,Central,Retail,58.8,416.89,189.92,226.97
20260101,SKU-0084,Frozen,Central,Retail,89.8,636.68,290.05,346.63
20260201,SKU-0084,Frozen,Central,Retail,74.8,530.33,241.6,288.73
20260301,SKU-0084,Frozen,Central,Retail,77.9,552.31,251.62,300.69
20260401,SKU-0084,Frozen,Central,Retail,69.1,489.92,223.19,266.73
20260501,SKU-0084,Frozen,Central,Retail,61.2,433.91,197.68,236.23
20260601,SKU-0084,Frozen,Central,Retail,99.4,704.75,321.06,383.69
20240701,SKU-0085,Household,North,Retail,104.4,946.91,239.08,707.83
20240801,SKU-0085,Household,North,Retail,117.3,1063.91,268.62,795.29
20240901,SKU-0085,Household,North,Retail,76.1,690.23,174.27,515.96
20241001,SKU-0085,Household,North,Retail,80.5,730.14,184.34,545.8
20241101,SKU-0085,Household,North,Retail,79.8,723.79,182.74,541.05
20241201,SKU-0085,Household,North,Retail,60.6,549.64,138.77,410.87
20250101,SKU-0085,Household,North,Retail,104.6,948.72,239.53,709.19
20250201,SKU-0085,Household,North,Retail,101.6,921.51,232.66,688.85
20250301,SKU-0085,Household,North,Retail,83.3,755.53,190.76,564.77
20250401,SKU-0085,Household,North,Retail,17.3,156.91,39.62,117.29
20250501,SKU-0085,Household,North,Retail,112.0,1015.84,256.48,759.36
20250601,SKU-0085,Household,North,Retail,124.2,1126.49,284.42,842.07
20250701,SKU-0085,Household,North,Retail,89.6,812.67,205.18,607.49
20250801,SKU-0085,Household,North,Retail,70.4,638.53,161.22,477.31
20250901,SKU-0085,Household,North,Retail,134.4,1219.01,307.78,911.23
20251001,SKU-0085,Household,North,Retail,120.4,1092.03,275.72,816.31
20251101,SKU-0085,Household,North,Retail,109.5,993.17,250.76,742.41
20251201,SKU-0085,Household,North,Retail,0.0,0.0,0.0,0.0
20260101,SKU-0085,Household,North,Retail,85.8,778.21,196.48,581.73
20260201,SKU-0085,Household,North,Retail,144.6,1311.52,331.13,980.39
20260301,SKU-0085,Household,North,Retail,91.5,829.9,209.54,620.36
20260401,SKU-0085,Household,North,Retail,96.6,876.16,221.21,654.95
20260501,SKU-0085,Household,North,Retail,115.3,1045.77,264.04,781.73
20260601,SKU-0085,Household,North,Retail,88.6,803.6,202.89,600.71
20240701,SKU-0086,Personal Care,West,Wholesale,244.2,3457.87,673.99,2783.88
20240801,SKU-0086,Personal Care,West,Wholesale,220.6,3123.7,608.86,2514.84
20240901,SKU-0086,Personal Care,West,Wholesale,286.8,4061.09,791.57,3269.52
20241001,SKU-0086,Personal Care,West,Wholesale,242.3,3430.97,668.75,2762.22
20241101,SKU-0086,Personal Care,West,Wholesale,278.0,3936.48,767.28,3169.2
20241201,SKU-0086,Personal Care,West,Wholesale,114.6,1622.74,316.3,1306.44
20250101,SKU-0086,Personal Care,West,Wholesale,169.2,2395.87,466.99,1928.88
20250201,SKU-0086,Personal Care,West,Wholesale,178.4,2526.14,492.38,2033.76
20250301,SKU-0086,Personal Care,West,Wholesale,58.2,824.11,160.63,663.48
20250401,SKU-0086,Personal Care,West,Wholesale,103.2,1461.31,284.83,1176.48
20250501,SKU-0086,Personal Care,West,Wholesale,264.1,3739.66,728.92,3010.74
20250601,SKU-0086,Personal Care,West,Wholesale,244.0,3455.04,673.44,2781.6
20250701,SKU-0086,Personal Care,West,Wholesale,260.0,3681.6,717.6,2964.0
20250801,SKU-0086,Personal Care,West,Wholesale,366.6,5191.06,1011.82,4179.24
20250901,SKU-0086,Personal Care,West,Wholesale,124.3,1760.09,343.07,1417.02
20251001,SKU-0086,Personal Care,West,Wholesale,342.2,4845.55,944.47,3901.08
20251101,SKU-0086,Personal Care,West,Wholesale,332.7,4711.03,918.25,3792.78
20251201,SKU-0086,Personal Care,West,Wholesale,241.7,3422.47,667.09,2755.38
20260101,SKU-0086,Personal Care,West,Wholesale,282.4,3998.78,779.42,3219.36
20260201,SKU-0086,Personal Care,West,Wholesale,212.1,3003.34,585.4,2417.94
20260301,SKU-0086,Personal Care,West,Wholesale,182.8,2588.45,504.53,2083.92
20260401,SKU-0086,Personal Care,West,Wholesale,323.3,4577.93,892.31,3685.62
20260501,SKU-0086,Personal Care,West,Wholesale,261.9,3708.5,722.84,2985.66
20260601,SKU-0086,Personal Care,West,Wholesale,198.9,2816.42,548.96,2267.46
20240701,SKU-0087,Confectionery,South,Online,193.1,716.4,225.93,490.47
20240801,SKU-0087,Confectionery,South,Online,361.3,1340.42,422.72,917.7
20240901,SKU-0087,Confectionery,South,Online,362.7,1345.62,424.36,921.26
20241001,SKU-0087,Confectionery,South,Online,289.7,1074.79,338.95,735.84
20241101,SKU-0087,Confectionery,South,Online,281.4,1043.99,329.24,714.75
20241201,SKU-0087,Confectionery,South,Online,311.2,1154.55,364.1,790.45
20250101,SKU-0087,Confectionery,South,Online,360.7,1338.2,422.02,916.18
20250201,SKU-0087,Confectionery,South,Online,333.8,1238.4,390.55,847.85
20250301,SKU-0087,Confectionery,South,Online,176.2,653.7,206.15,447.55
20250401,SKU-0087,Confectionery,South,Online,344.1,1276.61,402.6,874.01
20250501,SKU-0087,Confectionery,South,Online,296.4,1099.64,346.79,752.85
20250601,SKU-0087,Confectionery,South,Online,407.3,1511.08,476.54,1034.54
20250701,SKU-0087,Confectionery,South,Online,133.4,494.91,156.08,338.83
20250801,SKU-0087,Confectionery,South,Online,232.3,861.83,271.79,590.04
20250901,SKU-0087,Confectionery,South,Online,378.3,1403.49,442.61,960.88
20251001,SKU-0087,Confectionery,South,Online,159.4,591.37,186.5,404.87
20251101,SKU-0087,Confectionery,South,Online,285.0,1057.35,333.45,723.9
20251201,SKU-0087,Confectionery,South,Online,453.2,1681.37,530.24,1151.13
20260101,SKU-0087,Confectionery,South,Online,421.4,1563.39,493.04,1070.35
20260201,SKU-0087,Confectionery,South,Online,314.5,1166.8,367.96,798.84
20260301,SKU-0087,Confectionery,South,Online,373.4,1385.31,436.88,948.43
20260401,SKU-0087,Confectionery,South,Online,322.6,1196.85,377.44,819.41
20260501,SKU-0087,Confectionery,South,Online,272.0,1009.12,318.24,690.88
20260601,SKU-0087,Confectionery,South,Online,409.6,1519.62,479.23,1040.39
20240701,SKU-0088,Pantry,East,Retail,293.5,1179.87,431.44,748.43
20240801,SKU-0088,Pantry,East,Retail,93.6,376.27,137.59,238.68
20240901,SKU-0088,Pantry,East,Retail,163.6,657.67,240.49,417.18
20241001,SKU-0088,Pantry,East,Retail,198.8,799.18,292.24,506.94
20241101,SKU-0088,Pantry,East,Retail,197.4,793.55,290.18,503.37
20241201,SKU-0088,Pantry,East,Retail,158.0,635.16,232.26,402.9
20250101,SKU-0088,Pantry,East,Retail,86.4,347.33,127.01,220.32
20250201,SKU-0088,Pantry,East,Retail,101.2,406.82,148.76,258.06
20250301,SKU-0088,Pantry,East,Retail,215.7,867.11,317.08,550.03
20250401,SKU-0088,Pantry,East,Retail,235.8,947.92,346.63,601.29
20250501,SKU-0088,Pantry,East,Retail,228.6,918.97,336.04,582.93
20250601,SKU-0088,Pantry,East,Retail,175.3,704.71,257.69,447.02
20250701,SKU-0088,Pantry,East,Retail,62.0,249.24,91.14,158.1
20250801,SKU-0088,Pantry,East,Retail,72.9,293.06,107.16,185.9
20250901,SKU-0088,Pantry,East,Retail,139.2,559.58,204.62,354.96
20251001,SKU-0088,Pantry,East,Retail,132.5,532.65,194.78,337.87
20251101,SKU-0088,Pantry,East,Retail,100.1,402.4,147.15,255.25
20251201,SKU-0088,Pantry,East,Retail,140.7,565.61,206.83,358.78
20260101,SKU-0088,Pantry,East,Retail,170.5,685.41,250.64,434.77
20260201,SKU-0088,Pantry,East,Retail,187.2,752.54,275.18,477.36
20260301,SKU-0088,Pantry,East,Retail,90.0,361.8,132.3,229.5
20260401,SKU-0088,Pantry,East,Retail,42.6,171.25,62.62,108.63
20260501,SKU-0088,Pantry,East,Retail,112.6,452.65,165.52,287.13
20260601,SKU-0088,Pantry,East,Retail,182.5,733.65,268.27,465.38
20240701,SKU-0089,Beverages,West,Retail,136.9,943.24,312.13,631.11
20240801,SKU-0089,Beverages,West,Retail,141.0,971.49,321.48,650.01
20240901,SKU-0089,Beverages,West,Retail,202.1,1392.47,460.79,931.68
20241001,SKU-0089,Beverages,West,Retail,197.6,1361.46,450.53,910.93
20241101,SKU-0089,Beverages,West,Retail,169.8,1169.92,387.14,782.78
20241201,SKU-0089,Beverages,West,Retail,336.5,2318.48,767.22,1551.26
20250101,SKU-0089,Beverages,West,Retail,234.6,1616.39,534.89,1081.5
20250201,SKU-0089,Beverages,West,Retail,158.9,1094.82,362.29,732.53
20250301,SKU-0089,Beverages,West,Retail,238.7,1644.64,544.24,1100.4
20250401,SKU-0089,Beverages,West,Retail,316.0,2177.24,720.48,1456.76
20250501,SKU-0089,Beverages,West,Retail,252.4,1739.04,575.47,1163.57
20250601,SKU-0089,Beverages,West,Retail,307.4,2117.99,700.87,1417.12
20250701,SKU-0089,Beverages,West,Retail,277.6,1912.66,632.93,1279.73
20250801,SKU-0089,Beverages,West,Retail,187.1,1289.12,426.59,862.53
20250901,SKU-0089,Beverages,West,Retail,59.8,412.02,136.34,275.68
20251001,SKU-0089,Beverages,West,Retail,190.9,1315.3,435.25,880.05
20251101,SKU-0089,Beverages,West,Retail,256.6,1767.97,585.05,1182.92
20251201,SKU-0089,Beverages,West,Retail,78.8,542.93,179.66,363.27
20260101,SKU-0089,Beverages,West,Retail,70.5,485.74,160.74,325.0
20260201,SKU-0089,Beverages,West,Retail,194.0,1336.66,442.32,894.34
20260301,SKU-0089,Beverages,West,Retail,335.4,2310.91,764.71,1546.2
20260401,SKU-0089,Beverages,West,Retail,15.0,103.35,34.2,69.15
20260501,SKU-0089,Beverages,West,Retail,330.1,2274.39,752.63,1521.76
20260601,SKU-0089,Beverages,West,Retail,154.0,1061.06,351.12,709.94
20240701,SKU-0090,Snacks,Central,Wholesale,77.6,301.09,107.09,194.0
20240801,SKU-0090,Snacks,Central,Wholesale,67.4,261.51,93.01,168.5
20240901,SKU-0090,Snacks,Central,Wholesale,130.0,504.4,179.4,325.0
20241001,SKU-0090,Snacks,Central,Wholesale,118.3,459.0,163.25,295.75
20241101,SKU-0090,Snacks,Central,Wholesale,78.0,302.64,107.64,195.0
20241201,SKU-0090,Snacks,Central,Wholesale,131.2,509.06,181.06,328.0
20250101,SKU-0090,Snacks,Central,Wholesale,126.7,491.6,174.85,316.75
20250201,SKU-0090,Snacks,Central,Wholesale,126.3,490.04,174.29,315.75
20250301,SKU-0090,Snacks,Central,Wholesale,115.7,448.92,159.67,289.25
20250401,SKU-0090,Snacks,Central,Wholesale,86.0,333.68,118.68,215.0
20250501,SKU-0090,Snacks,Central,Wholesale,76.2,295.66,105.16,190.5
20250601,SKU-0090,Snacks,Central,Wholesale,121.6,471.81,167.81,304.0
20250701,SKU-0090,Snacks,Central,Wholesale,85.6,332.13,118.13,214.0
20250801,SKU-0090,Snacks,Central,Wholesale,85.5,331.74,117.99,213.75
20250901,SKU-0090,Snacks,Central,Wholesale,210.9,818.29,291.04,527.25
20251001,SKU-0090,Snacks,Central,Wholesale,129.8,503.62,179.12,324.5
20251101,SKU-0090,Snacks,Central,Wholesale,100.5,389.94,138.69,251.25
20251201,SKU-0090,Snacks,Central,Wholesale,112.4,436.11,155.11,281.0
20260101,SKU-0090,Snacks,Central,Wholesale,141.7,549.8,195.55,354.25
20260201,SKU-0090,Snacks,Central,Wholesale,228.3,885.8,315.05,570.75
20260301,SKU-0090,Snacks,Central,Wholesale,132.3,513.32,182.57,330.75
20260401,SKU-0090,Snacks,Central,Wholesale,145.1,562.99,200.24,362.75
20260501,SKU-0090,Snacks,Central,Wholesale,178.5,692.58,246.33,446.25
20260601,SKU-0090,Snacks,Central,Wholesale,86.3,334.84,119.09,215.75
20240701,SKU-0091,Dairy,North,Retail,131.6,623.78,225.04,398.74
20240801,SKU-0091,Dairy,North,Retail,109.3,518.08,186.9,331.18
20240901,SKU-0091,Dairy,North,Retail,148.2,702.47,253.42,449.05
20241001,SKU-0091,Dairy,North,Retail,123.4,584.92,211.01,373.91
20241101,SKU-0091,Dairy,North,Retail,121.0,573.54,206.91,366.63
20241201,SKU-0091,Dairy,North,Retail,104.0,492.96,177.84,315.12
20250101,SKU-0091,Dairy,North,Retail,83.2,394.37,142.27,252.1
20250201,SKU-0091,Dairy,North,Retail,86.9,411.91,148.6,263.31
20250301,SKU-0091,Dairy,North,Retail,126.9,601.51,217.0,384.51
20250401,SKU-0091,Dairy,North,Retail,124.5,590.13,212.9,377.23
20250501,SKU-0091,Dairy,North,Retail,129.3,612.88,221.1,391.78
20250601,SKU-0091,Dairy,North,Retail,155.4,736.6,265.73,470.87
20250701,SKU-0091,Dairy,North,Retail,197.3,935.2,337.38,597.82
20250801,SKU-0091,Dairy,North,Retail,122.7,581.6,209.82,371.78
20250901,SKU-0091,Dairy,North,Retail,177.4,840.88,303.35,537.53
20251001,SKU-0091,Dairy,North,Retail,160.6,761.24,274.63,486.61
20251101,SKU-0091,Dairy,North,Retail,118.5,561.69,202.64,359.05
20251201,SKU-0091,Dairy,North,Retail,119.2,565.01,203.83,361.18
20260101,SKU-0091,Dairy,North,Retail,104.6,495.8,178.87,316.93
20260201,SKU-0091,Dairy,North,Retail,91.6,434.18,156.64,277.54
20260301,SKU-0091,Dairy,North,Retail,120.2,569.75,205.54,364.21
20260401,SKU-0091,Dairy,North,Retail,126.7,600.56,216.66,383.9
20260501,SKU-0091,Dairy,North,Retail,151.5,718.11,259.06,459.05
20260601,SKU-0091,Dairy,North,Retail,169.7,804.38,290.19,514.19
20240701,SKU-0092,Frozen,North,Wholesale,121.0,738.1,340.01,398.09
20240801,SKU-0092,Frozen,North,Wholesale,114.3,697.23,321.18,376.05
20240901,SKU-0092,Frozen,North,Wholesale,95.3,581.33,267.79,313.54
20241001,SKU-0092,Frozen,North,Wholesale,60.1,366.61,168.88,197.73
20241101,SKU-0092,Frozen,North,Wholesale,51.6,314.76,145.0,169.76
20241201,SKU-0092,Frozen,North,Wholesale,93.5,570.35,262.74,307.61
20250101,SKU-0092,Frozen,North,Wholesale,91.8,559.98,257.96,302.02
20250201,SKU-0092,Frozen,North,Wholesale,67.6,412.36,189.96,222.4
20250301,SKU-0092,Frozen,North,Wholesale,102.5,625.25,288.02,337.23
20250401,SKU-0092,Frozen,North,Wholesale,129.0,786.9,362.49,424.41
20250501,SKU-0092,Frozen,North,Wholesale,91.6,558.76,257.4,301.36
20250601,SKU-0092,Frozen,North,Wholesale,103.0,628.3,289.43,338.87
20250701,SKU-0092,Frozen,North,Wholesale,72.7,443.47,204.29,239.18
20250801,SKU-0092,Frozen,North,Wholesale,95.7,583.77,268.92,314.85
20250901,SKU-0092,Frozen,North,Wholesale,107.7,656.97,302.64,354.33
20251001,SKU-0092,Frozen,North,Wholesale,79.5,484.95,223.4,261.55
20251101,SKU-0092,Frozen,North,Wholesale,101.0,616.1,283.81,332.29
20251201,SKU-0092,Frozen,North,Wholesale,39.6,241.56,111.28,130.28
20260101,SKU-0092,Frozen,North,Wholesale,84.8,517.28,238.29,278.99
20260201,SKU-0092,Frozen,North,Wholesale,100.1,610.61,281.28,329.33
20260301,SKU-0092,Frozen,North,Wholesale,92.0,561.2,258.52,302.68
20260401,SKU-0092,Frozen,North,Wholesale,144.5,881.45,406.04,475.41
20260501,SKU-0092,Frozen,North,Wholesale,138.2,843.02,388.34,454.68
20260601,SKU-0092,Frozen,North,Wholesale,165.8,1011.38,465.9,545.48
20240701,SKU-0093,Household,South,Wholesale,38.2,406.45,119.18,287.27
20240801,SKU-0093,Household,South,Wholesale,74.8,795.87,233.38,562.49
20240901,SKU-0093,Household,South,Wholesale,90.2,959.73,281.42,678.31
20241001,SKU-0093,Household,South,Wholesale,116.6,1240.62,363.79,876.83
20241101,SKU-0093,Household,South,Wholesale,136.1,1448.1,424.63,1023.47
20241201,SKU-0093,Household,South,Wholesale,102.2,1087.41,318.86,768.55
20250101,SKU-0093,Household,South,Wholesale,34.2,363.89,106.7,257.19
20250201,SKU-0093,Household,South,Wholesale,123.2,1310.85,384.38,926.47
20250301,SKU-0093,Household,South,Wholesale,153.4,1632.18,478.61,1153.57
20250401,SKU-0093,Household,South,Wholesale,90.4,961.86,282.05,679.81
20250501,SKU-0093,Household,South,Wholesale,54.7,582.01,170.66,411.35
20250601,SKU-0093,Household,South,Wholesale,95.8,1019.31,298.9,720.41
20250701,SKU-0093,Household,South,Wholesale,90.4,961.86,282.05,679.81
20250801,SKU-0093,Household,South,Wholesale,78.5,835.24,244.92,590.32
20250901,SKU-0093,Household,South,Wholesale,31.4,334.1,97.97,236.13
20251001,SKU-0093,Household,South,Wholesale,106.6,1134.22,332.59,801.63
20251101,SKU-0093,Household,South,Wholesale,85.5,909.72,266.76,642.96
20251201,SKU-0093,Household,South,Wholesale,134.2,1427.89,418.7,1009.19
20260101,SKU-0093,Household,South,Wholesale,94.8,1008.67,295.78,712.89
20260201,SKU-0093,Household,South,Wholesale,90.7,965.05,282.98,682.07
20260301,SKU-0093,Household,South,Wholesale,88.6,942.7,276.43,666.27
20260401,SKU-0093,Household,South,Wholesale,148.5,1580.04,463.32,1116.72
20260501,SKU-0093,Household,South,Wholesale,79.3,843.75,247.42,596.33
20260601,SKU-0093,Household,South,Wholesale,95.2,1012.93,297.02,715.91
20240701,SKU-0094,Personal Care,East,Wholesale,168.1,2366.85,455.55,1911.3
20240801,SKU-0094,Personal Care,East,Wholesale,210.6,2965.25,570.73,2394.52
20240901,SKU-0094,Personal Care,East,Wholesale,207.8,2925.82,563.14,2362.68
20241001,SKU-0094,Personal Care,East,Wholesale,180.3,2538.62,488.61,2050.01
20241101,SKU-0094,Personal Care,East,Wholesale,131.6,1852.93,356.64,1496.29
20241201,SKU-0094,Personal Care,East,Wholesale,163.7,2304.9,443.63,1861.27
20250101,SKU-0094,Personal Care,East,Wholesale,194.2,2734.34,526.28,2208.06
20250201,SKU-0094,Personal Care,East,Wholesale,183.2,2579.46,496.47,2082.99
20250301,SKU-0094,Personal Care,East,Wholesale,146.7,2065.54,397.56,1667.98
20250401,SKU-0094,Personal Care,East,Wholesale,163.7,2304.9,443.63,1861.27
20250501,SKU-0094,Personal Care,East,Wholesale,187.3,2637.18,507.58,2129.6
20250601,SKU-0094,Personal Care,East,Wholesale,212.2,2987.78,575.06,2412.72
20250701,SKU-0094,Personal Care,East,Wholesale,210.2,2959.62,569.64,2389.98
20250801,SKU-0094,Personal Care,East,Wholesale,221.2,3114.5,599.45,2515.05
20250901,SKU-0094,Personal Care,East,Wholesale,197.7,2783.62,535.77,2247.85
20251001,SKU-0094,Personal Care,East,Wholesale,203.4,2863.87,551.21,2312.66
20251101,SKU-0094,Personal Care,East,Wholesale,202.3,2848.38,548.23,2300.15
20251201,SKU-0094,Personal Care,East,Wholesale,215.9,3039.87,585.09,2454.78
20260101,SKU-0094,Personal Care,East,Wholesale,147.4,2075.39,399.45,1675.94
20260201,SKU-0094,Personal Care,East,Wholesale,165.1,2324.61,447.42,1877.19
20260301,SKU-0094,Personal Care,East,Wholesale,169.1,2380.93,458.26,1922.67
20260401,SKU-0094,Personal Care,East,Wholesale,128.7,1812.1,348.78,1463.32
20260501,SKU-0094,Personal Care,East,Wholesale,192.4,2708.99,521.4,2187.59
20260601,SKU-0094,Personal Care,East,Wholesale,220.8,3108.86,598.37,2510.49
20240701,SKU-0095,Confectionery,North,Retail,36.0,159.84,41.4,118.44
20240801,SKU-0095,Confectionery,North,Retail,32.4,143.86,37.26,106.6
20240901,SKU-0095,Confectionery,North,Retail,42.7,189.59,49.1,140.49
20241001,SKU-0095,Confectionery,North,Retail,49.5,219.78,56.92,162.86
20241101,SKU-0095,Confectionery,North,Retail,16.3,72.37,18.74,53.63
20241201,SKU-0095,Confectionery,North,Retail,43.3,192.25,49.79,142.46
20250101,SKU-0095,Confectionery,North,Retail,34.6,153.62,39.79,113.83
20250201,SKU-0095,Confectionery,North,Retail,44.4,197.14,51.06,146.08
20250301,SKU-0095,Confectionery,North,Retail,61.6,273.5,70.84,202.66
20250401,SKU-0095,Confectionery,North,Retail,39.3,174.49,45.19,129.3
20250501,SKU-0095,Confectionery,North,Retail,58.2,258.41,66.93,191.48
20250601,SKU-0095,Confectionery,North,Retail,51.4,228.22,59.11,169.11
20250701,SKU-0095,Confectionery,North,Retail,47.0,208.68,54.05,154.63
20250801,SKU-0095,Confectionery,North,Retail,3.4,15.1,3.91,11.19
20250901,SKU-0095,Confectionery,North,Retail,34.2,151.85,39.33,112.52
20251001,SKU-0095,Confectionery,North,Retail,34.9,154.96,40.14,114.82
20251101,SKU-0095,Confectionery,North,Retail,20.5,91.02,23.58,67.44
20251201,SKU-0095,Confectionery,North,Retail,61.0,270.84,70.15,200.69
20260101,SKU-0095,Confectionery,North,Retail,30.5,135.42,35.07,100.35
20260201,SKU-0095,Confectionery,North,Retail,23.2,103.01,26.68,76.33
20260301,SKU-0095,Confectionery,North,Retail,69.2,307.25,79.58,227.67
20260401,SKU-0095,Confectionery,North,Retail,53.4,237.1,61.41,175.69
20260501,SKU-0095,Confectionery,North,Retail,46.9,208.24,53.93,154.31
20260601,SKU-0095,Confectionery,North,Retail,42.8,190.03,49.22,140.81
20240701,SKU-0096,Pantry,East,Retail,301.5,1245.2,416.07,829.13
20240801,SKU-0096,Pantry,East,Retail,282.0,1164.66,389.16,775.5
20240901,SKU-0096,Pantry,East,Retail,374.2,1545.45,516.4,1029.05
20241001,SKU-0096,Pantry,East,Retail,133.7,552.18,184.51,367.67
20241101,SKU-0096,Pantry,East,Retail,367.9,1519.43,507.7,1011.73
20241201,SKU-0096,Pantry,East,Retail,202.2,835.09,279.04,556.05
20250101,SKU-0096,Pantry,East,Retail,256.9,1061.0,354.52,706.48
20250201,SKU-0096,Pantry,East,Retail,360.1,1487.21,496.94,990.27
20250301,SKU-0096,Pantry,East,Retail,333.3,1376.53,459.95,916.58
20250401,SKU-0096,Pantry,East,Retail,341.4,1409.98,471.13,938.85
20250501,SKU-0096,Pantry,East,Retail,315.0,1300.95,434.7,866.25
20250601,SKU-0096,Pantry,East,Retail,235.9,974.27,325.54,648.73
20250701,SKU-0096,Pantry,East,Retail,290.6,1200.18,401.03,799.15
20250801,SKU-0096,Pantry,East,Retail,515.5,2129.02,711.39,1417.63
20250901,SKU-0096,Pantry,East,Retail,361.3,1492.17,498.59,993.58
20251001,SKU-0096,Pantry,East,Retail,218.6,902.82,301.67,601.15
20251101,SKU-0096,Pantry,East,Retail,336.9,1391.4,464.92,926.48
20251201,SKU-0096,Pantry,East,Retail,188.3,777.68,259.85,517.83
20260101,SKU-0096,Pantry,East,Retail,254.2,1049.85,350.8,699.05
20260201,SKU-0096,Pantry,East,Retail,257.4,1063.06,355.21,707.85
20260301,SKU-0096,Pantry,East,Retail,226.3,934.62,312.29,622.33
20260401,SKU-0096,Pantry,East,Retail,468.6,1935.32,646.67,1288.65
20260501,SKU-0096,Pantry,East,Retail,463.4,1913.84,639.49,1274.35
20260601,SKU-0096,Pantry,East,Retail,502.1,2073.67,692.9,1380.77
20240701,SKU-0097,Beverages,South,Online,186.5,1305.5,302.13,1003.37
20240801,SKU-0097,Beverages,South,Online,180.0,1260.0,291.6,968.4
20240901,SKU-0097,Beverages,South,Online,138.1,966.7,223.72,742.98
20241001,SKU-0097,Beverages,South,Online,134.9,944.3,218.54,725.76
20241101,SKU-0097,Beverages,South,Online,244.4,1710.8,395.93,1314.87
20241201,SKU-0097,Beverages,South,Online,98.7,690.9,159.89,531.01
20250101,SKU-0097,Beverages,South,Online,183.1,1281.7,296.62,985.08
20250201,SKU-0097,Beverages,South,Online,127.6,893.2,206.71,686.49
20250301,SKU-0097,Beverages,South,Online,306.5,2145.5,496.53,1648.97
20250401,SKU-0097,Beverages,South,Online,248.2,1737.4,402.08,1335.32
20250501,SKU-0097,Beverages,South,Online,188.6,1320.2,305.53,1014.67
20250601,SKU-0097,Beverages,South,Online,138.8,971.6,224.86,746.74
20250701,SKU-0097,Beverages,South,Online,212.0,1484.0,343.44,1140.56
20250801,SKU-0097,Beverages,South,Online,100.4,702.8,162.65,540.15
20250901,SKU-0097,Beverages,South,Online,221.2,1548.4,358.34,1190.06
20251001,SKU-0097,Beverages,South,Online,165.8,1160.6,268.6,892.0
20251101,SKU-0097,Beverages,South,Online,208.5,1459.5,337.77,1121.73
20251201,SKU-0097,Beverages,South,Online,330.2,2311.4,534.92,1776.48
20260101,SKU-0097,Beverages,South,Online,326.0,2282.0,528.12,1753.88
20260201,SKU-0097,Beverages,South,Online,451.0,3157.0,730.62,2426.38
20260301,SKU-0097,Beverages,South,Online,224.0,1568.0,362.88,1205.12
20260401,SKU-0097,Beverages,South,Online,48.1,336.7,77.92,258.78
20260501,SKU-0097,Beverages,South,Online,366.3,2564.1,593.41,1970.69
20260601,SKU-0097,Beverages,South,Online,175.4,1227.8,284.15,943.65
20240701,SKU-0098,Snacks,Central,Online,299.4,1745.5,284.43,1461.07
20240801,SKU-0098,Snacks,Central,Online,307.2,1790.98,291.84,1499.14
20240901,SKU-0098,Snacks,Central,Online,253.7,1479.07,241.02,1238.05
20241001,SKU-0098,Snacks,Central,Online,290.3,1692.45,275.79,1416.66
20241101,SKU-0098,Snacks,Central,Online,354.2,2064.99,336.49,1728.5
20241201,SKU-0098,Snacks,Central,Online,259.0,1509.97,246.05,1263.92
20250101,SKU-0098,Snacks,Central,Online,224.4,1308.25,213.18,1095.07
20250201,SKU-0098,Snacks,Central,Online,253.1,1475.57,240.44,1235.13
20250301,SKU-0098,Snacks,Central,Online,209.8,1223.13,199.31,1023.82
20250401,SKU-0098,Snacks,Central,Online,302.5,1763.58,287.38,1476.2
20250501,SKU-0098,Snacks,Central,Online,188.6,1099.54,179.17,920.37
20250601,SKU-0098,Snacks,Central,Online,201.4,1174.16,191.33,982.83
20250701,SKU-0098,Snacks,Central,Online,187.6,1093.71,178.22,915.49
20250801,SKU-0098,Snacks,Central,Online,204.9,1194.57,194.66,999.91
20250901,SKU-0098,Snacks,Central,Online,288.9,1684.29,274.46,1409.83
20251001,SKU-0098,Snacks,Central,Online,244.0,1422.52,231.8,1190.72
20251101,SKU-0098,Snacks,Central,Online,307.9,1795.06,292.5,1502.56
20251201,SKU-0098,Snacks,Central,Online,305.7,1782.23,290.41,1491.82
20260101,SKU-0098,Snacks,Central,Online,220.7,1286.68,209.66,1077.02
20260201,SKU-0098,Snacks,Central,Online,314.1,1831.2,298.4,1532.8
20260301,SKU-0098,Snacks,Central,Online,221.8,1293.09,210.71,1082.38
20260401,SKU-0098,Snacks,Central,Online,289.0,1684.87,274.55,1410.32
20260501,SKU-0098,Snacks,Central,Online,238.0,1387.54,226.1,1161.44
20260601,SKU-0098,Snacks,Central,Online,307.9,1795.06,292.5,1502.56
20240701,SKU-0099,Dairy,East,Wholesale,50.5,272.7,89.89,182.81
20240801,SKU-0099,Dairy,East,Wholesale,57.0,307.8,101.46,206.34
20240901,SKU-0099,Dairy,East,Wholesale,49.8,268.92,88.64,180.28
20241001,SKU-0099,Dairy,East,Wholesale,52.9,285.66,94.16,191.5
20241101,SKU-0099,Dairy,East,Wholesale,47.1,254.34,83.84,170.5
20241201,SKU-0099,Dairy,East,Wholesale,35.0,189.0,62.3,126.7
20250101,SKU-0099,Dairy,East,Wholesale,33.8,182.52,60.16,122.36
20250201,SKU-0099,Dairy,East,Wholesale,39.7,214.38,70.67,143.71
20250301,SKU-0099,Dairy,East,Wholesale,33.3,179.82,59.27,120.55
20250401,SKU-0099,Dairy,East,Wholesale,31.3,169.02,55.71,113.31
20250501,SKU-0099,Dairy,East,Wholesale,56.4,304.56,100.39,204.17
20250601,SKU-0099,Dairy,East,Wholesale,56.9,307.26,101.28,205.98
20250701,SKU-0099,Dairy,East,Wholesale,61.1,329.94,108.76,221.18
20250801,SKU-0099,Dairy,East,Wholesale,54.1,292.14,96.3,195.84
20250901,SKU-0099,Dairy,East,Wholesale,44.9,242.46,79.92,162.54
20251001,SKU-0099,Dairy,East,Wholesale,24.3,131.22,43.25,87.97
20251101,SKU-0099,Dairy,East,Wholesale,46.2,249.48,82.24,167.24
20251201,SKU-0099,Dairy,East,Wholesale,33.8,182.52,60.16,122.36
20260101,SKU-0099,Dairy,East,Wholesale,39.2,211.68,69.78,141.9
20260201,SKU-0099,Dairy,East,Wholesale,36.3,196.02,64.61,131.41
20260301,SKU-0099,Dairy,East,Wholesale,47.4,255.96,84.37,171.59
20260401,SKU-0099,Dairy,East,Wholesale,55.6,300.24,98.97,201.27
20260501,SKU-0099,Dairy,East,Wholesale,57.3,309.42,101.99,207.43
20260601,SKU-0099,Dairy,East,Wholesale,70.7,381.78,125.85,255.93
20240701,SKU-0100,Frozen,North,Retail,174.5,1047.0,406.58,640.42
20240801,SKU-0100,Frozen,North,Retail,155.8,934.8,363.01,571.79
20240901,SKU-0100,Frozen,North,Retail,80.2,481.2,186.87,294.33
20241001,SKU-0100,Frozen,North,Retail,169.8,1018.8,395.63,623.17
20241101,SKU-0100,Frozen,North,Retail,165.6,993.6,385.85,607.75
20241201,SKU-0100,Frozen,North,Retail,126.6,759.6,294.98,464.62
20250101,SKU-0100,Frozen,North,Retail,169.6,1017.6,395.17,622.43
20250201,SKU-0100,Frozen,North,Retail,90.4,542.4,210.63,331.77
20250301,SKU-0100,Frozen,North,Retail,112.6,675.6,262.36,413.24
20250401,SKU-0100,Frozen,North,Retail,120.5,723.0,280.76,442.24
20250501,SKU-0100,Frozen,North,Retail,148.4,890.4,345.77,544.63
20250601,SKU-0100,Frozen,North,Retail,262.5,1575.0,611.62,963.38
20250701,SKU-0100,Frozen,North,Retail,46.5,279.0,108.34,170.66
20250801,SKU-0100,Frozen,North,Retail,143.2,859.2,333.66,525.54
20250901,SKU-0100,Frozen,North,Retail,185.5,1113.0,432.22,680.78
20251001,SKU-0100,Frozen,North,Retail,91.8,550.8,213.89,336.91
20251101,SKU-0100,Frozen,North,Retail,131.9,791.4,307.33,484.07
20251201,SKU-0100,Frozen,North,Retail,84.3,505.8,196.42,309.38
20260101,SKU-0100,Frozen,North,Retail,221.0,1326.0,514.93,811.07
20260201,SKU-0100,Frozen,North,Retail,184.0,1104.0,428.72,675.28
20260301,SKU-0100,Frozen,North,Retail,280.4,1682.4,653.33,1029.07
20260401,SKU-0100,Frozen,North,Retail,170.2,1021.2,396.57,624.63
20260501,SKU-0100,Frozen,North,Retail,90.0,540.0,209.7,330.3
20260601,SKU-0100,Frozen,North,Retail,182.8,1096.8,425.92,670.88
20240701,SKU-0101,Household,North,Retail,30.3,241.79,83.63,158.16
20240801,SKU-0101,Household,North,Retail,41.7,332.77,115.09,217.68
20240901,SKU-0101,Household,North,Retail,26.6,212.27,73.42,138.85
20241001,SKU-0101,Household,North,Retail,28.6,228.23,78.94,149.29
20241101,SKU-0101,Household,North,Retail,43.2,344.74,119.23,225.51
20241201,SKU-0101,Household,North,Retail,41.3,329.57,113.99,215.58
20250101,SKU-0101,Household,North,Retail,42.5,339.15,117.3,221.85
20250201,SKU-0101,Household,North,Retail,48.8,389.42,134.69,254.73
20250301,SKU-0101,Household,North,Retail,44.5,355.11,122.82,232.29
20250401,SKU-0101,Household,North,Retail,55.9,446.08,154.28,291.8
20250501,SKU-0101,Household,North,Retail,58.5,466.83,161.46,305.37
20250601,SKU-0101,Household,North,Retail,44.2,352.72,121.99,230.73
20250701,SKU-0101,Household,North,Retail,57.1,455.66,157.6,298.06
20250801,SKU-0101,Household,North,Retail,34.1,272.12,94.12,178.0
20250901,SKU-0101,Household,North,Retail,32.8,261.74,90.53,171.21
20251001,SKU-0101,Household,North,Retail,23.9,190.72,65.96,124.76
20251101,SKU-0101,Household,North,Retail,43.9,350.32,121.16,229.16
20251201,SKU-0101,Household,North,Retail,41.9,334.36,115.64,218.72
20260101,SKU-0101,Household,North,Retail,52.8,421.34,145.73,275.61
20260201,SKU-0101,Household,North,Retail,45.8,365.48,126.41,239.07
20260301,SKU-0101,Household,North,Retail,38.6,308.03,106.54,201.49
20260401,SKU-0101,Household,North,Retail,51.7,412.57,142.69,269.88
20260501,SKU-0101,Household,North,Retail,41.2,328.78,113.71,215.07
20260601,SKU-0101,Household,North,Retail,45.3,361.49,125.03,236.46
20240701,SKU-0102,Personal Care,North,Retail,64.3,900.84,279.7,621.14
20240801,SKU-0102,Personal Care,North,Retail,162.6,2278.03,707.31,1570.72
20240901,SKU-0102,Personal Care,North,Retail,147.6,2067.88,642.06,1425.82
20241001,SKU-0102,Personal Care,North,Retail,161.1,2257.01,700.78,1556.23
20241101,SKU-0102,Personal Care,North,Retail,154.8,2168.75,673.38,1495.37
20241201,SKU-0102,Personal Care,North,Retail,163.4,2289.23,710.79,1578.44
20250101,SKU-0102,Personal Care,North,Retail,96.9,1357.57,421.52,936.05
20250201,SKU-0102,Personal Care,North,Retail,121.0,1695.21,526.35,1168.86
20250301,SKU-0102,Personal Care,North,Retail,167.2,2342.47,727.32,1615.15
20250401,SKU-0102,Personal Care,North,Retail,146.3,2049.66,636.4,1413.26
20250501,SKU-0102,Personal Care,North,Retail,79.4,1112.39,345.39,767.0
20250601,SKU-0102,Personal Care,North,Retail,149.4,2093.09,649.89,1443.2
20250701,SKU-0102,Personal Care,North,Retail,166.8,2336.87,725.58,1611.29
20250801,SKU-0102,Personal Care,North,Retail,194.1,2719.34,844.33,1875.01
20250901,SKU-0102,Personal Care,North,Retail,82.2,1151.62,357.57,794.05
20251001,SKU-0102,Personal Care,North,Retail,216.4,3031.76,941.34,2090.42
20251101,SKU-0102,Personal Care,North,Retail,256.3,3590.76,1114.9,2475.86
20251201,SKU-0102,Personal Care,North,Retail,97.7,1368.78,425.0,943.78
20260101,SKU-0102,Personal Care,North,Retail,226.4,3171.86,984.84,2187.02
20260201,SKU-0102,Personal Care,North,Retail,207.4,2905.67,902.19,2003.48
20260301,SKU-0102,Personal Care,North,Retail,250.7,3512.31,1090.54,2421.77
20260401,SKU-0102,Personal Care,North,Retail,161.1,2257.01,700.78,1556.23
20260501,SKU-0102,Personal Care,North,Retail,126.5,1772.26,550.28,1221.98
20260601,SKU-0102,Personal Care,North,Retail,111.1,1556.51,483.28,1073.23
20240701,SKU-0103,Confectionery,Central,Online,113.2,322.62,96.22,226.4
20240801,SKU-0103,Confectionery,Central,Online,113.8,324.33,96.73,227.6
20240901,SKU-0103,Confectionery,Central,Online,38.1,108.58,32.38,76.2
20241001,SKU-0103,Confectionery,Central,Online,63.8,181.83,54.23,127.6
20241101,SKU-0103,Confectionery,Central,Online,125.3,357.1,106.5,250.6
20241201,SKU-0103,Confectionery,Central,Online,113.6,323.76,96.56,227.2
20250101,SKU-0103,Confectionery,Central,Online,85.5,243.68,72.68,171.0
20250201,SKU-0103,Confectionery,Central,Online,129.0,367.65,109.65,258.0
20250301,SKU-0103,Confectionery,Central,Online,148.7,423.79,126.39,297.4
20250401,SKU-0103,Confectionery,Central,Online,129.1,367.94,109.73,258.21
20250501,SKU-0103,Confectionery,Central,Online,123.3,351.4,104.8,246.6
20250601,SKU-0103,Confectionery,Central,Online,86.7,247.1,73.7,173.4
20250701,SKU-0103,Confectionery,Central,Online,84.5,240.82,71.82,169.0
20250801,SKU-0103,Confectionery,Central,Online,124.5,354.82,105.82,249.0
20250901,SKU-0103,Confectionery,Central,Online,70.9,202.07,60.26,141.81
20251001,SKU-0103,Confectionery,Central,Online,85.9,244.82,73.02,171.8
20251101,SKU-0103,Confectionery,Central,Online,137.3,391.31,116.71,274.6
20251201,SKU-0103,Confectionery,Central,Online,171.8,489.63,146.03,343.6
20260101,SKU-0103,Confectionery,Central,Online,83.2,237.12,70.72,166.4
20260201,SKU-0103,Confectionery,Central,Online,124.7,355.4,106.0,249.4
20260301,SKU-0103,Confectionery,Central,Online,89.2,254.22,75.82,178.4
20260401,SKU-0103,Confectionery,Central,Online,148.8,424.08,126.48,297.6
20260501,SKU-0103,Confectionery,Central,Online,133.4,380.19,113.39,266.8
20260601,SKU-0103,Confectionery,Central,Online,97.3,277.3,82.7,194.6
20240701,SKU-0104,Pantry,North,Wholesale,116.2,395.08,158.03,237.05
20240801,SKU-0104,Pantry,North,Wholesale,126.4,429.76,171.9,257.86
20240901,SKU-0104,Pantry,North,Wholesale,111.5,379.1,151.64,227.46
20241001,SKU-0104,Pantry,North,Wholesale,146.6,498.44,199.38,299.06
20241101,SKU-0104,Pantry,North,Wholesale,153.2,520.88,208.35,312.53
20241201,SKU-0104,Pantry,North,Wholesale,27.2,92.48,36.99,55.49
20250101,SKU-0104,Pantry,North,Wholesale,138.3,470.22,188.09,282.13
20250201,SKU-0104,Pantry,North,Wholesale,113.5,385.9,154.36,231.54
20250301,SKU-0104,Pantry,North,Wholesale,159.3,541.62,216.65,324.97
20250401,SKU-0104,Pantry,North,Wholesale,226.5,770.1,308.04,462.06
20250501,SKU-0104,Pantry,North,Wholesale,118.4,402.56,161.02,241.54
20250601,SKU-0104,Pantry,North,Wholesale,142.3,483.82,193.53,290.29
20250701,SKU-0104,Pantry,North,Wholesale,99.7,338.98,135.59,203.39
20250801,SKU-0104,Pantry,North,Wholesale,132.8,451.52,180.61,270.91
20250901,SKU-0104,Pantry,North,Wholesale,142.8,485.52,194.21,291.31
20251001,SKU-0104,Pantry,North,Wholesale,97.3,330.82,132.33,198.49
20251101,SKU-0104,Pantry,North,Wholesale,111.9,380.46,152.18,228.28
20251201,SKU-0104,Pantry,North,Wholesale,58.0,197.2,78.88,118.32
20260101,SKU-0104,Pantry,North,Wholesale,97.4,331.16,132.46,198.7
20260201,SKU-0104,Pantry,North,Wholesale,192.0,652.8,261.12,391.68
20260301,SKU-0104,Pantry,North,Wholesale,194.8,662.32,264.93,397.39
20260401,SKU-0104,Pantry,North,Wholesale,165.9,564.06,225.62,338.44
20260501,SKU-0104,Pantry,North,Wholesale,219.4,745.96,298.38,447.58
20260601,SKU-0104,Pantry,North,Wholesale,107.9,366.86,146.74,220.12
20240701,SKU-0105,Beverages,Central,Wholesale,189.4,1308.75,524.64,784.11
20240801,SKU-0105,Beverages,Central,Wholesale,175.7,1214.09,486.69,727.4
20240901,SKU-0105,Beverages,Central,Wholesale,104.9,724.86,290.57,434.29
20241001,SKU-0105,Beverages,Central,Wholesale,115.4,797.41,319.66,477.75
20241101,SKU-0105,Beverages,Central,Wholesale,160.6,1109.75,444.86,664.89
20241201,SKU-0105,Beverages,Central,Wholesale,161.0,1112.51,445.97,666.54
20250101,SKU-0105,Beverages,Central,Wholesale,183.0,1264.53,506.91,757.62
20250201,SKU-0105,Beverages,Central,Wholesale,269.9,1865.01,747.62,1117.39
20250301,SKU-0105,Beverages,Central,Wholesale,217.3,1501.54,601.92,899.62
20250401,SKU-0105,Beverages,Central,Wholesale,249.5,1724.04,691.12,1032.92
20250501,SKU-0105,Beverages,Central,Wholesale,244.1,1686.73,676.16,1010.57
20250601,SKU-0105,Beverages,Central,Wholesale,182.1,1258.31,504.42,753.89
20250701,SKU-0105,Beverages,Central,Wholesale,170.1,1175.39,471.18,704.21
20250801,SKU-0105,Beverages,Central,Wholesale,142.8,986.75,395.56,591.19
20250901,SKU-0105,Beverages,Central,Wholesale,173.7,1200.27,481.15,719.12
20251001,SKU-0105,Beverages,Central,Wholesale,154.6,1068.29,428.24,640.05
20251101,SKU-0105,Beverages,Central,Wholesale,120.7,834.04,334.34,499.7
20251201,SKU-0105,Beverages,Central,Wholesale,219.1,1513.98,606.91,907.07
20260101,SKU-0105,Beverages,Central,Wholesale,161.4,1115.27,447.08,668.19
20260201,SKU-0105,Beverages,Central,Wholesale,156.6,1082.11,433.78,648.33
20260301,SKU-0105,Beverages,Central,Wholesale,214.3,1480.81,593.61,887.2
20260401,SKU-0105,Beverages,Central,Wholesale,199.6,1379.24,552.89,826.35
20260501,SKU-0105,Beverages,Central,Wholesale,178.0,1229.98,493.06,736.92
20260601,SKU-0105,Beverages,Central,Wholesale,178.0,1229.98,493.06,736.92
20240701,SKU-0106,Snacks,North,Retail,105.2,512.32,135.71,376.61
20240801,SKU-0106,Snacks,North,Retail,103.9,505.99,134.03,371.96
20240901,SKU-0106,Snacks,North,Retail,110.2,536.67,142.16,394.51
20241001,SKU-0106,Snacks,North,Retail,125.2,609.72,161.51,448.21
20241101,SKU-0106,Snacks,North,Retail,133.0,647.71,171.57,476.14
20241201,SKU-0106,Snacks,North,Retail,130.0,633.1,167.7,465.4
20250101,SKU-0106,Snacks,North,Retail,148.7,724.17,191.82,532.35
20250201,SKU-0106,Snacks,North,Retail,151.8,739.27,195.82,543.45
20250301,SKU-0106,Snacks,North,Retail,107.7,524.5,138.93,385.57
20250401,SKU-0106,Snacks,North,Retail,115.7,563.46,149.25,414.21
20250501,SKU-0106,Snacks,North,Retail,112.8,549.34,145.51,403.83
20250601,SKU-0106,Snacks,North,Retail,123.2,599.98,158.93,441.05
20250701,SKU-0106,Snacks,North,Retail,99.6,485.05,128.48,356.57
20250801,SKU-0106,Snacks,North,Retail,149.9,730.01,193.37,536.64
20250901,SKU-0106,Snacks,North,Retail,136.4,664.27,175.96,488.31
20251001,SKU-0106,Snacks,North,Retail,150.4,732.45,194.02,538.43
20251101,SKU-0106,Snacks,North,Retail,148.3,722.22,191.31,530.91
20251201,SKU-0106,Snacks,North,Retail,111.8,544.47,144.22,400.25
20260101,SKU-0106,Snacks,North,Retail,161.5,786.5,208.34,578.16
20260201,SKU-0106,Snacks,North,Retail,161.6,786.99,208.46,578.53
20260301,SKU-0106,Snacks,North,Retail,181.3,882.93,233.88,649.05
20260401,SKU-0106,Snacks,North,Retail,121.6,592.19,156.86,435.33
20260501,SKU-0106,Snacks,North,Retail,113.0,550.31,145.77,404.54
20260601,SKU-0106,Snacks,North,Retail,132.9,647.22,171.44,475.78
20240701,SKU-0107,Dairy,North,Retail,190.3,607.06,308.29,298.77
20240801,SKU-0107,Dairy,North,Retail,166.4,530.82,269.57,261.25
20240901,SKU-0107,Dairy,North,Retail,142.9,455.85,231.5,224.35
20241001,SKU-0107,Dairy,North,Retail,133.9,427.14,216.92,210.22
20241101,SKU-0107,Dairy,North,Retail,140.4,447.88,227.45,220.43
20241201,SKU-0107,Dairy,North,Retail,98.8,315.17,160.06,155.11
20250101,SKU-0107,Dairy,North,Retail,94.3,300.82,152.77,148.05
20250201,SKU-0107,Dairy,North,Retail,114.7,365.89,185.81,180.08
20250301,SKU-0107,Dairy,North,Retail,88.8,283.27,143.86,139.41
20250401,SKU-0107,Dairy,North,Retail,133.6,426.18,216.43,209.75
20250501,SKU-0107,Dairy,North,Retail,160.3,511.36,259.69,251.67
20250601,SKU-0107,Dairy,North,Retail,192.3,613.44,311.53,301.91
20250701,SKU-0107,Dairy,North,Retail,155.3,495.41,251.59,243.82
20250801,SKU-0107,Dairy,North,Retail,176.0,561.44,285.12,276.32
20250901,SKU-0107,Dairy,North,Retail,208.1,663.84,337.12,326.72
20251001,SKU-0107,Dairy,North,Retail,128.3,409.28,207.85,201.43
20251101,SKU-0107,Dairy,North,Retail,159.5,508.8,258.39,250.41
20251201,SKU-0107,Dairy,North,Retail,149.9,478.18,242.84,235.34
20260101,SKU-0107,Dairy,North,Retail,99.9,318.68,161.84,156.84
20260201,SKU-0107,Dairy,North,Retail,73.3,233.83,118.75,115.08
20260301,SKU-0107,Dairy,North,Retail,94.9,302.73,153.74,148.99
20260401,SKU-0107,Dairy,North,Retail,174.7,557.29,283.01,274.28
20260501,SKU-0107,Dairy,North,Retail,151.3,482.65,245.11,237.54
20260601,SKU-0107,Dairy,North,Retail,168.6,537.83,273.13,264.7
20240701,SKU-0108,Frozen,Central,Online,239.9,1609.73,594.95,1014.78
20240801,SKU-0108,Frozen,Central,Online,202.9,1361.46,503.19,858.27
20240901,SKU-0108,Frozen,Central,Online,119.4,801.17,296.11,505.06
20241001,SKU-0108,Frozen,Central,Online,140.9,945.44,349.43,596.01
20241101,SKU-0108,Frozen,Central,Online,145.9,978.99,361.83,617.16
20241201,SKU-0108,Frozen,Central,Online,168.6,1131.31,418.13,713.18
20250101,SKU-0108,Frozen,Central,Online,225.0,1509.75,558.0,951.75
20250201,SKU-0108,Frozen,Central,Online,254.3,1706.35,630.66,1075.69
20250301,SKU-0108,Frozen,Central,Online,112.3,753.53,278.5,475.03
20250401,SKU-0108,Frozen,Central,Online,255.7,1715.75,634.14,1081.61
20250501,SKU-0108,Frozen,Central,Online,316.8,2125.73,785.66,1340.07
20250601,SKU-0108,Frozen,Central,Online,192.4,1291.0,477.15,813.85
20250701,SKU-0108,Frozen,Central,Online,236.2,1584.9,585.78,999.12
20250801,SKU-0108,Frozen,Central,Online,215.7,1447.35,534.94,912.41
20250901,SKU-0108,Frozen,Central,Online,170.7,1145.4,423.34,722.06
20251001,SKU-0108,Frozen,Central,Online,154.1,1034.01,382.17,651.84
20251101,SKU-0108,Frozen,Central,Online,209.4,1405.07,519.31,885.76
20251201,SKU-0108,Frozen,Central,Online,186.1,1248.73,461.53,787.2
20260101,SKU-0108,Frozen,Central,Online,151.3,1015.22,375.22,640.0
20260201,SKU-0108,Frozen,Central,Online,169.7,1138.69,420.86,717.83
20260301,SKU-0108,Frozen,Central,Online,137.0,919.27,339.76,579.51
20260401,SKU-0108,Frozen,Central,Online,321.7,2158.61,797.82,1360.79
20260501,SKU-0108,Frozen,Central,Online,123.0,825.33,305.04,520.29
20260601,SKU-0108,Frozen,Central,Online,249.0,1670.79,617.52,1053.27
20240701,SKU-0109,Household,South,Wholesale,121.3,1475.01,464.58,1010.43
20240801,SKU-0109,Household,South,Wholesale,116.8,1420.29,447.34,972.95
20240901,SKU-0109,Household,South,Wholesale,101.8,1237.89,389.89,848.0
20241001,SKU-0109,Household,South,Wholesale,108.5,1319.36,415.56,903.8
20241101,SKU-0109,Household,South,Wholesale,136.7,1662.27,523.56,1138.71
20241201,SKU-0109,Household,South,Wholesale,96.9,1178.3,371.13,807.17
20250101,SKU-0109,Household,South,Wholesale,189.5,2304.32,725.78,1578.54
20250201,SKU-0109,Household,South,Wholesale,146.1,1776.58,559.56,1217.02
20250301,SKU-0109,Household,South,Wholesale,122.1,1484.74,467.64,1017.1
20250401,SKU-0109,Household,South,Wholesale,169.2,2057.47,648.04,1409.43
20250501,SKU-0109,Household,South,Wholesale,142.9,1737.66,547.31,1190.35
20250601,SKU-0109,Household,South,Wholesale,124.0,1507.84,474.92,1032.92
20250701,SKU-0109,Household,South,Wholesale,73.4,892.54,281.12,611.42
20250801,SKU-0109,Household,South,Wholesale,101.7,1236.67,389.51,847.16
20250901,SKU-0109,Household,South,Wholesale,92.8,1128.45,355.42,773.03
20251001,SKU-0109,Household,South,Wholesale,72.4,880.38,277.29,603.09
20251101,SKU-0109,Household,South,Wholesale,136.2,1656.19,521.65,1134.54
20251201,SKU-0109,Household,South,Wholesale,174.3,2119.49,667.57,1451.92
20260101,SKU-0109,Household,South,Wholesale,191.5,2328.64,733.44,1595.2
20260201,SKU-0109,Household,South,Wholesale,118.7,1443.39,454.62,988.77
20260301,SKU-0109,Household,South,Wholesale,219.2,2665.47,839.54,1825.93
20260401,SKU-0109,Household,South,Wholesale,149.5,1817.92,572.58,1245.34
20260501,SKU-0109,Household,South,Wholesale,95.6,1162.5,366.15,796.35
20260601,SKU-0109,Household,South,Wholesale,205.5,2498.88,787.06,1711.82
20240701,SKU-0110,Personal Care,South,Retail,200.4,1881.76,755.51,1126.25
20240801,SKU-0110,Personal Care,South,Retail,151.7,1424.46,571.91,852.55
20240901,SKU-0110,Personal Care,South,Retail,177.3,1664.85,668.42,996.43
20241001,SKU-0110,Personal Care,South,Retail,161.4,1515.55,608.48,907.07
20241101,SKU-0110,Personal Care,South,Retail,209.7,1969.08,790.57,1178.51
20241201,SKU-0110,Personal Care,South,Retail,148.8,1397.23,560.98,836.25
20250101,SKU-0110,Personal Care,South,Retail,107.2,1006.61,404.14,602.47
20250201,SKU-0110,Personal Care,South,Retail,222.0,2084.58,836.94,1247.64
20250301,SKU-0110,Personal Care,South,Retail,117.1,1099.57,441.47,658.1
20250401,SKU-0110,Personal Care,South,Retail,171.5,1610.38,646.55,963.83
20250501,SKU-0110,Personal Care,South,Retail,151.8,1425.4,572.29,853.11
20250601,SKU-0110,Personal Care,South,Retail,142.6,1339.01,537.6,801.41
20250701,SKU-0110,Personal Care,South,Retail,67.8,636.64,255.61,381.03
20250801,SKU-0110,Personal Care,South,Retail,207.9,1952.18,783.78,1168.4
20250901,SKU-0110,Personal Care,South,Retail,278.2,2612.3,1048.81,1563.49
20251001,SKU-0110,Personal Care,South,Retail,274.8,2580.37,1036.0,1544.37
20251101,SKU-0110,Personal Care,South,Retail,181.6,1705.22,684.63,1020.59
20251201,SKU-0110,Personal Care,South,Retail,112.3,1054.5,423.37,631.13
20260101,SKU-0110,Personal Care,South,Retail,188.5,1770.02,710.64,1059.38
20260201,SKU-0110,Personal Care,South,Retail,68.8,646.03,259.38,386.65
20260301,SKU-0110,Personal Care,South,Retail,135.4,1271.41,510.46,760.95
20260401,SKU-0110,Personal Care,South,Retail,232.0,2178.48,874.64,1303.84
20260501,SKU-0110,Personal Care,South,Retail,95.7,898.62,360.79,537.83
20260601,SKU-0110,Personal Care,South,Retail,140.5,1319.3,529.69,789.61
20240701,SKU-0111,Confectionery,West,Retail,54.3,244.89,71.68,173.21
20240801,SKU-0111,Confectionery,West,Retail,55.8,251.66,73.66,178.0
20240901,SKU-0111,Confectionery,West,Retail,54.0,243.54,71.28,172.26
20241001,SKU-0111,Confectionery,West,Retail,19.3,87.04,25.48,61.56
20241101,SKU-0111,Confectionery,West,Retail,95.1,428.9,125.53,303.37
20241201,SKU-0111,Confectionery,West,Retail,91.9,414.47,121.31,293.16
20250101,SKU-0111,Confectionery,West,Retail,118.2,533.08,156.02,377.06
20250201,SKU-0111,Confectionery,West,Retail,62.1,280.07,81.97,198.1
20250301,SKU-0111,Confectionery,West,Retail,78.0,351.78,102.96,248.82
20250401,SKU-0111,Confectionery,West,Retail,80.9,364.86,106.79,258.07
20250501,SKU-0111,Confectionery,West,Retail,52.5,236.77,69.3,167.47
20250601,SKU-0111,Confectionery,West,Retail,94.0,423.94,124.08,299.86
20250701,SKU-0111,Confectionery,West,Retail,15.1,68.1,19.93,48.17
20250801,SKU-0111,Confectionery,West,Retail,41.0,184.91,54.12,130.79
20250901,SKU-0111,Confectionery,West,Retail,49.1,221.44,64.81,156.63
20251001,SKU-0111,Confectionery,West,Retail,69.3,312.54,91.48,221.06
20251101,SKU-0111,Confectionery,West,Retail,82.4,371.62,108.77,262.85
20251201,SKU-0111,Confectionery,West,Retail,63.3,285.48,83.56,201.92
20260101,SKU-0111,Confectionery,West,Retail,108.4,488.88,143.09,345.79
20260201,SKU-0111,Confectionery,West,Retail,52.4,236.32,69.17,167.15
20260301,SKU-0111,Confectionery,West,Retail,52.9,238.58,69.83,168.75
20260401,SKU-0111,Confectionery,West,Retail,42.2,190.32,55.7,134.62
20260501,SKU-0111,Confectionery,West,Retail,84.1,379.29,111.01,268.28
20260601,SKU-0111,Confectionery,West,Retail,84.1,379.29,111.01,268.28
20240701,SKU-0112,Pantry,East,Wholesale,199.3,837.06,336.82,500.24
20240801,SKU-0112,Pantry,East,Wholesale,144.8,608.16,244.71,363.45
20240901,SKU-0112,Pantry,East,Wholesale,145.6,611.52,246.06,365.46
20241001,SKU-0112,Pantry,East,Wholesale,79.7,334.74,134.69,200.05
20241101,SKU-0112,Pantry,East,Wholesale,28.4,119.28,48.0,71.28
20241201,SKU-0112,Pantry,East,Wholesale,102.5,430.5,173.22,257.28
20250101,SKU-0112,Pantry,East,Wholesale,133.9,562.38,226.29,336.09
20250201,SKU-0112,Pantry,East,Wholesale,184.6,775.32,311.97,463.35
20250301,SKU-0112,Pantry,East,Wholesale,251.0,1054.2,424.19,630.01
20250401,SKU-0112,Pantry,East,Wholesale,94.3,396.06,159.37,236.69
20250501,SKU-0112,Pantry,East,Wholesale,308.8,1296.96,521.87,775.09
20250601,SKU-0112,Pantry,East,Wholesale,140.9,591.78,238.12,353.66
20250701,SKU-0112,Pantry,East,Wholesale,53.1,223.02,89.74,133.28
20250801,SKU-0112,Pantry,East,Wholesale,207.6,871.92,350.84,521.08
20250901,SKU-0112,Pantry,East,Wholesale,217.1,911.82,366.9,544.92
20251001,SKU-0112,Pantry,East,Wholesale,147.2,618.24,248.77,369.47
20251101,SKU-0112,Pantry,East,Wholesale,144.1,605.22,243.53,361.69
20251201,SKU-0112,Pantry,East,Wholesale,119.0,499.8,201.11,298.69
20260101,SKU-0112,Pantry,East,Wholesale,108.5,455.7,183.36,272.34
20260201,SKU-0112,Pantry,East,Wholesale,132.6,556.92,224.09,332.83
20260301,SKU-0112,Pantry,East,Wholesale,310.4,1303.68,524.58,779.1
20260401,SKU-0112,Pantry,East,Wholesale,157.1,659.82,265.5,394.32
20260501,SKU-0112,Pantry,East,Wholesale,62.9,264.18,106.3,157.88
20260601,SKU-0112,Pantry,East,Wholesale,268.2,1126.44,453.26,673.18
20240701,SKU-0113,Beverages,West,Wholesale,153.3,1106.83,257.54,849.29
20240801,SKU-0113,Beverages,West,Wholesale,82.8,597.82,139.1,458.72
20240901,SKU-0113,Beverages,West,Wholesale,124.3,897.45,208.82,688.63
20241001,SKU-0113,Beverages,West,Wholesale,90.9,656.3,152.71,503.59
20241101,SKU-0113,Beverages,West,Wholesale,158.5,1144.37,266.28,878.09
20241201,SKU-0113,Beverages,West,Wholesale,95.8,691.68,160.94,530.74
20250101,SKU-0113,Beverages,West,Wholesale,252.0,1819.44,423.36,1396.08
20250201,SKU-0113,Beverages,West,Wholesale,215.4,1555.19,361.87,1193.32
20250301,SKU-0113,Beverages,West,Wholesale,147.5,1064.95,247.8,817.15
20250401,SKU-0113,Beverages,West,Wholesale,278.4,2010.05,467.71,1542.34
20250501,SKU-0113,Beverages,West,Wholesale,194.8,1406.46,327.26,1079.2
20250601,SKU-0113,Beverages,West,Wholesale,134.3,969.65,225.62,744.03
20250701,SKU-0113,Beverages,West,Wholesale,60.5,436.81,101.64,335.17
20250801,SKU-0113,Beverages,West,Wholesale,217.6,1571.07,365.57,1205.5
20250901,SKU-0113,Beverages,West,Wholesale,137.8,994.92,231.5,763.42
20251001,SKU-0113,Beverages,West,Wholesale,160.1,1155.92,268.97,886.95
20251101,SKU-0113,Beverages,West,Wholesale,120.3,868.57,202.1,666.47
20251201,SKU-0113,Beverages,West,Wholesale,118.1,852.68,198.41,654.27
20260101,SKU-0113,Beverages,West,Wholesale,196.5,1418.73,330.12,1088.61
20260201,SKU-0113,Beverages,West,Wholesale,143.0,1032.46,240.24,792.22
20260301,SKU-0113,Beverages,West,Wholesale,257.0,1855.54,431.76,1423.78
20260401,SKU-0113,Beverages,West,Wholesale,232.1,1675.76,389.93,1285.83
20260501,SKU-0113,Beverages,West,Wholesale,202.3,1460.61,339.86,1120.75
20260601,SKU-0113,Beverages,West,Wholesale,108.5,783.37,182.28,601.09
20240701,SKU-0114,Snacks,North,Online,156.0,575.64,207.48,368.16
20240801,SKU-0114,Snacks,North,Online,163.6,603.68,217.59,386.09
20240901,SKU-0114,Snacks,North,Online,176.0,649.44,234.08,415.36
20241001,SKU-0114,Snacks,North,Online,259.1,956.08,344.6,611.48
20241101,SKU-0114,Snacks,North,Online,295.0,1088.55,392.35,696.2
20241201,SKU-0114,Snacks,North,Online,221.5,817.34,294.6,522.74
20250101,SKU-0114,Snacks,North,Online,210.9,778.22,280.5,497.72
20250201,SKU-0114,Snacks,North,Online,201.4,743.17,267.86,475.31
20250301,SKU-0114,Snacks,North,Online,203.1,749.44,270.12,479.32
20250401,SKU-0114,Snacks,North,Online,178.7,659.4,237.67,421.73
20250501,SKU-0114,Snacks,North,Online,206.9,763.46,275.18,488.28
20250601,SKU-0114,Snacks,North,Online,178.6,659.03,237.54,421.49
20250701,SKU-0114,Snacks,North,Online,249.2,919.55,331.44,588.11
20250801,SKU-0114,Snacks,North,Online,203.7,751.65,270.92,480.73
20250901,SKU-0114,Snacks,North,Online,247.8,914.38,329.57,584.81
20251001,SKU-0114,Snacks,North,Online,296.9,1095.56,394.88,700.68
20251101,SKU-0114,Snacks,North,Online,209.0,771.21,277.97,493.24
20251201,SKU-0114,Snacks,North,Online,376.4,1388.92,500.61,888.31
20260101,SKU-0114,Snacks,North,Online,240.2,886.34,319.47,566.87
20260201,SKU-0114,Snacks,North,Online,224.5,828.4,298.59,529.81
20260301,SKU-0114,Snacks,North,Online,158.7,585.6,211.07,374.53
20260401,SKU-0114,Snacks,North,Online,284.1,1048.33,377.85,670.48
20260501,SKU-0114,Snacks,North,Online,223.6,825.08,297.39,527.69
20260601,SKU-0114,Snacks,North,Online,220.5,813.64,293.27,520.37
20240701,SKU-0115,Dairy,West,Wholesale,215.3,1121.71,417.68,704.03
20240801,SKU-0115,Dairy,West,Wholesale,83.8,436.6,162.57,274.03
20240901,SKU-0115,Dairy,West,Wholesale,235.3,1225.91,456.48,769.43
20241001,SKU-0115,Dairy,West,Wholesale,183.8,957.6,356.57,601.03
20241101,SKU-0115,Dairy,West,Wholesale,148.7,774.73,288.48,486.25
20241201,SKU-0115,Dairy,West,Wholesale,106.8,556.43,207.19,349.24
20250101,SKU-0115,Dairy,West,Wholesale,86.2,449.1,167.23,281.87
20250201,SKU-0115,Dairy,West,Wholesale,154.2,803.38,299.15,504.23
20250301,SKU-0115,Dairy,West,Wholesale,109.7,571.54,212.82,358.72
20250401,SKU-0115,Dairy,West,Wholesale,194.2,1011.78,376.75,635.03
20250501,SKU-0115,Dairy,West,Wholesale,188.0,979.48,364.72,614.76
20250601,SKU-0115,Dairy,West,Wholesale,197.7,1030.02,383.54,646.48
20250701,SKU-0115,Dairy,West,Wholesale,182.9,952.91,354.83,598.08
20250801,SKU-0115,Dairy,West,Wholesale,199.7,1040.44,387.42,653.02
20250901,SKU-0115,Dairy,West,Wholesale,256.6,1336.89,497.8,839.09
20251001,SKU-0115,Dairy,West,Wholesale,192.0,1000.32,372.48,627.84
20251101,SKU-0115,Dairy,West,Wholesale,258.2,1345.22,500.91,844.31
20251201,SKU-0115,Dairy,West,Wholesale,64.4,335.52,124.94,210.58
20260101,SKU-0115,Dairy,West,Wholesale,146.9,765.35,284.99,480.36
20260201,SKU-0115,Dairy,West,Wholesale,81.0,422.01,157.14,264.87
20260301,SKU-0115,Dairy,West,Wholesale,114.9,598.63,222.91,375.72
20260401,SKU-0115,Dairy,West,Wholesale,224.8,1171.21,436.11,735.1
20260501,SKU-0115,Dairy,West,Wholesale,225.5,1174.86,437.47,737.39
20260601,SKU-0115,Dairy,West,Wholesale,217.8,1134.74,422.53,712.21
20240701,SKU-0116,Frozen,Central,Online,28.6,255.97,90.38,165.59
20240801,SKU-0116,Frozen,Central,Online,0.5,4.47,1.58,2.89
20240901,SKU-0116,Frozen,Central,Online,35.8,320.41,113.13,207.28
20241001,SKU-0116,Frozen,Central,Online,21.1,188.84,66.68,122.16
20241101,SKU-0116,Frozen,Central,Online,33.0,295.35,104.28,191.07
20241201,SKU-0116,Frozen,Central,Online,10.7,95.76,33.81,61.95
20250101,SKU-0116,Frozen,Central,Online,35.0,313.25,110.6,202.65
20250201,SKU-0116,Frozen,Central,Online,26.7,238.96,84.37,154.59
20250301,SKU-0116,Frozen,Central,Online,24.3,217.48,76.79,140.69
20250401,SKU-0116,Frozen,Central,Online,12.7,113.66,40.13,73.53
20250501,SKU-0116,Frozen,Central,Online,41.9,375.0,132.4,242.6
20250601,SKU-0116,Frozen,Central,Online,36.5,326.67,115.34,211.33
20250701,SKU-0116,Frozen,Central,Online,29.8,266.71,94.17,172.54
20250801,SKU-0116,Frozen,Central,Online,40.8,365.16,128.93,236.23
20250901,SKU-0116,Frozen,Central,Online,40.4,361.58,127.66,233.92
20251001,SKU-0116,Frozen,Central,Online,30.7,274.76,97.01,177.75
20251101,SKU-0116,Frozen,Central,Online,23.7,212.11,74.89,137.22
20251201,SKU-0116,Frozen,Central,Online,40.1,358.9,126.72,232.18
20260101,SKU-0116,Frozen,Central,Online,34.5,308.77,109.02,199.75
20260201,SKU-0116,Frozen,Central,Online,50.9,455.55,160.84,294.71
20260301,SKU-0116,Frozen,Central,Online,56.1,502.1,177.28,324.82
20260401,SKU-0116,Frozen,Central,Online,26.5,237.18,83.74,153.44
20260501,SKU-0116,Frozen,Central,Online,37.4,334.73,118.18,216.55
20260601,SKU-0116,Frozen,Central,Online,37.6,336.52,118.82,217.7
20240701,SKU-0117,Household,Central,Wholesale,128.1,1535.92,304.88,1231.04
20240801,SKU-0117,Household,Central,Wholesale,85.1,1020.35,202.54,817.81
20240901,SKU-0117,Household,Central,Wholesale,148.8,1784.11,354.14,1429.97
20241001,SKU-0117,Household,Central,Wholesale,108.0,1294.92,257.04,1037.88
20241101,SKU-0117,Household,Central,Wholesale,165.5,1984.34,393.89,1590.45
20241201,SKU-0117,Household,Central,Wholesale,179.7,2154.6,427.69,1726.91
20250101,SKU-0117,Household,Central,Wholesale,169.6,2033.5,403.65,1629.85
20250201,SKU-0117,Household,Central,Wholesale,193.5,2320.06,460.53,1859.53
20250301,SKU-0117,Household,Central,Wholesale,98.6,1182.21,234.67,947.54
20250401,SKU-0117,Household,Central,Wholesale,149.3,1790.11,355.33,1434.78
20250501,SKU-0117,Household,Central,Wholesale,151.8,1820.08,361.28,1458.8
20250601,SKU-0117,Household,Central,Wholesale,145.0,1738.55,345.1,1393.45
20250701,SKU-0117,Household,Central,Wholesale,126.0,1510.74,299.88,1210.86
20250801,SKU-0117,Household,Central,Wholesale,159.3,1910.01,379.13,1530.88
20250901,SKU-0117,Household,Central,Wholesale,170.4,2043.1,405.55,1637.55
20251001,SKU-0117,Household,Central,Wholesale,128.3,1538.32,305.35,1232.97
20251101,SKU-0117,Household,Central,Wholesale,124.8,1496.35,297.02,1199.33
20251201,SKU-0117,Household,Central,Wholesale,172.0,2062.28,409.36,1652.92
20260101,SKU-0117,Household,Central,Wholesale,145.1,1739.75,345.34,1394.41
20260201,SKU-0117,Household,Central,Wholesale,176.6,2117.43,420.31,1697.12
20260301,SKU-0117,Household,Central,Wholesale,164.6,1973.55,391.75,1581.8
20260401,SKU-0117,Household,Central,Wholesale,182.6,2189.37,434.59,1754.78
20260501,SKU-0117,Household,Central,Wholesale,168.5,2020.32,401.03,1619.29
20260601,SKU-0117,Household,Central,Wholesale,181.3,2173.79,431.49,1742.3
20240701,SKU-0118,Personal Care,North,Retail,166.2,1630.42,483.64,1146.78
20240801,SKU-0118,Personal Care,North,Retail,215.0,2109.15,625.65,1483.5
20240901,SKU-0118,Personal Care,North,Retail,252.1,2473.1,733.61,1739.49
20241001,SKU-0118,Personal Care,North,Retail,235.7,2312.22,685.89,1626.33
20241101,SKU-0118,Personal Care,North,Retail,344.5,3379.54,1002.5,2377.04
20241201,SKU-0118,Personal Care,North,Retail,169.3,1660.83,492.66,1168.17
20250101,SKU-0118,Personal Care,North,Retail,177.0,1736.37,515.07,1221.3
20250201,SKU-0118,Personal Care,North,Retail,105.7,1036.92,307.59,729.33
20250301,SKU-0118,Personal Care,North,Retail,211.9,2078.74,616.63,1462.11
20250401,SKU-0118,Personal Care,North,Retail,44.9,440.47,130.66,309.81
20250501,SKU-0118,Personal Care,North,Retail,249.8,2450.54,726.92,1723.62
20250601,SKU-0118,Personal Care,North,Retail,315.6,3096.04,918.4,2177.64
20250701,SKU-0118,Personal Care,North,Retail,85.8,841.7,249.68,592.02
20250801,SKU-0118,Personal Care,North,Retail,197.7,1939.44,575.31,1364.13
20250901,SKU-0118,Personal Care,North,Retail,126.3,1239.0,367.53,871.47
20251001,SKU-0118,Personal Care,North,Retail,206.6,2026.75,601.21,1425.54
20251101,SKU-0118,Personal Care,North,Retail,210.5,2065.0,612.56,1452.44
20251201,SKU-0118,Personal Care,North,Retail,252.2,2474.08,733.9,1740.18
20260101,SKU-0118,Personal Care,North,Retail,234.4,2299.46,682.1,1617.36
20260201,SKU-0118,Personal Care,North,Retail,259.3,2543.73,754.56,1789.17
20260301,SKU-0118,Personal Care,North,Retail,64.6,633.73,187.99,445.74
20260401,SKU-0118,Personal Care,North,Retail,56.1,550.34,163.25,387.09
20260501,SKU-0118,Personal Care,North,Retail,52.8,517.97,153.65,364.32
20260601,SKU-0118,Personal Care,North,Retail,177.9,1745.2,517.69,1227.51
20240701,SKU-0119,Confectionery,North,Wholesale,87.7,413.94,92.96,320.98
20240801,SKU-0119,Confectionery,North,Wholesale,127.7,602.74,135.36,467.38
20240901,SKU-0119,Confectionery,North,Wholesale,164.2,775.02,174.05,600.97
20241001,SKU-0119,Confectionery,North,Wholesale,109.9,518.73,116.49,402.24
20241101,SKU-0119,Confectionery,North,Wholesale,142.3,671.66,150.84,520.82
20241201,SKU-0119,Confectionery,North,Wholesale,144.6,682.51,153.28,529.23
20250101,SKU-0119,Confectionery,North,Wholesale,91.3,430.94,96.78,334.16
20250201,SKU-0119,Confectionery,North,Wholesale,159.4,752.37,168.96,583.41
20250301,SKU-0119,Confectionery,North,Wholesale,115.8,546.58,122.75,423.83
20250401,SKU-0119,Confectionery,North,Wholesale,123.7,583.86,131.12,452.74
20250501,SKU-0119,Confectionery,North,Wholesale,123.3,581.98,130.7,451.28
20250601,SKU-0119,Confectionery,North,Wholesale,75.9,358.25,80.45,277.8
20250701,SKU-0119,Confectionery,North,Wholesale,78.6,370.99,83.32,287.67
20250801,SKU-0119,Confectionery,North,Wholesale,135.7,640.5,143.84,496.66
20250901,SKU-0119,Confectionery,North,Wholesale,103.8,489.94,110.03,379.91
20251001,SKU-0119,Confectionery,North,Wholesale,149.5,705.64,158.47,547.17
20251101,SKU-0119,Confectionery,North,Wholesale,132.0,623.04,139.92,483.12
20251201,SKU-0119,Confectionery,North,Wholesale,133.2,628.7,141.19,487.51
20260101,SKU-0119,Confectionery,North,Wholesale,149.3,704.7,158.26,546.44
20260201,SKU-0119,Confectionery,North,Wholesale,133.4,629.65,141.4,488.25
20260301,SKU-0119,Confectionery,North,Wholesale,122.5,578.2,129.85,448.35
20260401,SKU-0119,Confectionery,North,Wholesale,111.4,525.81,118.08,407.73
20260501,SKU-0119,Confectionery,North,Wholesale,106.0,500.32,112.36,387.96
20260601,SKU-0119,Confectionery,North,Wholesale,82.7,390.34,87.66,302.68
20240701,SKU-0120,Pantry,East,Online,209.5,1192.06,385.48,806.58
20240801,SKU-0120,Pantry,East,Online,174.5,992.91,321.08,671.83
20240901,SKU-0120,Pantry,East,Online,126.7,720.92,233.13,487.79
20241001,SKU-0120,Pantry,East,Online,154.9,881.38,285.02,596.36
20241101,SKU-0120,Pantry,East,Online,140.0,796.6,257.6,539.0
20241201,SKU-0120,Pantry,East,Online,91.3,519.5,167.99,351.51
20250101,SKU-0120,Pantry,East,Online,104.6,595.17,192.46,402.71
20250201,SKU-0120,Pantry,East,Online,102.9,585.5,189.34,396.16
20250301,SKU-0120,Pantry,East,Online,190.9,1086.22,351.26,734.96
20250401,SKU-0120,Pantry,East,Online,190.9,1086.22,351.26,734.96
20250501,SKU-0120,Pantry,East,Online,187.9,1069.15,345.74,723.41
20250601,SKU-0120,Pantry,East,Online,226.0,1285.94,415.84,870.1
20250701,SKU-0120,Pantry,East,Online,251.8,1432.74,463.31,969.43
20250801,SKU-0120,Pantry,East,Online,201.4,1145.97,370.58,775.39
20250901,SKU-0120,Pantry,East,Online,161.0,916.09,296.24,619.85
20251001,SKU-0120,Pantry,East,Online,150.8,858.05,277.47,580.58
20251101,SKU-0120,Pantry,East,Online,93.3,530.88,171.67,359.21
20251201,SKU-0120,Pantry,East,Online,99.3,565.02,182.71,382.31
20260101,SKU-0120,Pantry,East,Online,148.6,845.53,273.42,572.11
20260201,SKU-0120,Pantry,East,Online,167.7,954.21,308.57,645.64
20260301,SKU-0120,Pantry,East,Online,166.2,945.68,305.81,639.87
20260401,SKU-0120,Pantry,East,Online,155.0,881.95,285.2,596.75
20260501,SKU-0120,Pantry,East,Online,142.9,813.1,262.94,550.16
20260601,SKU-0120,Pantry,East,Online,156.2,888.78,287.41,601.37
20240701,SKU-0121,Beverages,West,Retail,157.2,870.89,399.29,471.6
20240801,SKU-0121,Beverages,West,Retail,157.9,874.77,401.07,473.7
20240901,SKU-0121,Beverages,West,Retail,144.4,799.98,366.78,433.2
20241001,SKU-0121,Beverages,West,Retail,129.6,717.98,329.18,388.8
20241101,SKU-0121,Beverages,West,Retail,175.3,971.16,445.26,525.9
20241201,SKU-0121,Beverages,West,Retail,257.2,1424.89,653.29,771.6
20250101,SKU-0121,Beverages,West,Retail,305.5,1692.47,775.97,916.5
20250201,SKU-0121,Beverages,West,Retail,263.7,1460.9,669.8,791.1
20250301,SKU-0121,Beverages,West,Retail,58.0,321.32,147.32,174.0
20250401,SKU-0121,Beverages,West,Retail,83.1,460.37,211.07,249.3
20250501,SKU-0121,Beverages,West,Retail,225.6,1249.82,573.02,676.8
20250601,SKU-0121,Beverages,West,Retail,88.3,489.18,224.28,264.9
20250701,SKU-0121,Beverages,West,Retail,87.9,486.97,223.27,263.7
20250801,SKU-0121,Beverages,West,Retail,277.8,1539.01,705.61,833.4
20250901,SKU-0121,Beverages,West,Retail,140.8,780.03,357.63,422.4
20251001,SKU-0121,Beverages,West,Retail,168.7,934.6,428.5,506.1
20251101,SKU-0121,Beverages,West,Retail,110.1,609.95,279.65,330.3
20251201,SKU-0121,Beverages,West,Retail,387.6,2147.3,984.5,1162.8
20260101,SKU-0121,Beverages,West,Retail,205.5,1138.47,521.97,616.5
20260201,SKU-0121,Beverages,West,Retail,460.5,2551.17,1169.67,1381.5
20260301,SKU-0121,Beverages,West,Retail,198.1,1097.47,503.17,594.3
20260401,SKU-0121,Beverages,West,Retail,186.0,1030.44,472.44,558.0
20260501,SKU-0121,Beverages,West,Retail,136.1,753.99,345.69,408.3
20260601,SKU-0121,Beverages,West,Retail,160.0,886.4,406.4,480.0
20240701,SKU-0122,Snacks,Central,Online,175.5,1007.37,289.58,717.79
20240801,SKU-0122,Snacks,Central,Online,75.8,435.09,125.07,310.02
20240901,SKU-0122,Snacks,Central,Online,50.7,291.02,83.66,207.36
20241001,SKU-0122,Snacks,Central,Online,88.4,507.42,145.86,361.56
20241101,SKU-0122,Snacks,Central,Online,77.6,445.42,128.04,317.38
20241201,SKU-0122,Snacks,Central,Online,86.8,498.23,143.22,355.01
20250101,SKU-0122,Snacks,Central,Online,83.1,476.99,137.11,339.88
20250201,SKU-0122,Snacks,Central,Online,88.1,505.69,145.36,360.33
20250301,SKU-0122,Snacks,Central,Online,64.9,372.53,107.08,265.45
20250401,SKU-0122,Snacks,Central,Online,66.8,383.43,110.22,273.21
20250501,SKU-0122,Snacks,Central,Online,122.9,705.45,202.78,502.67
20250601,SKU-0122,Snacks,Central,Online,90.0,516.6,148.5,368.1
20250701,SKU-0122,Snacks,Central,Online,66.2,379.99,109.23,270.76
20250801,SKU-0122,Snacks,Central,Online,100.1,574.57,165.16,409.41
20250901,SKU-0122,Snacks,Central,Online,131.4,754.24,216.81,537.43
20251001,SKU-0122,Snacks,Central,Online,106.2,609.59,175.23,434.36
20251101,SKU-0122,Snacks,Central,Online,111.8,641.73,184.47,457.26
20251201,SKU-0122,Snacks,Central,Online,110.2,632.55,181.83,450.72
20260101,SKU-0122,Snacks,Central,Online,153.7,882.24,253.6,628.64
20260201,SKU-0122,Snacks,Central,Online,126.1,723.81,208.06,515.75
20260301,SKU-0122,Snacks,Central,Online,145.6,835.74,240.24,595.5
20260401,SKU-0122,Snacks,Central,Online,67.3,386.3,111.04,275.26
20260501,SKU-0122,Snacks,Central,Online,95.9,550.47,158.24,392.23
20260601,SKU-0122,Snacks,Central,Online,114.7,658.38,189.26,469.12
20240701,SKU-0123,Dairy,East,Wholesale,91.0,427.7,151.97,275.73
20240801,SKU-0123,Dairy,East,Wholesale,103.6,486.92,173.01,313.91
20240901,SKU-0123,Dairy,East,Wholesale,102.2,480.34,170.67,309.67
20241001,SKU-0123,Dairy,East,Wholesale,94.6,444.62,157.98,286.64
20241101,SKU-0123,Dairy,East,Wholesale,69.7,327.59,116.4,211.19
20241201,SKU-0123,Dairy,East,Wholesale,57.3,269.31,95.69,173.62
20250101,SKU-0123,Dairy,East,Wholesale,67.1,315.37,112.06,203.31
20250201,SKU-0123,Dairy,East,Wholesale,34.6,162.62,57.78,104.84
20250301,SKU-0123,Dairy,East,Wholesale,78.6,369.42,131.26,238.16
20250401,SKU-0123,Dairy,East,Wholesale,88.3,415.01,147.46,267.55
20250501,SKU-0123,Dairy,East,Wholesale,106.7,501.49,178.19,323.3
20250601,SKU-0123,Dairy,East,Wholesale,99.6,468.12,166.33,301.79
20250701,SKU-0123,Dairy,East,Wholesale,96.5,453.55,161.16,292.39
20250801,SKU-0123,Dairy,East,Wholesale,107.1,503.37,178.86,324.51
20250901,SKU-0123,Dairy,East,Wholesale,129.7,609.59,216.6,392.99
20251001,SKU-0123,Dairy,East,Wholesale,96.7,454.49,161.49,293.0
20251101,SKU-0123,Dairy,East,Wholesale,106.7,501.49,178.19,323.3
20251201,SKU-0123,Dairy,East,Wholesale,74.2,348.74,123.91,224.83
20260101,SKU-0123,Dairy,East,Wholesale,85.6,402.32,142.95,259.37
20260201,SKU-0123,Dairy,East,Wholesale,74.2,348.74,123.91,224.83
20260301,SKU-0123,Dairy,East,Wholesale,78.8,370.36,131.6,238.76
20260401,SKU-0123,Dairy,East,Wholesale,102.3,480.81,170.84,309.97
20260501,SKU-0123,Dairy,East,Wholesale,100.0,470.0,167.0,303.0
20260601,SKU-0123,Dairy,East,Wholesale,121.0,568.7,202.07,366.63
20240701,SKU-0124,Frozen,Central,Retail,172.8,1237.25,506.3,730.95
20240801,SKU-0124,Frozen,Central,Retail,183.1,1311.0,536.48,774.52
20240901,SKU-0124,Frozen,Central,Retail,177.4,1270.18,519.78,750.4
20241001,SKU-0124,Frozen,Central,Retail,165.3,1183.55,484.33,699.22
20241101,SKU-0124,Frozen,Central,Retail,141.6,1013.86,414.89,598.97
20241201,SKU-0124,Frozen,Central,Retail,135.5,970.18,397.02,573.16
20250101,SKU-0124,Frozen,Central,Retail,182.1,1303.84,533.55,770.29
20250201,SKU-0124,Frozen,Central,Retail,239.0,1711.24,700.27,1010.97
20250301,SKU-0124,Frozen,Central,Retail,178.0,1274.48,521.54,752.94
20250401,SKU-0124,Frozen,Central,Retail,187.8,1344.65,550.25,794.4
20250501,SKU-0124,Frozen,Central,Retail,221.7,1587.37,649.58,937.79
20250601,SKU-0124,Frozen,Central,Retail,224.0,1603.84,656.32,947.52
20250701,SKU-0124,Frozen,Central,Retail,201.6,1443.46,590.69,852.77
20250801,SKU-0124,Frozen,Central,Retail,208.6,1493.58,611.2,882.38
20250901,SKU-0124,Frozen,Central,Retail,232.6,1665.42,681.52,983.9
20251001,SKU-0124,Frozen,Central,Retail,229.7,1644.65,673.02,971.63
20251101,SKU-0124,Frozen,Central,Retail,208.8,1495.01,611.78,883.23
20251201,SKU-0124,Frozen,Central,Retail,181.8,1301.69,532.67,769.02
20260101,SKU-0124,Frozen,Central,Retail,191.9,1374.0,562.27,811.73
20260201,SKU-0124,Frozen,Central,Retail,177.7,1272.33,520.66,751.67
20260301,SKU-0124,Frozen,Central,Retail,276.6,1980.46,810.44,1170.02
20260401,SKU-0124,Frozen,Central,Retail,231.6,1658.26,678.59,979.67
20260501,SKU-0124,Frozen,Central,Retail,211.4,1513.62,619.4,894.22
20260601,SKU-0124,Frozen,Central,Retail,183.2,1311.71,536.78,774.93
20240701,SKU-0125,Household,North,Retail,52.3,483.78,192.46,291.32
20240801,SKU-0125,Household,North,Retail,70.6,653.05,259.81,393.24
20240901,SKU-0125,Household,North,Retail,67.6,625.3,248.77,376.53
20241001,SKU-0125,Household,North,Retail,77.4,715.95,284.83,431.12
20241101,SKU-0125,Household,North,Retail,79.8,738.15,293.66,444.49
20241201,SKU-0125,Household,North,Retail,81.4,752.95,299.55,453.4
20250101,SKU-0125,Household,North,Retail,95.9,887.08,352.91,534.17
20250201,SKU-0125,Household,North,Retail,108.9,1007.32,400.75,606.57
20250301,SKU-0125,Household,North,Retail,105.3,974.02,387.5,586.52
20250401,SKU-0125,Household,North,Retail,119.5,1105.38,439.76,665.62
20250501,SKU-0125,Household,North,Retail,85.4,789.95,314.27,475.68
20250601,SKU-0125,Household,North,Retail,70.4,651.2,259.07,392.13
20250701,SKU-0125,Household,North,Retail,73.4,678.95,270.11,408.84
20250801,SKU-0125,Household,North,Retail,89.8,830.65,330.46,500.19
20250901,SKU-0125,Household,North,Retail,80.2,741.85,295.14,446.71
20251001,SKU-0125,Household,North,Retail,76.9,711.32,282.99,428.33
20251101,SKU-0125,Household,North,Retail,97.2,899.1,357.7,541.4
20251201,SKU-0125,Household,North,Retail,104.5,966.62,384.56,582.06
20260101,SKU-0125,Household,North,Retail,84.8,784.4,312.06,472.34
20260201,SKU-0125,Household,North,Retail,112.1,1036.92,412.53,624.39
20260301,SKU-0125,Household,North,Retail,76.5,707.62,281.52,426.1
20260401,SKU-0125,Household,North,Retail,98.6,912.05,362.85,549.2
20260501,SKU-0125,Household,North,Retail,102.9,951.82,378.67,573.15
20260601,SKU-0125,Household,North,Retail,107.9,998.08,397.07,601.01
20240701,SKU-0126,Personal Care,West,Wholesale,162.2,1767.98,613.12,1154.86
20240801,SKU-0126,Personal Care,West,Wholesale,236.3,2575.67,893.21,1682.46
20240901,SKU-0126,Personal Care,West,Wholesale,356.2,3882.58,1346.44,2536.14
20241001,SKU-0126,Personal Care,West,Wholesale,190.2,2073.18,718.96,1354.22
20241101,SKU-0126,Personal Care,West,Wholesale,104.5,1139.05,395.01,744.04
20241201,SKU-0126,Personal Care,West,Wholesale,143.4,1563.06,542.05,1021.01
20250101,SKU-0126,Personal Care,West,Wholesale,98.1,1069.29,370.82,698.47
20250201,SKU-0126,Personal Care,West,Wholesale,76.0,828.4,287.28,541.12
20250301,SKU-0126,Personal Care,West,Wholesale,299.1,3260.19,1130.6,2129.59
20250401,SKU-0126,Personal Care,West,Wholesale,202.4,2206.16,765.07,1441.09
20250501,SKU-0126,Personal Care,West,Wholesale,204.2,2225.78,771.88,1453.9
20250601,SKU-0126,Personal Care,West,Wholesale,334.0,3640.6,1262.52,2378.08
20250701,SKU-0126,Personal Care,West,Wholesale,237.4,2587.66,897.37,1690.29
20250801,SKU-0126,Personal Care,West,Wholesale,244.0,2659.6,922.32,1737.28
20250901,SKU-0126,Personal Care,West,Wholesale,173.3,1888.97,655.07,1233.9
20251001,SKU-0126,Personal Care,West,Wholesale,243.2,2650.88,919.3,1731.58
20251101,SKU-0126,Personal Care,West,Wholesale,265.8,2897.22,1004.72,1892.5
20251201,SKU-0126,Personal Care,West,Wholesale,143.3,1561.97,541.67,1020.3
20260101,SKU-0126,Personal Care,West,Wholesale,114.2,1244.78,431.68,813.1
20260201,SKU-0126,Personal Care,West,Wholesale,249.3,2717.37,942.35,1775.02
20260301,SKU-0126,Personal Care,West,Wholesale,285.7,3114.13,1079.95,2034.18
20260401,SKU-0126,Personal Care,West,Wholesale,157.9,1721.11,596.86,1124.25
20260501,SKU-0126,Personal Care,West,Wholesale,210.1,2290.09,794.18,1495.91
20260601,SKU-0126,Personal Care,West,Wholesale,159.7,1740.73,603.67,1137.06
20240701,SKU-0127,Confectionery,Central,Wholesale,125.5,405.36,120.48,284.88
20240801,SKU-0127,Confectionery,Central,Wholesale,350.6,1132.44,336.58,795.86
20240901,SKU-0127,Confectionery,Central,Wholesale,282.9,913.77,271.58,642.19
20241001,SKU-0127,Confectionery,Central,Wholesale,202.5,654.08,194.4,459.68
20241101,SKU-0127,Confectionery,Central,Wholesale,182.2,588.51,174.91,413.6
20241201,SKU-0127,Confectionery,Central,Wholesale,347.7,1123.07,333.79,789.28
20250101,SKU-0127,Confectionery,Central,Wholesale,293.3,947.36,281.57,665.79
20250201,SKU-0127,Confectionery,Central,Wholesale,247.6,799.75,237.7,562.05
20250301,SKU-0127,Confectionery,Central,Wholesale,309.5,999.68,297.12,702.56
20250401,SKU-0127,Confectionery,Central,Wholesale,287.9,929.92,276.38,653.54
20250501,SKU-0127,Confectionery,Central,Wholesale,119.6,386.31,114.82,271.49
20250601,SKU-0127,Confectionery,Central,Wholesale,218.7,706.4,209.95,496.45
20250701,SKU-0127,Confectionery,Central,Wholesale,234.9,758.73,225.5,533.23
20250801,SKU-0127,Confectionery,Central,Wholesale,273.7,884.05,262.75,621.3
20250901,SKU-0127,Confectionery,Central,Wholesale,300.6,970.94,288.58,682.36
20251001,SKU-0127,Confectionery,Central,Wholesale,354.3,1144.39,340.13,804.26
20251101,SKU-0127,Confectionery,Central,Wholesale,191.0,616.93,183.36,433.57
20251201,SKU-0127,Confectionery,Central,Wholesale,343.7,1110.15,329.95,780.2
20260101,SKU-0127,Confectionery,Central,Wholesale,314.1,1014.54,301.54,713.0
20260201,SKU-0127,Confectionery,Central,Wholesale,146.4,472.87,140.54,332.33
20260301,SKU-0127,Confectionery,Central,Wholesale,309.9,1000.98,297.5,703.48
20260401,SKU-0127,Confectionery,Central,Wholesale,416.7,1345.94,400.03,945.91
20260501,SKU-0127,Confectionery,Central,Wholesale,153.2,494.84,147.07,347.77
20260601,SKU-0127,Confectionery,Central,Wholesale,161.3,521.0,154.85,366.15
20240701,SKU-0128,Pantry,North,Retail,291.3,1045.77,501.04,544.73
20240801,SKU-0128,Pantry,North,Retail,293.1,1052.23,504.13,548.1
20240901,SKU-0128,Pantry,North,Retail,309.0,1109.31,531.48,577.83
20241001,SKU-0128,Pantry,North,Retail,218.5,784.42,375.82,408.6
20241101,SKU-0128,Pantry,North,Retail,198.5,712.62,341.42,371.2
20241201,SKU-0128,Pantry,North,Retail,156.0,560.04,268.32,291.72
20250101,SKU-0128,Pantry,North,Retail,145.1,520.91,249.57,271.34
20250201,SKU-0128,Pantry,North,Retail,209.2,751.03,359.82,391.21
20250301,SKU-0128,Pantry,North,Retail,210.3,754.98,361.72,393.26
20250401,SKU-0128,Pantry,North,Retail,165.1,592.71,283.97,308.74
20250501,SKU-0128,Pantry,North,Retail,363.8,1306.04,625.74,680.3
20250601,SKU-0128,Pantry,North,Retail,250.0,897.5,430.0,467.5
20250701,SKU-0128,Pantry,North,Retail,314.2,1127.98,540.42,587.56
20250801,SKU-0128,Pantry,North,Retail,272.3,977.56,468.36,509.2
20250901,SKU-0128,Pantry,North,Retail,238.7,856.93,410.56,446.37
20251001,SKU-0128,Pantry,North,Retail,224.6,806.31,386.31,420.0
20251101,SKU-0128,Pantry,North,Retail,235.1,844.01,404.37,439.64
20251201,SKU-0128,Pantry,North,Retail,229.0,822.11,393.88,428.23
20260101,SKU-0128,Pantry,North,Retail,193.0,692.87,331.96,360.91
20260201,SKU-0128,Pantry,North,Retail,202.0,725.18,347.44,377.74
20260301,SKU-0128,Pantry,North,Retail,260.5,935.2,448.06,487.14
20260401,SKU-0128,Pantry,North,Retail,293.1,1052.23,504.13,548.1
20260501,SKU-0128,Pantry,North,Retail,253.0,908.27,435.16,473.11
20260601,SKU-0128,Pantry,North,Retail,317.4,1139.47,545.93,593.54
20240701,SKU-0129,Beverages,West,Wholesale,102.2,495.67,180.89,314.78
20240801,SKU-0129,Beverages,West,Wholesale,33.6,162.96,59.47,103.49
20240901,SKU-0129,Beverages,West,Wholesale,73.1,354.54,129.39,225.15
20241001,SKU-0129,Beverages,West,Wholesale,76.6,371.51,135.58,235.93
20241101,SKU-0129,Beverages,West,Wholesale,36.4,176.54,64.43,112.11
20241201,SKU-0129,Beverages,West,Wholesale,69.0,334.65,122.13,212.52
20250101,SKU-0129,Beverages,West,Wholesale,112.7,546.6,199.48,347.12
20250201,SKU-0129,Beverages,West,Wholesale,125.8,610.13,222.67,387.46
20250301,SKU-0129,Beverages,West,Wholesale,113.0,548.05,200.01,348.04
20250401,SKU-0129,Beverages,West,Wholesale,106.4,516.04,188.33,327.71
20250501,SKU-0129,Beverages,West,Wholesale,138.7,672.7,245.5,427.2
20250601,SKU-0129,Beverages,West,Wholesale,137.8,668.33,243.91,424.42
20250701,SKU-0129,Beverages,West,Wholesale,96.3,467.05,170.45,296.6
20250801,SKU-0129,Beverages,West,Wholesale,74.9,363.26,132.57,230.69
20250901,SKU-0129,Beverages,West,Wholesale,110.3,534.95,195.23,339.72
20251001,SKU-0129,Beverages,West,Wholesale,94.4,457.84,167.09,290.75
20251101,SKU-0129,Beverages,West,Wholesale,63.9,309.91,113.1,196.81
20251201,SKU-0129,Beverages,West,Wholesale,118.6,575.21,209.92,365.29
20260101,SKU-0129,Beverages,West,Wholesale,85.5,414.67,151.34,263.33
20260201,SKU-0129,Beverages,West,Wholesale,116.9,566.96,206.91,360.05
20260301,SKU-0129,Beverages,West,Wholesale,151.6,735.26,268.33,466.93
20260401,SKU-0129,Beverages,West,Wholesale,178.2,864.27,315.41,548.86
20260501,SKU-0129,Beverages,West,Wholesale,152.0,737.2,269.04,468.16
20260601,SKU-0129,Beverages,West,Wholesale,96.4,467.54,170.63,296.91
20240701,SKU-0130,Snacks,West,Retail,102.0,420.24,100.98,319.26
20240801,SKU-0130,Snacks,West,Retail,387.5,1596.5,383.62,1212.88
20240901,SKU-0130,Snacks,West,Retail,280.7,1156.48,277.89,878.59
20241001,SKU-0130,Snacks,West,Retail,363.1,1495.97,359.47,1136.5
20241101,SKU-0130,Snacks,West,Retail,0.0,0.0,0.0,0.0
20241201,SKU-0130,Snacks,West,Retail,163.6,674.03,161.96,512.07
20250101,SKU-0130,Snacks,West,Retail,294.1,1211.69,291.16,920.53
20250201,SKU-0130,Snacks,West,Retail,617.9,2545.75,611.72,1934.03
20250301,SKU-0130,Snacks,West,Retail,223.4,920.41,221.17,699.24
20250401,SKU-0130,Snacks,West,Retail,92.1,379.45,91.18,288.27
20250501,SKU-0130,Snacks,West,Retail,237.3,977.68,234.93,742.75
20250601,SKU-0130,Snacks,West,Retail,198.9,819.47,196.91,622.56
20250701,SKU-0130,Snacks,West,Retail,221.1,910.93,218.89,692.04
20250801,SKU-0130,Snacks,West,Retail,338.5,1394.62,335.12,1059.5
20250901,SKU-0130,Snacks,West,Retail,183.7,756.84,181.86,574.98
20251001,SKU-0130,Snacks,West,Retail,636.2,2621.14,629.84,1991.3
20251101,SKU-0130,Snacks,West,Retail,403.6,1662.83,399.56,1263.27
20251201,SKU-0130,Snacks,West,Retail,320.3,1319.64,317.1,1002.54
20260101,SKU-0130,Snacks,West,Retail,423.2,1743.58,418.97,1324.61
20260201,SKU-0130,Snacks,West,Retail,246.4,1015.17,243.94,771.23
20260301,SKU-0130,Snacks,West,Retail,262.8,1082.74,260.17,822.57
20260401,SKU-0130,Snacks,West,Retail,275.1,1133.41,272.35,861.06
20260501,SKU-0130,Snacks,West,Retail,397.2,1636.46,393.23,1243.23
20260601,SKU-0130,Snacks,West,Retail,449.1,1850.29,444.61,1405.68
20240701,SKU-0131,Dairy,West,Retail,130.9,585.12,252.64,332.48
20240801,SKU-0131,Dairy,West,Retail,149.7,669.16,288.92,380.24
20240901,SKU-0131,Dairy,West,Retail,297.8,1331.17,574.75,756.42
20241001,SKU-0131,Dairy,West,Retail,173.0,773.31,333.89,439.42
20241101,SKU-0131,Dairy,West,Retail,294.8,1317.76,568.96,748.8
20241201,SKU-0131,Dairy,West,Retail,150.6,673.18,290.66,382.52
20250101,SKU-0131,Dairy,West,Retail,137.9,616.41,266.15,350.26
20250201,SKU-0131,Dairy,West,Retail,163.1,729.06,314.78,414.28
20250301,SKU-0131,Dairy,West,Retail,139.4,623.12,269.04,354.08
20250401,SKU-0131,Dairy,West,Retail,205.8,919.93,397.19,522.74
20250501,SKU-0131,Dairy,West,Retail,145.8,651.73,281.39,370.34
20250601,SKU-0131,Dairy,West,Retail,280.8,1255.18,541.94,713.24
20250701,SKU-0131,Dairy,West,Retail,297.9,1331.61,574.95,756.66
20250801,SKU-0131,Dairy,West,Retail,249.6,1115.71,481.73,633.98
20250901,SKU-0131,Dairy,West,Retail,277.6,1240.87,535.77,705.1
20251001,SKU-0131,Dairy,West,Retail,272.9,1219.86,526.7,693.16
20251101,SKU-0131,Dairy,West,Retail,280.3,1252.94,540.98,711.96
20251201,SKU-0131,Dairy,West,Retail,242.1,1082.19,467.25,614.94
20260101,SKU-0131,Dairy,West,Retail,96.2,430.01,185.67,244.34
20260201,SKU-0131,Dairy,West,Retail,194.6,869.86,375.58,494.28
20260301,SKU-0131,Dairy,West,Retail,240.3,1074.14,463.78,610.36
20260401,SKU-0131,Dairy,West,Retail,38.0,169.86,73.34,96.52
20260501,SKU-0131,Dairy,West,Retail,291.2,1301.66,562.02,739.64
20260601,SKU-0131,Dairy,West,Retail,357.8,1599.37,690.55,908.82
20240701,SKU-0132,Frozen,West,Wholesale,74.3,463.63,215.47,248.16
20240801,SKU-0132,Frozen,West,Wholesale,87.7,547.25,254.33,292.92
20240901,SKU-0132,Frozen,West,Wholesale,89.4,557.86,259.26,298.6
20241001,SKU-0132,Frozen,West,Wholesale,75.1,468.62,217.79,250.83
20241101,SKU-0132,Frozen,West,Wholesale,69.3,432.43,200.97,231.46
20241201,SKU-0132,Frozen,West,Wholesale,105.7,659.57,306.53,353.04
20250101,SKU-0132,Frozen,West,Wholesale,106.9,667.06,310.01,357.05
20250201,SKU-0132,Frozen,West,Wholesale,82.0,511.68,237.8,273.88
20250301,SKU-0132,Frozen,West,Wholesale,64.4,401.86,186.76,215.1
20250401,SKU-0132,Frozen,West,Wholesale,108.3,675.79,314.07,361.72
20250501,SKU-0132,Frozen,West,Wholesale,97.2,606.53,281.88,324.65
20250601,SKU-0132,Frozen,West,Wholesale,80.6,502.94,233.74,269.2
20250701,SKU-0132,Frozen,West,Wholesale,53.6,334.46,155.44,179.02
20250801,SKU-0132,Frozen,West,Wholesale,41.4,258.34,120.06,138.28
20250901,SKU-0132,Frozen,West,Wholesale,96.9,604.66,281.01,323.65
20251001,SKU-0132,Frozen,West,Wholesale,79.9,498.58,231.71,266.87
20251101,SKU-0132,Frozen,West,Wholesale,49.7,310.13,144.13,166.0
20251201,SKU-0132,Frozen,West,Wholesale,68.9,429.94,199.81,230.13
20260101,SKU-0132,Frozen,West,Wholesale,46.6,290.78,135.14,155.64
20260201,SKU-0132,Frozen,West,Wholesale,102.9,642.1,298.41,343.69
20260301,SKU-0132,Frozen,West,Wholesale,64.5,402.48,187.05,215.43
20260401,SKU-0132,Frozen,West,Wholesale,73.3,457.39,212.57,244.82
20260501,SKU-0132,Frozen,West,Wholesale,86.1,537.26,249.69,287.57
20260601,SKU-0132,Frozen,West,Wholesale,136.5,851.76,395.85,455.91
20240701,SKU-0133,Household,West,Retail,85.1,982.05,339.55,642.5
20240801,SKU-0133,Household,West,Retail,57.9,668.17,231.02,437.15
20240901,SKU-0133,Household,West,Retail,58.5,675.09,233.42,441.67
20241001,SKU-0133,Household,West,Retail,86.1,993.59,343.54,650.05
20241101,SKU-0133,Household,West,Retail,48.8,563.15,194.71,368.44
20241201,SKU-0133,Household,West,Retail,56.6,653.16,225.83,427.33
20250101,SKU-0133,Household,West,Retail,84.1,970.51,335.56,634.95
20250201,SKU-0133,Household,West,Retail,100.8,1163.23,402.19,761.04
20250301,SKU-0133,Household,West,Retail,85.2,983.21,339.95,643.26
20250401,SKU-0133,Household,West,Retail,76.3,880.5,304.44,576.06
20250501,SKU-0133,Household,West,Retail,125.7,1450.58,501.54,949.04
20250601,SKU-0133,Household,West,Retail,105.9,1222.09,422.54,799.55
20250701,SKU-0133,Household,West,Retail,50.2,579.31,200.3,379.01
20250801,SKU-0133,Household,West,Retail,36.5,421.21,145.64,275.57
20250901,SKU-0133,Household,West,Retail,72.0,830.88,287.28,543.6
20251001,SKU-0133,Household,West,Retail,84.4,973.98,336.76,637.22
20251101,SKU-0133,Household,West,Retail,85.4,985.52,340.75,644.77
20251201,SKU-0133,Household,West,Retail,56.8,655.47,226.63,428.84
20260101,SKU-0133,Household,West,Retail,65.1,751.25,259.75,491.5
20260201,SKU-0133,Household,West,Retail,122.7,1415.96,489.57,926.39
20260301,SKU-0133,Household,West,Retail,144.1,1662.91,574.96,1087.95
20260401,SKU-0133,Household,West,Retail,90.0,1038.6,359.1,679.5
20260501,SKU-0133,Household,West,Retail,116.3,1342.1,464.04,878.06
20260601,SKU-0133,Household,West,Retail,62.1,716.63,247.78,468.85
20240701,SKU-0134,Personal Care,South,Wholesale,153.4,1604.56,412.65,1191.91
20240801,SKU-0134,Personal Care,South,Wholesale,382.5,4000.95,1028.92,2972.03
20240901,SKU-0134,Personal Care,South,Wholesale,311.6,3259.34,838.2,2421.14
20241001,SKU-0134,Personal Care,South,Wholesale,170.1,1779.25,457.57,1321.68
20241101,SKU-0134,Personal Care,South,Wholesale,314.0,3284.44,844.66,2439.78
20241201,SKU-0134,Personal Care,South,Wholesale,224.8,2351.41,604.71,1746.7
20250101,SKU-0134,Personal Care,South,Wholesale,293.3,3067.92,788.98,2278.94
20250201,SKU-0134,Personal Care,South,Wholesale,147.7,1544.94,397.31,1147.63
20250301,SKU-0134,Personal Care,South,Wholesale,234.5,2452.87,630.8,1822.07
20250401,SKU-0134,Personal Care,South,Wholesale,184.2,1926.73,495.5,1431.23
20250501,SKU-0134,Personal Care,South,Wholesale,254.5,2662.07,684.6,1977.47
20250601,SKU-0134,Personal Care,South,Wholesale,461.3,4825.2,1240.9,3584.3
20250701,SKU-0134,Personal Care,South,Wholesale,424.6,4441.32,1142.17,3299.15
20250801,SKU-0134,Personal Care,South,Wholesale,557.2,5828.31,1498.87,4329.44
20250901,SKU-0134,Personal Care,South,Wholesale,227.3,2377.56,611.44,1766.12
20251001,SKU-0134,Personal Care,South,Wholesale,145.2,1518.79,390.59,1128.2
20251101,SKU-0134,Personal Care,South,Wholesale,318.0,3326.28,855.42,2470.86
20251201,SKU-0134,Personal Care,South,Wholesale,346.6,3625.44,932.35,2693.09
20260101,SKU-0134,Personal Care,South,Wholesale,292.2,3056.41,786.02,2270.39
20260201,SKU-0134,Personal Care,South,Wholesale,328.8,3439.25,884.47,2554.78
20260301,SKU-0134,Personal Care,South,Wholesale,294.7,3082.56,792.74,2289.82
20260401,SKU-0134,Personal Care,South,Wholesale,134.8,1410.01,362.61,1047.4
20260501,SKU-0134,Personal Care,South,Wholesale,112.1,1172.57,301.55,871.02
20260601,SKU-0134,Personal Care,South,Wholesale,223.7,2339.9,601.75,1738.15
20240701,SKU-0135,Confectionery,North,Wholesale,30.8,142.3,42.81,99.49
20240801,SKU-0135,Confectionery,North,Wholesale,31.8,146.92,44.2,102.72
20240901,SKU-0135,Confectionery,North,Wholesale,25.2,116.42,35.03,81.39
20241001,SKU-0135,Confectionery,North,Wholesale,52.6,243.01,73.11,169.9
20241101,SKU-0135,Confectionery,North,Wholesale,51.0,235.62,70.89,164.73
20241201,SKU-0135,Confectionery,North,Wholesale,43.5,200.97,60.46,140.51
20250101,SKU-0135,Confectionery,North,Wholesale,60.9,281.36,84.65,196.71
20250201,SKU-0135,Confectionery,North,Wholesale,47.7,220.37,66.3,154.07
20250301,SKU-0135,Confectionery,North,Wholesale,53.8,248.56,74.78,173.78
20250401,SKU-0135,Confectionery,North,Wholesale,31.6,145.99,43.92,102.07
20250501,SKU-0135,Confectionery,North,Wholesale,42.3,195.43,58.8,136.63
20250601,SKU-0135,Confectionery,North,Wholesale,42.6,196.81,59.21,137.6
20250701,SKU-0135,Confectionery,North,Wholesale,27.9,128.9,38.78,90.12
20250801,SKU-0135,Confectionery,North,Wholesale,36.2,167.24,50.32,116.92
20250901,SKU-0135,Confectionery,North,Wholesale,42.8,197.74,59.49,138.25
20251001,SKU-0135,Confectionery,North,Wholesale,31.5,145.53,43.78,101.75
20251101,SKU-0135,Confectionery,North,Wholesale,66.3,306.31,92.16,214.15
20251201,SKU-0135,Confectionery,North,Wholesale,47.8,220.84,66.44,154.4
20260101,SKU-0135,Confectionery,North,Wholesale,37.6,173.71,52.26,121.45
20260201,SKU-0135,Confectionery,North,Wholesale,35.6,164.47,49.48,114.99
20260301,SKU-0135,Confectionery,North,Wholesale,74.0,341.88,102.86,239.02
20260401,SKU-0135,Confectionery,North,Wholesale,56.5,261.03,78.54,182.49
20260501,SKU-0135,Confectionery,North,Wholesale,40.3,186.19,56.02,130.17
20260601,SKU-0135,Confectionery,North,Wholesale,45.2,208.82,62.83,145.99
20240701,SKU-0136,Pantry,South,Retail,81.6,315.79,85.68,230.11
20240801,SKU-0136,Pantry,South,Retail,56.7,219.43,59.54,159.89
20240901,SKU-0136,Pantry,South,Retail,47.1,182.28,49.46,132.82
20241001,SKU-0136,Pantry,South,Retail,35.2,136.22,36.96,99.26
20241101,SKU-0136,Pantry,South,Retail,47.1,182.28,49.46,132.82
20241201,SKU-0136,Pantry,South,Retail,29.7,114.94,31.18,83.76
20250101,SKU-0136,Pantry,South,Retail,40.0,154.8,42.0,112.8
20250201,SKU-0136,Pantry,South,Retail,60.3,233.36,63.32,170.04
20250301,SKU-0136,Pantry,South,Retail,32.5,125.78,34.12,91.66
20250401,SKU-0136,Pantry,South,Retail,67.8,262.39,71.19,191.2
20250501,SKU-0136,Pantry,South,Retail,49.2,190.4,51.66,138.74
20250601,SKU-0136,Pantry,South,Retail,53.1,205.5,55.76,149.74
20250701,SKU-0136,Pantry,South,Retail,84.7,327.79,88.94,238.85
20250801,SKU-0136,Pantry,South,Retail,60.2,232.97,63.21,169.76
20250901,SKU-0136,Pantry,South,Retail,51.4,198.92,53.97,144.95
20251001,SKU-0136,Pantry,South,Retail,50.9,196.98,53.44,143.54
20251101,SKU-0136,Pantry,South,Retail,42.3,163.7,44.42,119.28
20251201,SKU-0136,Pantry,South,Retail,41.3,159.83,43.36,116.47
20260101,SKU-0136,Pantry,South,Retail,54.3,210.14,57.02,153.12
20260201,SKU-0136,Pantry,South,Retail,46.1,178.41,48.4,130.01
20260301,SKU-0136,Pantry,South,Retail,49.6,191.95,52.08,139.87
20260401,SKU-0136,Pantry,South,Retail,84.7,327.79,88.94,238.85
20260501,SKU-0136,Pantry,South,Retail,45.7,176.86,47.99,128.87
20260601,SKU-0136,Pantry,South,Retail,81.3,314.63,85.36,229.27
20240701,SKU-0137,Beverages,East,Wholesale,123.7,732.3,223.9,508.4
20240801,SKU-0137,Beverages,East,Wholesale,77.3,457.62,139.91,317.71
20240901,SKU-0137,Beverages,East,Wholesale,171.6,1015.87,310.6,705.27
20241001,SKU-0137,Beverages,East,Wholesale,152.2,901.02,275.48,625.54
20241101,SKU-0137,Beverages,East,Wholesale,114.8,679.62,207.79,471.83
20241201,SKU-0137,Beverages,East,Wholesale,132.8,786.18,240.37,545.81
20250101,SKU-0137,Beverages,East,Wholesale,194.7,1152.62,352.41,800.21
20250201,SKU-0137,Beverages,East,Wholesale,71.1,420.91,128.69,292.22
20250301,SKU-0137,Beverages,East,Wholesale,180.7,1069.74,327.07,742.67
20250401,SKU-0137,Beverages,East,Wholesale,182.3,1079.22,329.96,749.26
20250501,SKU-0137,Beverages,East,Wholesale,326.4,1932.29,590.78,1341.51
20250601,SKU-0137,Beverages,East,Wholesale,214.5,1269.84,388.24,881.6
20250701,SKU-0137,Beverages,East,Wholesale,111.2,658.3,201.27,457.03
20250801,SKU-0137,Beverages,East,Wholesale,135.8,803.94,245.8,558.14
20250901,SKU-0137,Beverages,East,Wholesale,167.4,991.01,302.99,688.02
20251001,SKU-0137,Beverages,East,Wholesale,129.7,767.82,234.76,533.06
20251101,SKU-0137,Beverages,East,Wholesale,151.6,897.47,274.4,623.07
20251201,SKU-0137,Beverages,East,Wholesale,258.0,1527.36,466.98,1060.38
20260101,SKU-0137,Beverages,East,Wholesale,309.3,1831.06,559.83,1271.23
20260201,SKU-0137,Beverages,East,Wholesale,210.2,1244.38,380.46,863.92
20260301,SKU-0137,Beverages,East,Wholesale,98.6,583.71,178.47,405.24
20260401,SKU-0137,Beverages,East,Wholesale,112.6,666.59,203.81,462.78
20260501,SKU-0137,Beverages,East,Wholesale,264.2,1564.06,478.2,1085.86
20260601,SKU-0137,Beverages,East,Wholesale,224.3,1327.86,405.98,921.88
20240701,SKU-0138,Snacks,Central,Online,31.2,171.6,36.5,135.1
20240801,SKU-0138,Snacks,Central,Online,59.4,326.7,69.5,257.2
20240901,SKU-0138,Snacks,Central,Online,55.7,306.35,65.17,241.18
20241001,SKU-0138,Snacks,Central,Online,59.0,324.5,69.03,255.47
20241101,SKU-0138,Snacks,Central,Online,82.5,453.75,96.52,357.23
20241201,SKU-0138,Snacks,Central,Online,52.7,289.85,61.66,228.19
20250101,SKU-0138,Snacks,Central,Online,31.1,171.05,36.39,134.66
20250201,SKU-0138,Snacks,Central,Online,77.3,425.15,90.44,334.71
20250301,SKU-0138,Snacks,Central,Online,55.0,302.5,64.35,238.15
20250401,SKU-0138,Snacks,Central,Online,51.9,285.45,60.72,224.73
20250501,SKU-0138,Snacks,Central,Online,58.0,319.0,67.86,251.14
20250601,SKU-0138,Snacks,Central,Online,74.3,408.65,86.93,321.72
20250701,SKU-0138,Snacks,Central,Online,69.7,383.35,81.55,301.8
20250801,SKU-0138,Snacks,Central,Online,67.0,368.5,78.39,290.11
20250901,SKU-0138,Snacks,Central,Online,103.5,569.25,121.1,448.15
20251001,SKU-0138,Snacks,Central,Online,54.2,298.1,63.41,234.69
20251101,SKU-0138,Snacks,Central,Online,47.6,261.8,55.69,206.11
20251201,SKU-0138,Snacks,Central,Online,100.4,552.2,117.47,434.73
20260101,SKU-0138,Snacks,Central,Online,79.6,437.8,93.13,344.67
20260201,SKU-0138,Snacks,Central,Online,63.5,349.25,74.3,274.95
20260301,SKU-0138,Snacks,Central,Online,63.9,351.45,74.76,276.69
20260401,SKU-0138,Snacks,Central,Online,49.5,272.25,57.92,214.33
20260501,SKU-0138,Snacks,Central,Online,80.0,440.0,93.6,346.4
20260601,SKU-0138,Snacks,Central,Online,63.0,346.5,73.71,272.79
20240701,SKU-0139,Dairy,West,Online,84.2,396.58,119.56,277.02
20240801,SKU-0139,Dairy,West,Online,134.9,635.38,191.56,443.82
20240901,SKU-0139,Dairy,West,Online,135.5,638.21,192.41,445.8
20241001,SKU-0139,Dairy,West,Online,115.5,544.0,164.01,379.99
20241101,SKU-0139,Dairy,West,Online,126.1,593.93,179.06,414.87
20241201,SKU-0139,Dairy,West,Online,81.3,382.92,115.45,267.47
20250101,SKU-0139,Dairy,West,Online,69.3,326.4,98.41,227.99
20250201,SKU-0139,Dairy,West,Online,77.1,363.14,109.48,253.66
20250301,SKU-0139,Dairy,West,Online,92.8,437.09,131.78,305.31
20250401,SKU-0139,Dairy,West,Online,95.5,449.8,135.61,314.19
20250501,SKU-0139,Dairy,West,Online,88.6,417.31,125.81,291.5
20250601,SKU-0139,Dairy,West,Online,132.1,622.19,187.58,434.61
20250701,SKU-0139,Dairy,West,Online,135.5,638.21,192.41,445.8
20250801,SKU-0139,Dairy,West,Online,133.2,627.37,189.14,438.23
20250901,SKU-0139,Dairy,West,Online,94.4,444.62,134.05,310.57
20251001,SKU-0139,Dairy,West,Online,123.0,579.33,174.66,404.67
20251101,SKU-0139,Dairy,West,Online,99.6,469.12,141.43,327.69
20251201,SKU-0139,Dairy,West,Online,76.8,361.73,109.06,252.67
20260101,SKU-0139,Dairy,West,Online,68.4,322.16,97.13,225.03
20260201,SKU-0139,Dairy,West,Online,83.5,393.28,118.57,274.71
20260301,SKU-0139,Dairy,West,Online,93.2,438.97,132.34,306.63
20260401,SKU-0139,Dairy,West,Online,99.1,466.76,140.72,326.04
20260501,SKU-0139,Dairy,West,Online,113.6,535.06,161.31,373.75
20260601,SKU-0139,Dairy,West,Online,139.8,658.46,198.52,459.94
20240701,SKU-0140,Frozen,East,Retail,196.9,1108.55,376.08,732.47
20240801,SKU-0140,Frozen,East,Retail,208.6,1174.42,398.43,775.99
20240901,SKU-0140,Frozen,East,Retail,247.9,1395.68,473.49,922.19
20241001,SKU-0140,Frozen,East,Retail,154.2,868.15,294.52,573.63
20241101,SKU-0140,Frozen,East,Retail,179.9,1012.84,343.61,669.23
20241201,SKU-0140,Frozen,East,Retail,164.7,927.26,314.58,612.68
20250101,SKU-0140,Frozen,East,Retail,174.5,982.44,333.29,649.15
20250201,SKU-0140,Frozen,East,Retail,213.3,1200.88,407.4,793.48
20250301,SKU-0140,Frozen,East,Retail,219.7,1236.91,419.63,817.28
20250401,SKU-0140,Frozen,East,Retail,174.1,980.18,332.53,647.65
20250501,SKU-0140,Frozen,East,Retail,234.9,1322.49,448.66,873.83
20250601,SKU-0140,Frozen,East,Retail,289.8,1631.57,553.52,1078.05
20250701,SKU-0140,Frozen,East,Retail,271.2,1526.86,517.99,1008.87
20250801,SKU-0140,Frozen,East,Retail,264.5,1489.14,505.2,983.94
20250901,SKU-0140,Frozen,East,Retail,179.8,1012.27,343.42,668.85
20251001,SKU-0140,Frozen,East,Retail,222.6,1253.24,425.17,828.07
20251101,SKU-0140,Frozen,East,Retail,231.1,1301.09,441.4,859.69
20251201,SKU-0140,Frozen,East,Retail,209.2,1177.8,399.57,778.23
20260101,SKU-0140,Frozen,East,Retail,213.4,1201.44,407.59,793.85
20260201,SKU-0140,Frozen,East,Retail,222.8,1254.36,425.55,828.81
20260301,SKU-0140,Frozen,East,Retail,217.6,1225.09,415.62,809.47
20260401,SKU-0140,Frozen,East,Retail,314.4,1770.07,600.5,1169.57
20260501,SKU-0140,Frozen,East,Retail,212.6,1196.94,406.07,790.87
20260601,SKU-0140,Frozen,East,Retail,219.7,1236.91,419.63,817.28
20240701,SKU-0141,Household,North,Online,111.9,1106.69,420.74,685.95
20240801,SKU-0141,Household,North,Online,57.7,570.65,216.95,353.7
20240901,SKU-0141,Household,North,Online,61.4,607.25,230.86,376.39
20241001,SKU-0141,Household,North,Online,60.9,602.3,228.98,373.32
20241101,SKU-0141,Household,North,Online,65.4,646.81,245.9,400.91
20241201,SKU-0141,Household,North,Online,55.8,551.86,209.81,342.05
20250101,SKU-0141,Household,North,Online,48.5,479.66,182.36,297.3
20250201,SKU-0141,Household,North,Online,60.8,601.31,228.61,372.7
20250301,SKU-0141,Household,North,Online,78.4,775.38,294.78,480.6
20250401,SKU-0141,Household,North,Online,114.2,1129.44,429.39,700.05
20250501,SKU-0141,Household,North,Online,84.1,831.75,316.22,515.53
20250601,SKU-0141,Household,North,Online,45.6,450.98,171.46,279.52
20250701,SKU-0141,Household,North,Online,63.6,629.0,239.14,389.86
20250801,SKU-0141,Household,North,Online,93.5,924.72,351.56,573.16
20250901,SKU-0141,Household,North,Online,56.8,561.75,213.57,348.18
20251001,SKU-0141,Household,North,Online,39.8,393.62,149.65,243.97
20251101,SKU-0141,Household,North,Online,45.3,448.02,170.33,277.69
20251201,SKU-0141,Household,North,Online,17.3,171.1,65.05,106.05
20260101,SKU-0141,Household,North,Online,58.5,578.57,219.96,358.61
20260201,SKU-0141,Household,North,Online,46.7,461.86,175.59,286.27
20260301,SKU-0141,Household,North,Online,94.1,930.65,353.82,576.83
20260401,SKU-0141,Household,North,Online,53.9,533.07,202.66,330.41
20260501,SKU-0141,Household,North,Online,80.0,791.2,300.8,490.4
20260601,SKU-0141,Household,North,Online,97.8,967.24,367.73,599.51
20240701,SKU-0142,Personal Care,North,Online,232.1,2427.77,960.89,1466.88
20240801,SKU-0142,Personal Care,North,Online,84.8,887.01,351.07,535.94
20240901,SKU-0142,Personal Care,North,Online,238.7,2496.8,988.22,1508.58
20241001,SKU-0142,Personal Care,North,Online,0.0,0.0,0.0,0.0
20241101,SKU-0142,Personal Care,North,Online,186.6,1951.84,772.52,1179.32
20241201,SKU-0142,Personal Care,North,Online,177.5,1856.65,734.85,1121.8
20250101,SKU-0142,Personal Care,North,Online,142.6,1491.6,590.36,901.24
20250201,SKU-0142,Personal Care,North,Online,155.0,1621.3,641.7,979.6
20250301,SKU-0142,Personal Care,North,Online,50.9,532.41,210.73,321.68
20250401,SKU-0142,Personal Care,North,Online,216.7,2266.68,897.14,1369.54
20250501,SKU-0142,Personal Care,North,Online,262.2,2742.61,1085.51,1657.1
20250601,SKU-0142,Personal Care,North,Online,107.9,1128.63,446.71,681.92
20250701,SKU-0142,Personal Care,North,Online,198.2,2073.17,820.55,1252.62
20250801,SKU-0142,Personal Care,North,Online,39.1,408.99,161.87,247.12
20250901,SKU-0142,Personal Care,North,Online,256.3,2680.9,1061.08,1619.82
20251001,SKU-0142,Personal Care,North,Online,178.1,1862.93,737.33,1125.6
20251101,SKU-0142,Personal Care,North,Online,0.0,0.0,0.0,0.0
20251201,SKU-0142,Personal Care,North,Online,178.3,1865.02,738.16,1126.86
20260101,SKU-0142,Personal Care,North,Online,106.7,1116.08,441.74,674.34
20260201,SKU-0142,Personal Care,North,Online,184.7,1931.96,764.66,1167.3
20260301,SKU-0142,Personal Care,North,Online,208.9,2185.09,864.85,1320.24
20260401,SKU-0142,Personal Care,North,Online,126.4,1322.14,523.3,798.84
20260501,SKU-0142,Personal Care,North,Online,223.4,2336.76,924.88,1411.88
20260601,SKU-0142,Personal Care,North,Online,251.0,2625.46,1039.14,1586.32
20240701,SKU-0143,Confectionery,West,Online,106.5,514.4,119.28,395.12
20240801,SKU-0143,Confectionery,West,Online,83.6,403.79,93.63,310.16
20240901,SKU-0143,Confectionery,West,Online,113.1,546.27,126.67,419.6
20241001,SKU-0143,Confectionery,West,Online,122.3,590.71,136.98,453.73
20241101,SKU-0143,Confectionery,West,Online,138.3,667.99,154.9,513.09
20241201,SKU-0143,Confectionery,West,Online,119.2,575.74,133.5,442.24
20250101,SKU-0143,Confectionery,West,Online,123.2,595.06,137.98,457.08
20250201,SKU-0143,Confectionery,West,Online,140.7,679.58,157.58,522.0
20250301,SKU-0143,Confectionery,West,Online,142.7,689.24,159.82,529.42
20250401,SKU-0143,Confectionery,West,Online,122.8,593.12,137.54,455.58
20250501,SKU-0143,Confectionery,West,Online,118.1,570.42,132.27,438.15
20250601,SKU-0143,Confectionery,West,Online,67.5,326.02,75.6,250.42
20250701,SKU-0143,Confectionery,West,Online,114.7,554.0,128.46,425.54
20250801,SKU-0143,Confectionery,West,Online,126.2,609.55,141.34,468.21
20250901,SKU-0143,Confectionery,West,Online,139.8,675.23,156.58,518.65
20251001,SKU-0143,Confectionery,West,Online,135.0,652.05,151.2,500.85
20251101,SKU-0143,Confectionery,West,Online,136.3,658.33,152.66,505.67
20251201,SKU-0143,Confectionery,West,Online,128.5,620.66,143.92,476.74
20260101,SKU-0143,Confectionery,West,Online,150.5,726.92,168.56,558.36
20260201,SKU-0143,Confectionery,West,Online,130.5,630.32,146.16,484.16
20260301,SKU-0143,Confectionery,West,Online,112.5,543.38,126.0,417.38
20260401,SKU-0143,Confectionery,West,Online,169.5,818.68,189.84,628.84
20260501,SKU-0143,Confectionery,West,Online,152.9,738.51,171.25,567.26
20260601,SKU-0143,Confectionery,West,Online,137.3,663.16,153.78,509.38
20240701,SKU-0144,Pantry,Central,Retail,106.4,517.1,170.24,346.86
20240801,SKU-0144,Pantry,Central,Retail,89.3,434.0,142.88,291.12
20240901,SKU-0144,Pantry,Central,Retail,73.8,358.67,118.08,240.59
20241001,SKU-0144,Pantry,Central,Retail,104.2,506.41,166.72,339.69
20241101,SKU-0144,Pantry,Central,Retail,102.1,496.21,163.36,332.85
20241201,SKU-0144,Pantry,Central,Retail,73.0,354.78,116.8,237.98
20250101,SKU-0144,Pantry,Central,Retail,123.0,597.78,196.8,400.98
20250201,SKU-0144,Pantry,Central,Retail,81.6,396.58,130.56,266.02
20250301,SKU-0144,Pantry,Central,Retail,135.6,659.02,216.96,442.06
20250401,SKU-0144,Pantry,Central,Retail,130.4,633.74,208.64,425.1
20250501,SKU-0144,Pantry,Central,Retail,114.6,556.96,183.36,373.6
20250601,SKU-0144,Pantry,Central,Retail,134.8,655.13,215.68,439.45
20250701,SKU-0144,Pantry,Central,Retail,135.1,656.59,216.16,440.43
20250801,SKU-0144,Pantry,Central,Retail,95.4,463.64,152.64,311.0
20250901,SKU-0144,Pantry,Central,Retail,129.3,628.4,206.88,421.52
20251001,SKU-0144,Pantry,Central,Retail,94.6,459.76,151.36,308.4
20251101,SKU-0144,Pantry,Central,Retail,65.9,320.27,105.44,214.83
20251201,SKU-0144,Pantry,Central,Retail,94.6,459.76,151.36,308.4
20260101,SKU-0144,Pantry,Central,Retail,100.2,486.97,160.32,326.65
20260201,SKU-0144,Pantry,Central,Retail,87.9,427.19,140.64,286.55
20260301,SKU-0144,Pantry,Central,Retail,142.7,693.52,228.32,465.2
20260401,SKU-0144,Pantry,Central,Retail,130.3,633.26,208.48,424.78
20260501,SKU-0144,Pantry,Central,Retail,141.6,688.18,226.56,461.62
20260601,SKU-0144,Pantry,Central,Retail,102.5,498.15,164.0,334.15
20240701,SKU-0145,Beverages,North,Retail,133.9,824.82,267.8,557.02
20240801,SKU-0145,Beverages,North,Retail,110.8,682.53,221.6,460.93
20240901,SKU-0145,Beverages,North,Retail,117.5,723.8,235.0,488.8
20241001,SKU-0145,Beverages,North,Retail,115.3,710.25,230.6,479.65
20241101,SKU-0145,Beverages,North,Retail,140.2,863.63,280.4,583.23
20241201,SKU-0145,Beverages,North,Retail,162.6,1001.62,325.2,676.42
20250101,SKU-0145,Beverages,North,Retail,147.7,909.83,295.4,614.43
20250201,SKU-0145,Beverages,North,Retail,213.0,1312.08,426.0,886.08
20250301,SKU-0145,Beverages,North,Retail,177.1,1090.94,354.2,736.74
20250401,SKU-0145,Beverages,North,Retail,201.5,1241.24,403.0,838.24
20250501,SKU-0145,Beverages,North,Retail,213.8,1317.01,427.6,889.41
20250601,SKU-0145,Beverages,North,Retail,153.8,947.41,307.6,639.81
20250701,SKU-0145,Beverages,North,Retail,140.1,863.02,280.2,582.82
20250801,SKU-0145,Beverages,North,Retail,145.1,893.82,290.2,603.62
20250901,SKU-0145,Beverages,North,Retail,128.3,790.33,256.6,533.73
20251001,SKU-0145,Beverages,North,Retail,155.1,955.42,310.2,645.22
20251101,SKU-0145,Beverages,North,Retail,117.5,723.8,235.0,488.8
20251201,SKU-0145,Beverages,North,Retail,157.2,968.35,314.4,653.95
20260101,SKU-0145,Beverages,North,Retail,143.6,884.58,287.2,597.38
20260201,SKU-0145,Beverages,North,Retail,204.2,1257.87,408.4,849.47
20260301,SKU-0145,Beverages,North,Retail,196.5,1210.44,393.0,817.44
20260401,SKU-0145,Beverages,North,Retail,168.2,1036.11,336.4,699.71
20260501,SKU-0145,Beverages,North,Retail,166.7,1026.87,333.4,693.47
20260601,SKU-0145,Beverages,North,Retail,212.2,1307.15,424.4,882.75
20240701,SKU-0146,Snacks,North,Online,140.0,658.0,135.8,522.2
20240801,SKU-0146,Snacks,North,Online,77.6,364.72,75.27,289.45
20240901,SKU-0146,Snacks,North,Online,119.3,560.71,115.72,444.99
20241001,SKU-0146,Snacks,North,Online,92.2,433.34,89.43,343.91
20241101,SKU-0146,Snacks,North,Online,181.7,853.99,176.25,677.74
20241201,SKU-0146,Snacks,North,Online,147.0,690.9,142.59,548.31
20250101,SKU-0146,Snacks,North,Online,121.9,572.93,118.24,454.69
20250201,SKU-0146,Snacks,North,Online,112.2,527.34,108.83,418.51
20250301,SKU-0146,Snacks,North,Online,149.5,702.65,145.01,557.64
20250401,SKU-0146,Snacks,North,Online,91.9,431.93,89.14,342.79
20250501,SKU-0146,Snacks,North,Online,134.7,633.09,130.66,502.43
20250601,SKU-0146,Snacks,North,Online,76.0,357.2,73.72,283.48
20250701,SKU-0146,Snacks,North,Online,119.3,560.71,115.72,444.99
20250801,SKU-0146,Snacks,North,Online,108.4,509.48,105.15,404.33
20250901,SKU-0146,Snacks,North,Online,117.4,551.78,113.88,437.9
20251001,SKU-0146,Snacks,North,Online,119.1,559.77,115.53,444.24
20251101,SKU-0146,Snacks,North,Online,155.7,731.79,151.03,580.76
20251201,SKU-0146,Snacks,North,Online,160.5,754.35,155.68,598.67
20260101,SKU-0146,Snacks,North,Online,128.2,602.54,124.35,478.19
20260201,SKU-0146,Snacks,North,Online,155.3,729.91,150.64,579.27
20260301,SKU-0146,Snacks,North,Online,175.7,825.79,170.43,655.36
20260401,SKU-0146,Snacks,North,Online,104.2,489.74,101.07,388.67
20260501,SKU-0146,Snacks,North,Online,158.8,746.36,154.04,592.32
20260601,SKU-0146,Snacks,North,Online,134.2,630.74,130.17,500.57
20240701,SKU-0147,Dairy,East,Retail,113.4,572.67,251.75,320.92
20240801,SKU-0147,Dairy,East,Retail,192.6,972.63,427.57,545.06
20240901,SKU-0147,Dairy,East,Retail,167.7,846.88,372.29,474.59
20241001,SKU-0147,Dairy,East,Retail,101.0,510.05,224.22,285.83
20241101,SKU-0147,Dairy,East,Retail,100.7,508.54,223.55,284.99
20241201,SKU-0147,Dairy,East,Retail,94.0,474.7,208.68,266.02
20250101,SKU-0147,Dairy,East,Retail,92.0,464.6,204.24,260.36
20250201,SKU-0147,Dairy,East,Retail,66.2,334.31,146.96,187.35
20250301,SKU-0147,Dairy,East,Retail,84.3,425.72,187.15,238.57
20250401,SKU-0147,Dairy,East,Retail,146.8,741.34,325.9,415.44
20250501,SKU-0147,Dairy,East,Retail,68.9,347.94,152.96,194.98
20250601,SKU-0147,Dairy,East,Retail,147.7,745.88,327.89,417.99
20250701,SKU-0147,Dairy,East,Retail,139.6,704.98,309.91,395.07
20250801,SKU-0147,Dairy,East,Retail,164.0,828.2,364.08,464.12
20250901,SKU-0147,Dairy,East,Retail,130.2,657.51,289.04,368.47
20251001,SKU-0147,Dairy,East,Retail,117.2,591.86,260.18,331.68
20251101,SKU-0147,Dairy,East,Retail,111.9,565.1,248.42,316.68
20251201,SKU-0147,Dairy,East,Retail,113.7,574.18,252.41,321.77
20260101,SKU-0147,Dairy,East,Retail,86.9,438.84,192.92,245.92
20260201,SKU-0147,Dairy,East,Retail,74.6,376.73,165.61,211.12
20260301,SKU-0147,Dairy,East,Retail,92.9,469.15,206.24,262.91
20260401,SKU-0147,Dairy,East,Retail,59.3,299.46,131.65,167.81
20260501,SKU-0147,Dairy,East,Retail,170.5,861.02,378.51,482.51
20260601,SKU-0147,Dairy,East,Retail,168.8,852.44,374.74,477.7
20240701,SKU-0148,Frozen,West,Retail,31.6,231.63,84.37,147.26
20240801,SKU-0148,Frozen,West,Retail,41.8,306.39,111.61,194.78
20240901,SKU-0148,Frozen,West,Retail,22.6,165.66,60.34,105.32
20241001,SKU-0148,Frozen,West,Retail,29.4,215.5,78.5,137.0
20241101,SKU-0148,Frozen,West,Retail,30.4,222.83,81.17,141.66
20241201,SKU-0148,Frozen,West,Retail,29.9,219.17,79.83,139.34
20250101,SKU-0148,Frozen,West,Retail,25.5,186.92,68.08,118.84
20250201,SKU-0148,Frozen,West,Retail,30.0,219.9,80.1,139.8
20250301,SKU-0148,Frozen,West,Retail,18.8,137.8,50.2,87.6
20250401,SKU-0148,Frozen,West,Retail,37.0,271.21,98.79,172.42
20250501,SKU-0148,Frozen,West,Retail,42.3,310.06,112.94,197.12
20250601,SKU-0148,Frozen,West,Retail,36.0,263.88,96.12,167.76
20250701,SKU-0148,Frozen,West,Retail,20.0,146.6,53.4,93.2
20250801,SKU-0148,Frozen,West,Retail,37.0,271.21,98.79,172.42
20250901,SKU-0148,Frozen,West,Retail,36.9,270.48,98.52,171.96
20251001,SKU-0148,Frozen,West,Retail,57.9,424.41,154.59,269.82
20251101,SKU-0148,Frozen,West,Retail,35.4,259.48,94.52,164.96
20251201,SKU-0148,Frozen,West,Retail,23.7,173.72,63.28,110.44
20260101,SKU-0148,Frozen,West,Retail,32.0,234.56,85.44,149.12
20260201,SKU-0148,Frozen,West,Retail,48.8,357.7,130.3,227.4
20260301,SKU-0148,Frozen,West,Retail,37.2,272.68,99.32,173.36
20260401,SKU-0148,Frozen,West,Retail,35.8,262.41,95.59,166.82
20260501,SKU-0148,Frozen,West,Retail,53.8,394.35,143.65,250.7
20260601,SKU-0148,Frozen,West,Retail,49.0,359.17,130.83,228.34
20240701,SKU-0149,Household,West,Wholesale,284.3,2285.77,776.14,1509.63
20240801,SKU-0149,Household,West,Wholesale,275.3,2213.41,751.57,1461.84
20240901,SKU-0149,Household,West,Wholesale,117.0,940.68,319.41,621.27
20241001,SKU-0149,Household,West,Wholesale,199.7,1605.59,545.18,1060.41
20241101,SKU-0149,Household,West,Wholesale,205.7,1653.83,561.56,1092.27
20241201,SKU-0149,Household,West,Wholesale,323.5,2600.94,883.16,1717.78
20250101,SKU-0149,Household,West,Wholesale,236.4,1900.66,645.37,1255.29
20250201,SKU-0149,Household,West,Wholesale,361.1,2903.24,985.8,1917.44
20250301,SKU-0149,Household,West,Wholesale,384.6,3092.18,1049.96,2042.22
20250401,SKU-0149,Household,West,Wholesale,148.9,1197.16,406.5,790.66
20250501,SKU-0149,Household,West,Wholesale,292.7,2353.31,799.07,1554.24
20250601,SKU-0149,Household,West,Wholesale,396.4,3187.06,1082.17,2104.89
20250701,SKU-0149,Household,West,Wholesale,283.5,2279.34,773.96,1505.38
20250801,SKU-0149,Household,West,Wholesale,250.0,2010.0,682.5,1327.5
20250901,SKU-0149,Household,West,Wholesale,177.5,1427.1,484.58,942.52
20251001,SKU-0149,Household,West,Wholesale,187.6,1508.3,512.15,996.15
20251101,SKU-0149,Household,West,Wholesale,266.2,2140.25,726.73,1413.52
20251201,SKU-0149,Household,West,Wholesale,347.2,2791.49,947.86,1843.63
20260101,SKU-0149,Household,West,Wholesale,283.3,2277.73,773.41,1504.32
20260201,SKU-0149,Household,West,Wholesale,409.6,3293.18,1118.21,2174.97
20260301,SKU-0149,Household,West,Wholesale,444.1,3570.56,1212.39,2358.17
20260401,SKU-0149,Household,West,Wholesale,385.0,3095.4,1051.05,2044.35
20260501,SKU-0149,Household,West,Wholesale,348.3,2800.33,950.86,1849.47
20260601,SKU-0149,Household,West,Wholesale,403.3,3242.53,1101.01,2141.52
20240701,SKU-0150,Personal Care,South,Online,71.7,858.97,311.18,547.79
20240801,SKU-0150,Personal Care,South,Online,124.1,1486.72,538.59,948.13
20240901,SKU-0150,Personal Care,South,Online,97.8,1171.64,424.45,747.19
20241001,SKU-0150,Personal Care,South,Online,106.9,1280.66,463.95,816.71
20241101,SKU-0150,Personal Care,South,Online,0.0,0.0,0.0,0.0
20241201,SKU-0150,Personal Care,South,Online,105.2,1260.3,456.57,803.73
20250101,SKU-0150,Personal Care,South,Online,78.2,936.84,339.39,597.45
20250201,SKU-0150,Personal Care,South,Online,73.2,876.94,317.69,559.25
20250301,SKU-0150,Personal Care,South,Online,138.4,1658.03,600.66,1057.37
20250401,SKU-0150,Personal Care,South,Online,171.3,2052.17,743.44,1308.73
20250501,SKU-0150,Personal Care,South,Online,45.0,539.1,195.3,343.8
20250601,SKU-0150,Personal Care,South,Online,170.0,2036.6,737.8,1298.8
20250701,SKU-0150,Personal Care,South,Online,185.2,2218.7,803.77,1414.93
20250801,SKU-0150,Personal Care,South,Online,235.7,2823.69,1022.94,1800.75
20250901,SKU-0150,Personal Care,South,Online,71.5,856.57,310.31,546.26
20251001,SKU-0150,Personal Care,South,Online,168.8,2022.22,732.59,1289.63
20251101,SKU-0150,Personal Care,South,Online,100.7,1206.39,437.04,769.35
20251201,SKU-0150,Personal Care,South,Online,89.4,1071.01,388.0,683.01
20260101,SKU-0150,Personal Care,South,Online,116.7,1398.07,506.48,891.59
20260201,SKU-0150,Personal Care,South,Online,140.7,1685.59,610.64,1074.95
20260301,SKU-0150,Personal Care,South,Online,100.7,1206.39,437.04,769.35
20260401,SKU-0150,Personal Care,South,Online,81.7,978.77,354.58,624.19
20260501,SKU-0150,Personal Care,South,Online,71.9,861.36,312.05,549.31
20260601,SKU-0150,Personal Care,South,Online,183.3,2195.93,795.52,1400.41
20240701,SKU-0151,Confectionery,North,Retail,271.6,890.85,296.04,594.81
20240801,SKU-0151,Confectionery,North,Retail,355.7,1166.7,387.71,778.99
20240901,SKU-0151,Confectionery,North,Retail,249.9,819.67,272.39,547.28
20241001,SKU-0151,Confectionery,North,Retail,356.7,1169.98,388.8,781.18
20241101,SKU-0151,Confectionery,North,Retail,296.5,972.52,323.18,649.34
20241201,SKU-0151,Confectionery,North,Retail,423.9,1390.39,462.05,928.34
20250101,SKU-0151,Confectionery,North,Retail,337.2,1106.02,367.55,738.47
20250201,SKU-0151,Confectionery,North,Retail,357.8,1173.58,390.0,783.58
20250301,SKU-0151,Confectionery,North,Retail,284.5,933.16,310.1,623.06
20250401,SKU-0151,Confectionery,North,Retail,317.0,1039.76,345.53,694.23
20250501,SKU-0151,Confectionery,North,Retail,223.7,733.74,243.83,489.91
20250601,SKU-0151,Confectionery,North,Retail,314.5,1031.56,342.8,688.76
20250701,SKU-0151,Confectionery,North,Retail,365.1,1197.53,397.96,799.57
20250801,SKU-0151,Confectionery,North,Retail,303.6,995.81,330.92,664.89
20250901,SKU-0151,Confectionery,North,Retail,286.0,938.08,311.74,626.34
20251001,SKU-0151,Confectionery,North,Retail,385.9,1265.75,420.63,845.12
20251101,SKU-0151,Confectionery,North,Retail,405.7,1330.7,442.21,888.49
20251201,SKU-0151,Confectionery,North,Retail,429.8,1409.74,468.48,941.26
20260101,SKU-0151,Confectionery,North,Retail,401.4,1316.59,437.53,879.06
20260201,SKU-0151,Confectionery,North,Retail,362.6,1189.33,395.23,794.1
20260301,SKU-0151,Confectionery,North,Retail,335.2,1099.46,365.37,734.09
20260401,SKU-0151,Confectionery,North,Retail,275.9,904.95,300.73,604.22
20260501,SKU-0151,Confectionery,North,Retail,347.0,1138.16,378.23,759.93
20260601,SKU-0151,Confectionery,North,Retail,372.0,1220.16,405.48,814.68
20240701,SKU-0152,Pantry,West,Wholesale,46.8,160.99,57.1,103.89
20240801,SKU-0152,Pantry,West,Wholesale,55.0,189.2,67.1,122.1
20240901,SKU-0152,Pantry,West,Wholesale,44.0,151.36,53.68,97.68
20241001,SKU-0152,Pantry,West,Wholesale,46.2,158.93,56.36,102.57
20241101,SKU-0152,Pantry,West,Wholesale,24.5,84.28,29.89,54.39
20241201,SKU-0152,Pantry,West,Wholesale,32.8,112.83,40.02,72.81
20250101,SKU-0152,Pantry,West,Wholesale,54.8,188.51,66.86,121.65
20250201,SKU-0152,Pantry,West,Wholesale,39.5,135.88,48.19,87.69
20250301,SKU-0152,Pantry,West,Wholesale,52.0,178.88,63.44,115.44
20250401,SKU-0152,Pantry,West,Wholesale,48.9,168.22,59.66,108.56
20250501,SKU-0152,Pantry,West,Wholesale,58.9,202.62,71.86,130.76
20250601,SKU-0152,Pantry,West,Wholesale,53.3,183.35,65.03,118.32
20250701,SKU-0152,Pantry,West,Wholesale,57.8,198.83,70.52,128.31
20250801,SKU-0152,Pantry,West,Wholesale,66.8,229.79,81.5,148.29
20250901,SKU-0152,Pantry,West,Wholesale,42.5,146.2,51.85,94.35
20251001,SKU-0152,Pantry,West,Wholesale,42.9,147.58,52.34,95.24
20251101,SKU-0152,Pantry,West,Wholesale,37.1,127.62,45.26,82.36
20251201,SKU-0152,Pantry,West,Wholesale,37.3,128.31,45.51,82.8
20260101,SKU-0152,Pantry,West,Wholesale,43.6,149.98,53.19,96.79
20260201,SKU-0152,Pantry,West,Wholesale,37.7,129.69,45.99,83.7
20260301,SKU-0152,Pantry,West,Wholesale,36.2,124.53,44.16,80.37
20260401,SKU-0152,Pantry,West,Wholesale,49.0,168.56,59.78,108.78
20260501,SKU-0152,Pantry,West,Wholesale,68.2,234.61,83.2,151.41
20260601,SKU-0152,Pantry,West,Wholesale,61.4,211.22,74.91,136.31
20240701,SKU-0153,Beverages,North,Retail,202.5,1253.48,390.82,862.66
20240801,SKU-0153,Beverages,North,Retail,104.0,643.76,200.72,443.04
20240901,SKU-0153,Beverages,North,Retail,175.0,1083.25,337.75,745.5
20241001,SKU-0153,Beverages,North,Retail,181.1,1121.01,349.52,771.49
20241101,SKU-0153,Beverages,North,Retail,153.1,947.69,295.48,652.21
20241201,SKU-0153,Beverages,North,Retail,145.3,899.41,280.43,618.98
20250101,SKU-0153,Beverages,North,Retail,122.0,755.18,235.46,519.72
20250201,SKU-0153,Beverages,North,Retail,198.9,1231.19,383.88,847.31
20250301,SKU-0153,Beverages,North,Retail,144.8,896.31,279.46,616.85
20250401,SKU-0153,Beverages,North,Retail,165.4,1023.83,319.22,704.61
20250501,SKU-0153,Beverages,North,Retail,219.2,1356.85,423.06,933.79
20250601,SKU-0153,Beverages,North,Retail,215.2,1332.09,415.34,916.75
20250701,SKU-0153,Beverages,North,Retail,107.3,664.19,207.09,457.1
20250801,SKU-0153,Beverages,North,Retail,101.7,629.52,196.28,433.24
20250901,SKU-0153,Beverages,North,Retail,94.5,584.96,182.38,402.58
20251001,SKU-0153,Beverages,North,Retail,92.1,570.1,177.75,392.35
20251101,SKU-0153,Beverages,North,Retail,132.9,822.65,256.5,566.15
20251201,SKU-0153,Beverages,North,Retail,197.4,1221.91,380.98,840.93
20260101,SKU-0153,Beverages,North,Retail,180.8,1119.15,348.94,770.21
20260201,SKU-0153,Beverages,North,Retail,149.8,927.26,289.11,638.15
20260301,SKU-0153,Beverages,North,Retail,239.2,1480.65,461.66,1018.99
20260401,SKU-0153,Beverages,North,Retail,183.5,1135.86,354.16,781.7
20260501,SKU-0153,Beverages,North,Retail,242.7,1502.31,468.41,1033.9
20260601,SKU-0153,Beverages,North,Retail,222.8,1379.13,430.0,949.13
20240701,SKU-0154,Snacks,East,Wholesale,159.7,525.41,207.61,317.8
20240801,SKU-0154,Snacks,East,Wholesale,10.0,32.9,13.0,19.9
20240901,SKU-0154,Snacks,East,Wholesale,63.8,209.9,82.94,126.96
20241001,SKU-0154,Snacks,East,Wholesale,145.9,480.01,189.67,290.34
20241101,SKU-0154,Snacks,East,Wholesale,217.8,716.56,283.14,433.42
20241201,SKU-0154,Snacks,East,Wholesale,158.3,520.81,205.79,315.02
20250101,SKU-0154,Snacks,East,Wholesale,149.0,490.21,193.7,296.51
20250201,SKU-0154,Snacks,East,Wholesale,68.0,223.72,88.4,135.32
20250301,SKU-0154,Snacks,East,Wholesale,218.3,718.21,283.79,434.42
20250401,SKU-0154,Snacks,East,Wholesale,214.6,706.03,278.98,427.05
20250501,SKU-0154,Snacks,East,Wholesale,72.0,236.88,93.6,143.28
20250601,SKU-0154,Snacks,East,Wholesale,260.6,857.37,338.78,518.59
20250701,SKU-0154,Snacks,East,Wholesale,163.4,537.59,212.42,325.17
20250801,SKU-0154,Snacks,East,Wholesale,187.3,616.22,243.49,372.73
20250901,SKU-0154,Snacks,East,Wholesale,214.5,705.7,278.85,426.85
20251001,SKU-0154,Snacks,East,Wholesale,144.8,476.39,188.24,288.15
20251101,SKU-0154,Snacks,East,Wholesale,267.8,881.06,348.14,532.92
20251201,SKU-0154,Snacks,East,Wholesale,175.2,576.41,227.76,348.65
20260101,SKU-0154,Snacks,East,Wholesale,149.8,492.84,194.74,298.1
20260201,SKU-0154,Snacks,East,Wholesale,436.1,1434.77,566.93,867.84
20260301,SKU-0154,Snacks,East,Wholesale,187.5,616.88,243.75,373.13
20260401,SKU-0154,Snacks,East,Wholesale,87.8,288.86,114.14,174.72
20260501,SKU-0154,Snacks,East,Wholesale,98.1,322.75,127.53,195.22
20260601,SKU-0154,Snacks,East,Wholesale,261.7,860.99,340.21,520.78
20240701,SKU-0155,Dairy,North,Online,72.4,262.81,118.01,144.8
20240801,SKU-0155,Dairy,North,Online,70.5,255.92,114.92,141.0
20240901,SKU-0155,Dairy,North,Online,104.5,379.34,170.33,209.01
20241001,SKU-0155,Dairy,North,Online,84.5,306.74,137.73,169.01
20241101,SKU-0155,Dairy,North,Online,75.7,274.79,123.39,151.4
20241201,SKU-0155,Dairy,North,Online,56.3,204.37,91.77,112.6
20250101,SKU-0155,Dairy,North,Online,69.2,251.2,112.8,138.4
20250201,SKU-0155,Dairy,North,Online,76.0,275.88,123.88,152.0
20250301,SKU-0155,Dairy,North,Online,65.4,237.4,106.6,130.8
20250401,SKU-0155,Dairy,North,Online,76.5,277.7,124.7,153.0
20250501,SKU-0155,Dairy,North,Online,83.0,301.29,135.29,166.0
20250601,SKU-0155,Dairy,North,Online,62.1,225.42,101.22,124.2
20250701,SKU-0155,Dairy,North,Online,81.0,294.03,132.03,162.0
20250801,SKU-0155,Dairy,North,Online,96.9,351.75,157.95,193.8
20250901,SKU-0155,Dairy,North,Online,93.9,340.86,153.06,187.8
20251001,SKU-0155,Dairy,North,Online,80.6,292.58,131.38,161.2
20251101,SKU-0155,Dairy,North,Online,77.2,280.24,125.84,154.4
20251201,SKU-0155,Dairy,North,Online,60.5,219.61,98.62,120.99
20260101,SKU-0155,Dairy,North,Online,66.0,239.58,107.58,132.0
20260201,SKU-0155,Dairy,North,Online,70.5,255.92,114.92,141.0
20260301,SKU-0155,Dairy,North,Online,70.5,255.92,114.92,141.0
20260401,SKU-0155,Dairy,North,Online,99.4,360.82,162.02,198.8
20260501,SKU-0155,Dairy,North,Online,79.9,290.04,130.24,159.8
20260601,SKU-0155,Dairy,North,Online,98.8,358.64,161.04,197.6
20240701,SKU-0156,Frozen,South,Retail,135.4,1043.93,417.03,626.9
20240801,SKU-0156,Frozen,South,Retail,88.0,678.48,271.04,407.44
20240901,SKU-0156,Frozen,South,Retail,107.4,828.05,330.79,497.26
20241001,SKU-0156,Frozen,South,Retail,109.0,840.39,335.72,504.67
20241101,SKU-0156,Frozen,South,Retail,87.9,677.71,270.73,406.98
20241201,SKU-0156,Frozen,South,Retail,107.8,831.14,332.02,499.12
20250101,SKU-0156,Frozen,South,Retail,111.2,857.35,342.5,514.85
20250201,SKU-0156,Frozen,South,Retail,96.3,742.47,296.6,445.87
20250301,SKU-0156,Frozen,South,Retail,128.4,989.96,395.47,594.49
20250401,SKU-0156,Frozen,South,Retail,126.0,971.46,388.08,583.38
20250501,SKU-0156,Frozen,South,Retail,167.8,1293.74,516.82,776.92
20250601,SKU-0156,Frozen,South,Retail,116.1,895.13,357.59,537.54
20250701,SKU-0156,Frozen,South,Retail,180.4,1390.88,555.63,835.25
20250801,SKU-0156,Frozen,South,Retail,49.0,377.79,150.92,226.87
20250901,SKU-0156,Frozen,South,Retail,110.1,848.87,339.11,509.76
20251001,SKU-0156,Frozen,South,Retail,107.7,830.37,331.72,498.65
20251101,SKU-0156,Frozen,South,Retail,123.0,948.33,378.84,569.49
20251201,SKU-0156,Frozen,South,Retail,58.0,447.18,178.64,268.54
20260101,SKU-0156,Frozen,South,Retail,127.9,986.11,393.93,592.18
20260201,SKU-0156,Frozen,South,Retail,89.0,686.19,274.12,412.07
20260301,SKU-0156,Frozen,South,Retail,115.0,886.65,354.2,532.45
20260401,SKU-0156,Frozen,South,Retail,135.3,1043.16,416.72,626.44
20260501,SKU-0156,Frozen,South,Retail,179.1,1380.86,551.63,829.23
20260601,SKU-0156,Frozen,South,Retail,179.5,1383.94,552.86,831.08
20240701,SKU-0157,Household,West,Wholesale,108.0,1252.8,428.76,824.04
20240801,SKU-0157,Household,West,Wholesale,46.7,541.72,185.4,356.32
20240901,SKU-0157,Household,West,Wholesale,86.4,1002.24,343.01,659.23
20241001,SKU-0157,Household,West,Wholesale,124.5,1444.2,494.27,949.93
20241101,SKU-0157,Household,West,Wholesale,118.9,1379.24,472.03,907.21
20241201,SKU-0157,Household,West,Wholesale,133.6,1549.76,530.39,1019.37
20250101,SKU-0157,Household,West,Wholesale,89.3,1035.88,354.52,681.36
20250201,SKU-0157,Household,West,Wholesale,171.4,1988.24,680.46,1307.78
20250301,SKU-0157,Household,West,Wholesale,106.8,1238.88,424.0,814.88
20250401,SKU-0157,Household,West,Wholesale,126.0,1461.6,500.22,961.38
20250501,SKU-0157,Household,West,Wholesale,120.9,1402.44,479.97,922.47
20250601,SKU-0157,Household,West,Wholesale,166.2,1927.92,659.81,1268.11
20250701,SKU-0157,Household,West,Wholesale,60.8,705.28,241.38,463.9
20250801,SKU-0157,Household,West,Wholesale,82.3,954.68,326.73,627.95
20250901,SKU-0157,Household,West,Wholesale,79.7,924.52,316.41,608.11
20251001,SKU-0157,Household,West,Wholesale,91.9,1066.04,364.84,701.2
20251101,SKU-0157,Household,West,Wholesale,74.2,860.72,294.57,566.15
20251201,SKU-0157,Household,West,Wholesale,80.4,932.64,319.19,613.45
20260101,SKU-0157,Household,West,Wholesale,133.5,1548.6,530.0,1018.6
20260201,SKU-0157,Household,West,Wholesale,173.7,2014.92,689.59,1325.33
20260301,SKU-0157,Household,West,Wholesale,48.0,556.8,190.56,366.24
20260401,SKU-0157,Household,West,Wholesale,186.0,2157.6,738.42,1419.18
20260501,SKU-0157,Household,West,Wholesale,70.4,816.64,279.49,537.15
20260601,SKU-0157,Household,West,Wholesale,120.9,1402.44,479.97,922.47
20240701,SKU-0158,Personal Care,West,Online,314.2,3726.41,1310.21,2416.2
20240801,SKU-0158,Personal Care,West,Online,238.7,2830.98,995.38,1835.6
20240901,SKU-0158,Personal Care,West,Online,567.8,6734.11,2367.73,4366.38
20241001,SKU-0158,Personal Care,West,Online,368.3,4368.04,1535.81,2832.23
20241101,SKU-0158,Personal Care,West,Online,433.6,5142.5,1808.11,3334.39
20241201,SKU-0158,Personal Care,West,Online,506.7,6009.46,2112.94,3896.52
20250101,SKU-0158,Personal Care,West,Online,573.3,6799.34,2390.66,4408.68
20250201,SKU-0158,Personal Care,West,Online,304.0,3605.44,1267.68,2337.76
20250301,SKU-0158,Personal Care,West,Online,412.8,4895.81,1721.38,3174.43
20250401,SKU-0158,Personal Care,West,Online,581.7,6898.96,2425.69,4473.27
20250501,SKU-0158,Personal Care,West,Online,319.3,3786.9,1331.48,2455.42
20250601,SKU-0158,Personal Care,West,Online,647.5,7679.35,2700.08,4979.27
20250701,SKU-0158,Personal Care,West,Online,533.6,6328.5,2225.11,4103.39
20250801,SKU-0158,Personal Care,West,Online,381.1,4519.85,1589.19,2930.66
20250901,SKU-0158,Personal Care,West,Online,253.3,3004.14,1056.26,1947.88
20251001,SKU-0158,Personal Care,West,Online,197.2,2338.79,822.32,1516.47
20251101,SKU-0158,Personal Care,West,Online,581.9,6901.33,2426.52,4474.81
20251201,SKU-0158,Personal Care,West,Online,390.5,4631.33,1628.38,3002.95
20260101,SKU-0158,Personal Care,West,Online,570.8,6769.69,2380.24,4389.45
20260201,SKU-0158,Personal Care,West,Online,365.2,4331.27,1522.88,2808.39
20260301,SKU-0158,Personal Care,West,Online,553.4,6563.32,2307.68,4255.64
20260401,SKU-0158,Personal Care,West,Online,448.3,5316.84,1869.41,3447.43
20260501,SKU-0158,Personal Care,West,Online,433.4,5140.12,1807.28,3332.84
20260601,SKU-0158,Personal Care,West,Online,558.0,6617.88,2326.86,4291.02
20240701,SKU-0159,Confectionery,West,Retail,122.4,390.46,101.59,288.87
20240801,SKU-0159,Confectionery,West,Retail,160.0,510.4,132.8,377.6
20240901,SKU-0159,Confectionery,West,Retail,102.6,327.29,85.16,242.13
20241001,SKU-0159,Confectionery,West,Retail,122.2,389.82,101.43,288.39
20241101,SKU-0159,Confectionery,West,Retail,130.7,416.93,108.48,308.45
20241201,SKU-0159,Confectionery,West,Retail,182.9,583.45,151.81,431.64
20250101,SKU-0159,Confectionery,West,Retail,128.0,408.32,106.24,302.08
20250201,SKU-0159,Confectionery,West,Retail,120.2,383.44,99.77,283.67
20250301,SKU-0159,Confectionery,West,Retail,129.6,413.42,107.57,305.85
20250401,SKU-0159,Confectionery,West,Retail,151.4,482.97,125.66,357.31
20250501,SKU-0159,Confectionery,West,Retail,150.7,480.73,125.08,355.65
20250601,SKU-0159,Confectionery,West,Retail,117.6,375.14,97.61,277.53
20250701,SKU-0159,Confectionery,West,Retail,120.6,384.71,100.1,284.61
20250801,SKU-0159,Confectionery,West,Retail,150.6,480.41,125.0,355.41
20250901,SKU-0159,Confectionery,West,Retail,136.0,433.84,112.88,320.96
20251001,SKU-0159,Confectionery,West,Retail,144.7,461.59,120.1,341.49
20251101,SKU-0159,Confectionery,West,Retail,158.7,506.25,131.72,374.53
20251201,SKU-0159,Confectionery,West,Retail,138.7,442.45,115.12,327.33
20260101,SKU-0159,Confectionery,West,Retail,137.5,438.62,114.12,324.5
20260201,SKU-0159,Confectionery,West,Retail,171.6,547.4,142.43,404.97
20260301,SKU-0159,Confectionery,West,Retail,140.3,447.56,116.45,331.11
20260401,SKU-0159,Confectionery,West,Retail,146.1,466.06,121.26,344.8
20260501,SKU-0159,Confectionery,West,Retail,145.0,462.55,120.35,342.2
20260601,SKU-0159,Confectionery,West,Retail,129.9,414.38,107.82,306.56
20240701,SKU-0160,Pantry,Central,Wholesale,166.7,946.86,316.73,630.13
20240801,SKU-0160,Pantry,Central,Wholesale,114.1,648.09,216.79,431.3
20240901,SKU-0160,Pantry,Central,Wholesale,110.5,627.64,209.95,417.69
20241001,SKU-0160,Pantry,Central,Wholesale,93.1,528.81,176.89,351.92
20241101,SKU-0160,Pantry,Central,Wholesale,80.3,456.1,152.57,303.53
20241201,SKU-0160,Pantry,Central,Wholesale,82.0,465.76,155.8,309.96
20250101,SKU-0160,Pantry,Central,Wholesale,59.9,340.23,113.81,226.42
20250201,SKU-0160,Pantry,Central,Wholesale,92.8,527.1,176.32,350.78
20250301,SKU-0160,Pantry,Central,Wholesale,75.7,429.98,143.83,286.15
20250401,SKU-0160,Pantry,Central,Wholesale,88.3,501.54,167.77,333.77
20250501,SKU-0160,Pantry,Central,Wholesale,142.2,807.7,270.18,537.52
20250601,SKU-0160,Pantry,Central,Wholesale,122.5,695.8,232.75,463.05
20250701,SKU-0160,Pantry,Central,Wholesale,99.3,564.02,188.67,375.35
20250801,SKU-0160,Pantry,Central,Wholesale,141.2,802.02,268.28,533.74
20250901,SKU-0160,Pantry,Central,Wholesale,156.7,890.06,297.73,592.33
20251001,SKU-0160,Pantry,Central,Wholesale,112.0,636.16,212.8,423.36
20251101,SKU-0160,Pantry,Central,Wholesale,113.7,645.82,216.03,429.79
20251201,SKU-0160,Pantry,Central,Wholesale,142.8,811.1,271.32,539.78
20260101,SKU-0160,Pantry,Central,Wholesale,150.7,855.98,286.33,569.65
20260201,SKU-0160,Pantry,Central,Wholesale,113.3,643.54,215.27,428.27
20260301,SKU-0160,Pantry,Central,Wholesale,146.7,833.26,278.73,554.53
20260401,SKU-0160,Pantry,Central,Wholesale,126.7,719.66,240.73,478.93
20260501,SKU-0160,Pantry,Central,Wholesale,95.1,540.17,180.69,359.48
20260601,SKU-0160,Pantry,Central,Wholesale,150.9,857.11,286.71,570.4
20240701,SKU-0161,Beverages,North,Retail,144.7,879.78,366.09,513.69
20240801,SKU-0161,Beverages,North,Retail,160.8,977.66,406.82,570.84
20240901,SKU-0161,Beverages,North,Retail,166.5,1012.32,421.24,591.08
20241001,SKU-0161,Beverages,North,Retail,99.1,602.53,250.72,351.81
20241101,SKU-0161,Beverages,North,Retail,196.2,1192.9,496.39,696.51
20241201,SKU-0161,Beverages,North,Retail,199.0,1209.92,503.47,706.45
20250101,SKU-0161,Beverages,North,Retail,208.3,1266.46,527.0,739.46
20250201,SKU-0161,Beverages,North,Retail,280.7,1706.66,710.17,996.49
20250301,SKU-0161,Beverages,North,Retail,295.0,1793.6,746.35,1047.25
20250401,SKU-0161,Beverages,North,Retail,249.0,1513.92,629.97,883.95
20250501,SKU-0161,Beverages,North,Retail,204.6,1243.97,517.64,726.33
20250601,SKU-0161,Beverages,North,Retail,203.3,1236.06,514.35,721.71
20250701,SKU-0161,Beverages,North,Retail,240.8,1464.06,609.22,854.84
20250801,SKU-0161,Beverages,North,Retail,217.7,1323.62,550.78,772.84
20250901,SKU-0161,Beverages,North,Retail,100.4,610.43,254.01,356.42
20251001,SKU-0161,Beverages,North,Retail,214.3,1302.94,542.18,760.76
20251101,SKU-0161,Beverages,North,Retail,212.5,1292.0,537.62,754.38
20251201,SKU-0161,Beverages,North,Retail,247.3,1503.58,625.67,877.91
20260101,SKU-0161,Beverages,North,Retail,229.4,1394.75,580.38,814.37
20260201,SKU-0161,Beverages,North,Retail,277.5,1687.2,702.08,985.12
20260301,SKU-0161,Beverages,North,Retail,202.5,1231.2,512.32,718.88
20260401,SKU-0161,Beverages,North,Retail,308.1,1873.25,779.49,1093.76
20260501,SKU-0161,Beverages,North,Retail,240.1,1459.81,607.45,852.36
20260601,SKU-0161,Beverages,North,Retail,156.4,950.91,395.69,555.22
20240701,SKU-0162,Snacks,West,Wholesale,156.8,669.54,233.63,435.91
20240801,SKU-0162,Snacks,West,Wholesale,185.4,791.66,276.25,515.41
20240901,SKU-0162,Snacks,West,Wholesale,165.5,706.68,246.6,460.08
20241001,SKU-0162,Snacks,West,Wholesale,136.2,581.57,202.94,378.63
20241101,SKU-0162,Snacks,West,Wholesale,147.2,628.54,219.33,409.21
20241201,SKU-0162,Snacks,West,Wholesale,153.2,654.16,228.27,425.89
20250101,SKU-0162,Snacks,West,Wholesale,136.5,582.85,203.38,379.47
20250201,SKU-0162,Snacks,West,Wholesale,214.3,915.06,319.31,595.75
20250301,SKU-0162,Snacks,West,Wholesale,176.2,752.37,262.54,489.83
20250401,SKU-0162,Snacks,West,Wholesale,172.4,736.15,256.88,479.27
20250501,SKU-0162,Snacks,West,Wholesale,151.0,644.77,224.99,419.78
20250601,SKU-0162,Snacks,West,Wholesale,146.3,624.7,217.99,406.71
20250701,SKU-0162,Snacks,West,Wholesale,103.6,442.37,154.36,288.01
20250801,SKU-0162,Snacks,West,Wholesale,195.6,835.21,291.44,543.77
20250901,SKU-0162,Snacks,West,Wholesale,162.4,693.45,241.98,451.47
20251001,SKU-0162,Snacks,West,Wholesale,183.8,784.83,273.86,510.97
20251101,SKU-0162,Snacks,West,Wholesale,154.2,658.43,229.76,428.67
20251201,SKU-0162,Snacks,West,Wholesale,158.4,676.37,236.02,440.35
20260101,SKU-0162,Snacks,West,Wholesale,225.2,961.6,335.55,626.05
20260201,SKU-0162,Snacks,West,Wholesale,173.0,738.71,257.77,480.94
20260301,SKU-0162,Snacks,West,Wholesale,185.5,792.08,276.4,515.68
20260401,SKU-0162,Snacks,West,Wholesale,178.7,763.05,266.26,496.79
20260501,SKU-0162,Snacks,West,Wholesale,120.8,515.82,179.99,335.83
20260601,SKU-0162,Snacks,West,Wholesale,175.1,747.68,260.9,486.78
20240701,SKU-0163,Dairy,North,Retail,92.6,468.56,138.9,329.66
20240801,SKU-0163,Dairy,North,Retail,76.3,386.08,114.45,271.63
20240901,SKU-0163,Dairy,North,Retail,109.9,556.09,164.85,391.24
20241001,SKU-0163,Dairy,North,Retail,22.9,115.87,34.35,81.52
20241101,SKU-0163,Dairy,North,Retail,72.4,366.34,108.6,257.74
20241201,SKU-0163,Dairy,North,Retail,118.4,599.1,177.6,421.5
20250101,SKU-0163,Dairy,North,Retail,90.9,459.95,136.35,323.6
20250201,SKU-0163,Dairy,North,Retail,49.3,249.46,73.95,175.51
20250301,SKU-0163,Dairy,North,Retail,95.1,481.21,142.65,338.56
20250401,SKU-0163,Dairy,North,Retail,90.1,455.91,135.15,320.76
20250501,SKU-0163,Dairy,North,Retail,87.6,443.26,131.4,311.86
20250601,SKU-0163,Dairy,North,Retail,152.4,771.14,228.6,542.54
20250701,SKU-0163,Dairy,North,Retail,107.4,543.44,161.1,382.34
20250801,SKU-0163,Dairy,North,Retail,71.7,362.8,107.55,255.25
20250901,SKU-0163,Dairy,North,Retail,169.0,855.14,253.5,601.64
20251001,SKU-0163,Dairy,North,Retail,146.3,740.28,219.45,520.83
20251101,SKU-0163,Dairy,North,Retail,125.6,635.54,188.4,447.14
20251201,SKU-0163,Dairy,North,Retail,103.8,525.23,155.7,369.53
20260101,SKU-0163,Dairy,North,Retail,74.7,377.98,112.05,265.93
20260201,SKU-0163,Dairy,North,Retail,67.2,340.03,100.8,239.23
20260301,SKU-0163,Dairy,North,Retail,78.3,396.2,117.45,278.75
20260401,SKU-0163,Dairy,North,Retail,158.7,803.02,238.05,564.97
20260501,SKU-0163,Dairy,North,Retail,96.2,486.77,144.3,342.47
20260601,SKU-0163,Dairy,North,Retail,165.5,837.43,248.25,589.18
20240701,SKU-0164,Frozen,Central,Online,188.0,1671.32,620.4,1050.92
20240801,SKU-0164,Frozen,Central,Online,141.4,1257.05,466.62,790.43
20240901,SKU-0164,Frozen,Central,Online,144.0,1280.16,475.2,804.96
20241001,SKU-0164,Frozen,Central,Online,103.9,923.67,342.87,580.8
20241101,SKU-0164,Frozen,Central,Online,119.5,1062.36,394.35,668.01
20241201,SKU-0164,Frozen,Central,Online,139.1,1236.6,459.03,777.57
20250101,SKU-0164,Frozen,Central,Online,173.3,1540.64,571.89,968.75
20250201,SKU-0164,Frozen,Central,Online,150.9,1341.5,497.97,843.53
20250301,SKU-0164,Frozen,Central,Online,225.9,2008.25,745.47,1262.78
20250401,SKU-0164,Frozen,Central,Online,209.9,1866.01,692.67,1173.34
20250501,SKU-0164,Frozen,Central,Online,189.2,1681.99,624.36,1057.63
20250601,SKU-0164,Frozen,Central,Online,128.2,1139.7,423.06,716.64
20250701,SKU-0164,Frozen,Central,Online,188.8,1678.43,623.04,1055.39
20250801,SKU-0164,Frozen,Central,Online,229.4,2039.37,757.02,1282.35
20250901,SKU-0164,Frozen,Central,Online,152.9,1359.28,504.57,854.71
20251001,SKU-0164,Frozen,Central,Online,167.8,1491.74,553.74,938.0
20251101,SKU-0164,Frozen,Central,Online,147.0,1306.83,485.1,821.73
20251201,SKU-0164,Frozen,Central,Online,205.7,1828.67,678.81,1149.86
20260101,SKU-0164,Frozen,Central,Online,173.9,1545.97,573.87,972.1
20260201,SKU-0164,Frozen,Central,Online,127.7,1135.25,421.41,713.84
20260301,SKU-0164,Frozen,Central,Online,214.5,1906.91,707.85,1199.06
20260401,SKU-0164,Frozen,Central,Online,206.2,1833.12,680.46,1152.66
20260501,SKU-0164,Frozen,Central,Online,211.9,1883.79,699.27,1184.52
20260601,SKU-0164,Frozen,Central,Online,190.4,1692.66,628.32,1064.34
20240701,SKU-0165,Household,North,Retail,96.6,1074.19,337.13,737.06
20240801,SKU-0165,Household,North,Retail,74.0,822.88,258.26,564.62
20240901,SKU-0165,Household,North,Retail,85.0,945.2,296.65,648.55
20241001,SKU-0165,Household,North,Retail,84.8,942.98,295.95,647.03
20241101,SKU-0165,Household,North,Retail,112.3,1248.78,391.93,856.85
20241201,SKU-0165,Household,North,Retail,110.0,1223.2,383.9,839.3
20250101,SKU-0165,Household,North,Retail,117.6,1307.71,410.42,897.29
20250201,SKU-0165,Household,North,Retail,122.1,1357.75,426.13,931.62
20250301,SKU-0165,Household,North,Retail,109.7,1219.86,382.85,837.01
20250401,SKU-0165,Household,North,Retail,110.6,1229.87,385.99,843.88
20250501,SKU-0165,Household,North,Retail,106.9,1188.73,373.08,815.65
20250601,SKU-0165,Household,North,Retail,110.1,1224.31,384.25,840.06
20250701,SKU-0165,Household,North,Retail,99.7,1108.66,347.95,760.71
20250801,SKU-0165,Household,North,Retail,113.5,1262.12,396.12,866.0
20250901,SKU-0165,Household,North,Retail,92.5,1028.6,322.83,705.77
20251001,SKU-0165,Household,North,Retail,118.3,1315.5,412.87,902.63
20251101,SKU-0165,Household,North,Retail,94.9,1055.29,331.2,724.09
20251201,SKU-0165,Household,North,Retail,121.1,1346.63,422.64,923.99
20260101,SKU-0165,Household,North,Retail,122.8,1365.54,428.57,936.97
20260201,SKU-0165,Household,North,Retail,117.5,1306.6,410.08,896.52
20260301,SKU-0165,Household,North,Retail,139.7,1553.46,487.55,1065.91
20260401,SKU-0165,Household,North,Retail,88.6,985.23,309.21,676.02
20260501,SKU-0165,Household,North,Retail,139.9,1555.69,488.25,1067.44
20260601,SKU-0165,Household,North,Retail,105.4,1172.05,367.85,804.2
20240701,SKU-0166,Personal Care,Central,Wholesale,134.7,1856.17,653.29,1202.88
20240801,SKU-0166,Personal Care,Central,Wholesale,76.1,1048.66,369.08,679.58
20240901,SKU-0166,Personal Care,Central,Wholesale,79.3,1092.75,384.6,708.15
20241001,SKU-0166,Personal Care,Central,Wholesale,104.9,1445.52,508.76,936.76
20241101,SKU-0166,Personal Care,Central,Wholesale,85.9,1183.7,416.62,767.08
20241201,SKU-0166,Personal Care,Central,Wholesale,91.7,1263.63,444.74,818.89
20250101,SKU-0166,Personal Care,Central,Wholesale,69.0,950.82,334.65,616.17
20250201,SKU-0166,Personal Care,Central,Wholesale,113.2,1559.9,549.02,1010.88
20250301,SKU-0166,Personal Care,Central,Wholesale,85.4,1176.81,414.19,762.62
20250401,SKU-0166,Personal Care,Central,Wholesale,133.6,1841.01,647.96,1193.05
20250501,SKU-0166,Personal Care,Central,Wholesale,106.0,1460.68,514.1,946.58
20250601,SKU-0166,Personal Care,Central,Wholesale,118.3,1630.17,573.76,1056.41
20250701,SKU-0166,Personal Care,Central,Wholesale,90.0,1240.2,436.5,803.7
20250801,SKU-0166,Personal Care,Central,Wholesale,84.6,1165.79,410.31,755.48
20250901,SKU-0166,Personal Care,Central,Wholesale,85.9,1183.7,416.62,767.08
20251001,SKU-0166,Personal Care,Central,Wholesale,101.8,1402.8,493.73,909.07
20251101,SKU-0166,Personal Care,Central,Wholesale,66.7,919.13,323.5,595.63
20251201,SKU-0166,Personal Care,Central,Wholesale,154.7,2131.77,750.29,1381.48
20260101,SKU-0166,Personal Care,Central,Wholesale,95.7,1318.75,464.14,854.61
20260201,SKU-0166,Personal Care,Central,Wholesale,127.1,1751.44,616.43,1135.01
20260301,SKU-0166,Personal Care,Central,Wholesale,120.4,1659.11,583.94,1075.17
20260401,SKU-0166,Personal Care,Central,Wholesale,94.0,1295.32,455.9,839.42
20260501,SKU-0166,Personal Care,Central,Wholesale,166.6,2295.75,808.01,1487.74
20260601,SKU-0166,Personal Care,Central,Wholesale,127.8,1761.08,619.83,1141.25
20240701,SKU-0167,Confectionery,East,Retail,39.9,154.81,52.27,102.54
20240801,SKU-0167,Confectionery,East,Retail,48.0,186.24,62.88,123.36
20240901,SKU-0167,Confectionery,East,Retail,72.5,281.3,94.98,186.32
20241001,SKU-0167,Confectionery,East,Retail,55.8,216.5,73.1,143.4
20241101,SKU-0167,Confectionery,East,Retail,75.7,293.72,99.17,194.55
20241201,SKU-0167,Confectionery,East,Retail,84.4,327.47,110.56,216.91
20250101,SKU-0167,Confectionery,East,Retail,47.0,182.36,61.57,120.79
20250201,SKU-0167,Confectionery,East,Retail,47.0,182.36,61.57,120.79
20250301,SKU-0167,Confectionery,East,Retail,63.0,244.44,82.53,161.91
20250401,SKU-0167,Confectionery,East,Retail,45.2,175.38,59.21,116.17
20250501,SKU-0167,Confectionery,East,Retail,61.9,240.17,81.09,159.08
20250601,SKU-0167,Confectionery,East,Retail,23.8,92.34,31.18,61.16
20250701,SKU-0167,Confectionery,East,Retail,54.2,210.3,71.0,139.3
20250801,SKU-0167,Confectionery,East,Retail,42.1,163.35,55.15,108.2
20250901,SKU-0167,Confectionery,East,Retail,12.9,50.05,16.9,33.15
20251001,SKU-0167,Confectionery,East,Retail,89.3,346.48,116.98,229.5
20251101,SKU-0167,Confectionery,East,Retail,35.0,135.8,45.85,89.95
20251201,SKU-0167,Confectionery,East,Retail,69.3,268.88,90.78,178.1
20260101,SKU-0167,Confectionery,East,Retail,35.8,138.9,46.9,92.0
20260201,SKU-0167,Confectionery,East,Retail,33.6,130.37,44.02,86.35
20260301,SKU-0167,Confectionery,East,Retail,27.9,108.25,36.55,71.7
20260401,SKU-0167,Confectionery,East,Retail,65.8,255.3,86.2,169.1
20260501,SKU-0167,Confectionery,East,Retail,78.7,305.36,103.1,202.26
20260601,SKU-0167,Confectionery,East,Retail,48.4,187.79,63.4,124.39
20240701,SKU-0168,Pantry,South,Online,85.0,279.65,90.1,189.55
20240801,SKU-0168,Pantry,South,Online,100.1,329.33,106.11,223.22
20240901,SKU-0168,Pantry,South,Online,125.5,412.9,133.03,279.87
20241001,SKU-0168,Pantry,South,Online,118.9,391.18,126.03,265.15
20241101,SKU-0168,Pantry,South,Online,87.7,288.53,92.96,195.57
20241201,SKU-0168,Pantry,South,Online,89.2,293.47,94.55,198.92
20250101,SKU-0168,Pantry,South,Online,89.5,294.46,94.87,199.59
20250201,SKU-0168,Pantry,South,Online,47.7,156.93,50.56,106.37
20250301,SKU-0168,Pantry,South,Online,128.1,421.45,135.79,285.66
20250401,SKU-0168,Pantry,South,Online,75.3,247.74,79.82,167.92
20250501,SKU-0168,Pantry,South,Online,134.3,441.85,142.36,299.49
20250601,SKU-0168,Pantry,South,Online,134.1,441.19,142.15,299.04
20250701,SKU-0168,Pantry,South,Online,174.0,572.46,184.44,388.02
20250801,SKU-0168,Pantry,South,Online,118.0,388.22,125.08,263.14
20250901,SKU-0168,Pantry,South,Online,120.4,396.12,127.62,268.5
20251001,SKU-0168,Pantry,South,Online,19.1,62.84,20.25,42.59
20251101,SKU-0168,Pantry,South,Online,59.4,195.43,62.96,132.47
20251201,SKU-0168,Pantry,South,Online,122.2,402.04,129.53,272.51
20260101,SKU-0168,Pantry,South,Online,87.1,286.56,92.33,194.23
20260201,SKU-0168,Pantry,South,Online,150.2,494.16,159.21,334.95
20260301,SKU-0168,Pantry,South,Online,130.8,430.33,138.65,291.68
20260401,SKU-0168,Pantry,South,Online,126.3,415.53,133.88,281.65
20260501,SKU-0168,Pantry,South,Online,109.0,358.61,115.54,243.07
20260601,SKU-0168,Pantry,South,Online,143.2,471.13,151.79,319.34
20240701,SKU-0169,Beverages,East,Retail,49.3,261.78,75.43,186.35
20240801,SKU-0169,Beverages,East,Retail,33.3,176.82,50.95,125.87
20240901,SKU-0169,Beverages,East,Retail,40.5,215.05,61.96,153.09
20241001,SKU-0169,Beverages,East,Retail,60.2,319.66,92.11,227.55
20241101,SKU-0169,Beverages,East,Retail,54.0,286.74,82.62,204.12
20241201,SKU-0169,Beverages,East,Retail,54.8,290.99,83.84,207.15
20250101,SKU-0169,Beverages,East,Retail,70.6,374.89,108.02,266.87
20250201,SKU-0169,Beverages,East,Retail,76.0,403.56,116.28,287.28
20250301,SKU-0169,Beverages,East,Retail,85.2,452.41,130.36,322.05
20250401,SKU-0169,Beverages,East,Retail,73.4,389.75,112.3,277.45
20250501,SKU-0169,Beverages,East,Retail,73.6,390.82,112.61,278.21
20250601,SKU-0169,Beverages,East,Retail,76.1,404.09,116.43,287.66
20250701,SKU-0169,Beverages,East,Retail,56.9,302.14,87.06,215.08
20250801,SKU-0169,Beverages,East,Retail,56.5,300.02,86.44,213.58
20250901,SKU-0169,Beverages,East,Retail,51.0,270.81,78.03,192.78
20251001,SKU-0169,Beverages,East,Retail,50.9,270.28,77.88,192.4
20251101,SKU-0169,Beverages,East,Retail,47.4,251.69,72.52,179.17
20251201,SKU-0169,Beverages,East,Retail,70.2,372.76,107.41,265.35
20260101,SKU-0169,Beverages,East,Retail,56.0,297.36,85.68,211.68
20260201,SKU-0169,Beverages,East,Retail,88.3,468.87,135.1,333.77
20260301,SKU-0169,Beverages,East,Retail,66.8,354.71,102.2,252.51
20260401,SKU-0169,Beverages,East,Retail,54.5,289.4,83.38,206.02
20260501,SKU-0169,Beverages,East,Retail,80.3,426.39,122.86,303.53
20260601,SKU-0169,Beverages,East,Retail,60.5,321.26,92.56,228.7
20240701,SKU-0170,Snacks,East,Wholesale,216.2,1037.76,274.57,763.19
20240801,SKU-0170,Snacks,East,Wholesale,139.7,670.56,177.42,493.14
20240901,SKU-0170,Snacks,East,Wholesale,251.7,1208.16,319.66,888.5
20241001,SKU-0170,Snacks,East,Wholesale,217.7,1044.96,276.48,768.48
20241101,SKU-0170,Snacks,East,Wholesale,121.5,583.2,154.3,428.9
20241201,SKU-0170,Snacks,East,Wholesale,206.5,991.2,262.26,728.94
20250101,SKU-0170,Snacks,East,Wholesale,214.3,1028.64,272.16,756.48
20250201,SKU-0170,Snacks,East,Wholesale,223.3,1071.84,283.59,788.25
20250301,SKU-0170,Snacks,East,Wholesale,273.6,1313.28,347.47,965.81
20250401,SKU-0170,Snacks,East,Wholesale,221.6,1063.68,281.43,782.25
20250501,SKU-0170,Snacks,East,Wholesale,174.4,837.12,221.49,615.63
20250601,SKU-0170,Snacks,East,Wholesale,77.9,373.92,98.93,274.99
20250701,SKU-0170,Snacks,East,Wholesale,151.4,726.72,192.28,534.44
20250801,SKU-0170,Snacks,East,Wholesale,160.7,771.36,204.09,567.27
20250901,SKU-0170,Snacks,East,Wholesale,142.1,682.08,180.47,501.61
20251001,SKU-0170,Snacks,East,Wholesale,286.8,1376.64,364.24,1012.4
20251101,SKU-0170,Snacks,East,Wholesale,177.0,849.6,224.79,624.81
20251201,SKU-0170,Snacks,East,Wholesale,308.1,1478.88,391.29,1087.59
20260101,SKU-0170,Snacks,East,Wholesale,127.1,610.08,161.42,448.66
20260201,SKU-0170,Snacks,East,Wholesale,274.4,1317.12,348.49,968.63
20260301,SKU-0170,Snacks,East,Wholesale,262.9,1261.92,333.88,928.04
20260401,SKU-0170,Snacks,East,Wholesale,62.8,301.44,79.76,221.68
20260501,SKU-0170,Snacks,East,Wholesale,225.6,1082.88,286.51,796.37
20260601,SKU-0170,Snacks,East,Wholesale,181.4,870.72,230.38,640.34
20240701,SKU-0171,Dairy,North,Wholesale,56.7,289.74,89.59,200.15
20240801,SKU-0171,Dairy,North,Wholesale,38.1,194.69,60.2,134.49
20240901,SKU-0171,Dairy,North,Wholesale,41.9,214.11,66.2,147.91
20241001,SKU-0171,Dairy,North,Wholesale,43.8,223.82,69.2,154.62
20241101,SKU-0171,Dairy,North,Wholesale,35.4,180.89,55.93,124.96
20241201,SKU-0171,Dairy,North,Wholesale,17.3,88.4,27.33,61.07
20250101,SKU-0171,Dairy,North,Wholesale,35.7,182.43,56.41,126.02
20250201,SKU-0171,Dairy,North,Wholesale,21.2,108.33,33.5,74.83
20250301,SKU-0171,Dairy,North,Wholesale,16.0,81.76,25.28,56.48
20250401,SKU-0171,Dairy,North,Wholesale,35.9,183.45,56.72,126.73
20250501,SKU-0171,Dairy,North,Wholesale,55.7,284.63,88.01,196.62
20250601,SKU-0171,Dairy,North,Wholesale,67.2,343.39,106.18,237.21
20250701,SKU-0171,Dairy,North,Wholesale,51.7,264.19,81.69,182.5
20250801,SKU-0171,Dairy,North,Wholesale,47.4,242.21,74.89,167.32
20250901,SKU-0171,Dairy,North,Wholesale,52.9,270.32,83.58,186.74
20251001,SKU-0171,Dairy,North,Wholesale,62.8,320.91,99.22,221.69
20251101,SKU-0171,Dairy,North,Wholesale,56.4,288.2,89.11,199.09
20251201,SKU-0171,Dairy,North,Wholesale,30.7,156.88,48.51,108.37
20260101,SKU-0171,Dairy,North,Wholesale,37.9,193.67,59.88,133.79
20260201,SKU-0171,Dairy,North,Wholesale,20.3,103.73,32.07,71.66
20260301,SKU-0171,Dairy,North,Wholesale,36.9,188.56,58.3,130.26
20260401,SKU-0171,Dairy,North,Wholesale,35.7,182.43,56.41,126.02
20260501,SKU-0171,Dairy,North,Wholesale,61.8,315.8,97.64,218.16
20260601,SKU-0171,Dairy,North,Wholesale,50.5,258.06,79.79,178.27
20240701,SKU-0172,Frozen,West,Online,52.0,395.2,147.16,248.04
20240801,SKU-0172,Frozen,West,Online,154.4,1173.44,436.95,736.49
20240901,SKU-0172,Frozen,West,Online,181.8,1381.68,514.49,867.19
20241001,SKU-0172,Frozen,West,Online,204.5,1554.2,578.74,975.46
20241101,SKU-0172,Frozen,West,Online,148.0,1124.8,418.84,705.96
20241201,SKU-0172,Frozen,West,Online,137.1,1041.96,387.99,653.97
20250101,SKU-0172,Frozen,West,Online,126.7,962.92,358.56,604.36
20250201,SKU-0172,Frozen,West,Online,260.7,1981.32,737.78,1243.54
20250301,SKU-0172,Frozen,West,Online,118.0,896.8,333.94,562.86
20250401,SKU-0172,Frozen,West,Online,154.8,1176.48,438.08,738.4
20250501,SKU-0172,Frozen,West,Online,217.1,1649.96,614.39,1035.57
20250601,SKU-0172,Frozen,West,Online,161.2,1225.12,456.2,768.92
20250701,SKU-0172,Frozen,West,Online,143.2,1088.32,405.26,683.06
20250801,SKU-0172,Frozen,West,Online,104.9,797.24,296.87,500.37
20250901,SKU-0172,Frozen,West,Online,91.3,693.88,258.38,435.5
20251001,SKU-0172,Frozen,West,Online,175.6,1334.56,496.95,837.61
20251101,SKU-0172,Frozen,West,Online,207.6,1577.76,587.51,990.25
20251201,SKU-0172,Frozen,West,Online,130.2,989.52,368.47,621.05
20260101,SKU-0172,Frozen,West,Online,153.4,1165.84,434.12,731.72
20260201,SKU-0172,Frozen,West,Online,122.8,933.28,347.52,585.76
20260301,SKU-0172,Frozen,West,Online,160.3,1218.28,453.65,764.63
20260401,SKU-0172,Frozen,West,Online,111.1,844.36,314.41,529.95
20260501,SKU-0172,Frozen,West,Online,122.6,931.76,346.96,584.8
20260601,SKU-0172,Frozen,West,Online,251.4,1910.64,711.46,1199.18
20240701,SKU-0173,Household,South,Retail,74.9,856.11,305.59,550.52
20240801,SKU-0173,Household,South,Retail,96.3,1100.71,392.9,707.81
20240901,SKU-0173,Household,South,Retail,93.7,1070.99,382.3,688.69
20241001,SKU-0173,Household,South,Retail,82.0,937.26,334.56,602.7
20241101,SKU-0173,Household,South,Retail,88.9,1016.13,362.71,653.42
20241201,SKU-0173,Household,South,Retail,99.8,1140.71,407.18,733.53
20250101,SKU-0173,Household,South,Retail,92.4,1056.13,376.99,679.14
20250201,SKU-0173,Household,South,Retail,120.8,1380.74,492.86,887.88
20250301,SKU-0173,Household,South,Retail,96.6,1104.14,394.13,710.01
20250401,SKU-0173,Household,South,Retail,84.1,961.26,343.13,618.13
20250501,SKU-0173,Household,South,Retail,74.8,854.96,305.18,549.78
20250601,SKU-0173,Household,South,Retail,72.9,833.25,297.43,535.82
20250701,SKU-0173,Household,South,Retail,104.5,1194.44,426.36,768.08
20250801,SKU-0173,Household,South,Retail,81.6,932.69,332.93,599.76
20250901,SKU-0173,Household,South,Retail,76.4,873.25,311.71,561.54
20251001,SKU-0173,Household,South,Retail,69.8,797.81,284.78,513.03
20251101,SKU-0173,Household,South,Retail,87.9,1004.7,358.63,646.07
20251201,SKU-0173,Household,South,Retail,81.5,931.54,332.52,599.02
20260101,SKU-0173,Household,South,Retail,116.2,1328.17,474.1,854.07
20260201,SKU-0173,Household,South,Retail,134.2,1533.91,547.54,986.37
20260301,SKU-0173,Household,South,Retail,131.6,1504.19,536.93,967.26
20260401,SKU-0173,Household,South,Retail,81.4,930.4,332.11,598.29
20260501,SKU-0173,Household,South,Retail,103.7,1185.29,423.1,762.19
20260601,SKU-0173,Household,South,Retail,107.1,1224.15,436.97,787.18
20240701,SKU-0174,Personal Care,North,Retail,167.3,1848.67,752.85,1095.82
20240801,SKU-0174,Personal Care,North,Retail,201.0,2221.05,904.5,1316.55
20240901,SKU-0174,Personal Care,North,Retail,152.6,1686.23,686.7,999.53
20241001,SKU-0174,Personal Care,North,Retail,204.2,2256.41,918.9,1337.51
20241101,SKU-0174,Personal Care,North,Retail,151.8,1677.39,683.1,994.29
20241201,SKU-0174,Personal Care,North,Retail,169.7,1875.18,763.65,1111.53
20250101,SKU-0174,Personal Care,North,Retail,171.4,1893.97,771.3,1122.67
20250201,SKU-0174,Personal Care,North,Retail,148.4,1639.82,667.8,972.02
20250301,SKU-0174,Personal Care,North,Retail,195.9,2164.7,881.55,1283.15
20250401,SKU-0174,Personal Care,North,Retail,124.5,1375.72,560.25,815.47
20250501,SKU-0174,Personal Care,North,Retail,216.5,2392.33,974.25,1418.08
20250601,SKU-0174,Personal Care,North,Retail,177.8,1964.69,800.1,1164.59
20250701,SKU-0174,Personal Care,North,Retail,225.1,2487.36,1012.95,1474.41
20250801,SKU-0174,Personal Care,North,Retail,147.4,1628.77,663.3,965.47
20250901,SKU-0174,Personal Care,North,Retail,190.5,2105.02,857.25,1247.77
20251001,SKU-0174,Personal Care,North,Retail,270.2,2985.71,1215.9,1769.81
20251101,SKU-0174,Personal Care,North,Retail,247.0,2729.35,1111.5,1617.85
20251201,SKU-0174,Personal Care,North,Retail,91.7,1013.29,412.65,600.64
20260101,SKU-0174,Personal Care,North,Retail,175.2,1935.96,788.4,1147.56
20260201,SKU-0174,Personal Care,North,Retail,137.1,1514.96,616.95,898.01
20260301,SKU-0174,Personal Care,North,Retail,189.1,2089.56,850.95,1238.61
20260401,SKU-0174,Personal Care,North,Retail,185.5,2049.78,834.75,1215.03
20260501,SKU-0174,Personal Care,North,Retail,208.5,2303.93,938.25,1365.68
20260601,SKU-0174,Personal Care,North,Retail,310.8,3434.34,1398.6,2035.74
20240701,SKU-0175,Confectionery,East,Retail,33.2,95.95,28.55,67.4
20240801,SKU-0175,Confectionery,East,Retail,44.5,128.61,38.27,90.34
20240901,SKU-0175,Confectionery,East,Retail,25.2,72.83,21.67,51.16
20241001,SKU-0175,Confectionery,East,Retail,45.2,130.63,38.87,91.76
20241101,SKU-0175,Confectionery,East,Retail,64.4,186.12,55.38,130.74
20241201,SKU-0175,Confectionery,East,Retail,45.3,130.92,38.96,91.96
20250101,SKU-0175,Confectionery,East,Retail,31.1,89.88,26.75,63.13
20250201,SKU-0175,Confectionery,East,Retail,48.8,141.03,41.97,99.06
20250301,SKU-0175,Confectionery,East,Retail,34.5,99.7,29.67,70.03
20250401,SKU-0175,Confectionery,East,Retail,62.3,180.05,53.58,126.47
20250501,SKU-0175,Confectionery,East,Retail,60.3,174.27,51.86,122.41
20250601,SKU-0175,Confectionery,East,Retail,62.4,180.34,53.66,126.68
20250701,SKU-0175,Confectionery,East,Retail,40.6,117.33,34.92,82.41
20250801,SKU-0175,Confectionery,East,Retail,49.2,142.19,42.31,99.88
20250901,SKU-0175,Confectionery,East,Retail,39.5,114.16,33.97,80.19
20251001,SKU-0175,Confectionery,East,Retail,37.8,109.24,32.51,76.73
20251101,SKU-0175,Confectionery,East,Retail,45.9,132.65,39.47,93.18
20251201,SKU-0175,Confectionery,East,Retail,57.5,166.18,49.45,116.73
20260101,SKU-0175,Confectionery,East,Retail,54.1,156.35,46.53,109.82
20260201,SKU-0175,Confectionery,East,Retail,70.6,204.03,60.72,143.31
20260301,SKU-0175,Confectionery,East,Retail,74.9,216.46,64.41,152.05
20260401,SKU-0175,Confectionery,East,Retail,42.5,122.82,36.55,86.27
20260501,SKU-0175,Confectionery,East,Retail,52.6,152.01,45.24,106.77
20260601,SKU-0175,Confectionery,East,Retail,44.1,127.45,37.93,89.52
20240701,SKU-0176,Pantry,South,Wholesale,219.6,1047.49,335.99,711.5
20240801,SKU-0176,Pantry,South,Wholesale,200.4,955.91,306.61,649.3
20240901,SKU-0176,Pantry,South,Wholesale,159.9,762.72,244.65,518.07
20241001,SKU-0176,Pantry,South,Wholesale,195.5,932.54,299.12,633.42
20241101,SKU-0176,Pantry,South,Wholesale,200.9,958.29,307.38,650.91
20241201,SKU-0176,Pantry,South,Wholesale,172.4,822.35,263.77,558.58
20250101,SKU-0176,Pantry,South,Wholesale,207.9,991.68,318.09,673.59
20250201,SKU-0176,Pantry,South,Wholesale,188.9,901.05,289.02,612.03
20250301,SKU-0176,Pantry,South,Wholesale,248.6,1185.82,380.36,805.46
20250401,SKU-0176,Pantry,South,Wholesale,337.0,1607.49,515.61,1091.88
20250501,SKU-0176,Pantry,South,Wholesale,272.0,1297.44,416.16,881.28
20250601,SKU-0176,Pantry,South,Wholesale,269.6,1285.99,412.49,873.5
20250701,SKU-0176,Pantry,South,Wholesale,312.5,1490.62,478.12,1012.5
20250801,SKU-0176,Pantry,South,Wholesale,268.7,1281.7,411.11,870.59
20250901,SKU-0176,Pantry,South,Wholesale,236.2,1126.67,361.39,765.28
20251001,SKU-0176,Pantry,South,Wholesale,227.3,1084.22,347.77,736.45
20251101,SKU-0176,Pantry,South,Wholesale,199.7,952.57,305.54,647.03
20251201,SKU-0176,Pantry,South,Wholesale,176.0,839.52,269.28,570.24
20260101,SKU-0176,Pantry,South,Wholesale,255.4,1218.26,390.76,827.5
20260201,SKU-0176,Pantry,South,Wholesale,198.9,948.75,304.32,644.43
20260301,SKU-0176,Pantry,South,Wholesale,176.3,840.95,269.74,571.21
20260401,SKU-0176,Pantry,South,Wholesale,280.1,1336.08,428.55,907.53
20260501,SKU-0176,Pantry,South,Wholesale,305.2,1455.8,466.96,988.84
20260601,SKU-0176,Pantry,South,Wholesale,320.4,1528.31,490.21,1038.1
20240701,SKU-0177,Beverages,West,Wholesale,121.9,594.87,204.79,390.08
20240801,SKU-0177,Beverages,West,Wholesale,96.6,471.41,162.29,309.12
20240901,SKU-0177,Beverages,West,Wholesale,90.5,441.64,152.04,289.6
20241001,SKU-0177,Beverages,West,Wholesale,118.8,579.74,199.58,380.16
20241101,SKU-0177,Beverages,West,Wholesale,131.9,643.67,221.59,422.08
20241201,SKU-0177,Beverages,West,Wholesale,147.9,721.75,248.47,473.28
20250101,SKU-0177,Beverages,West,Wholesale,197.9,965.75,332.47,633.28
20250201,SKU-0177,Beverages,West,Wholesale,139.2,679.3,233.86,445.44
20250301,SKU-0177,Beverages,West,Wholesale,136.0,663.68,228.48,435.2
20250401,SKU-0177,Beverages,West,Wholesale,77.6,378.69,130.37,248.32
20250501,SKU-0177,Beverages,West,Wholesale,177.2,864.74,297.7,567.04
20250601,SKU-0177,Beverages,West,Wholesale,157.7,769.58,264.94,504.64
20250701,SKU-0177,Beverages,West,Wholesale,95.5,466.04,160.44,305.6
20250801,SKU-0177,Beverages,West,Wholesale,85.4,416.75,143.47,273.28
20250901,SKU-0177,Beverages,West,Wholesale,116.8,569.98,196.22,373.76
20251001,SKU-0177,Beverages,West,Wholesale,97.6,476.29,163.97,312.32
20251101,SKU-0177,Beverages,West,Wholesale,122.7,598.78,206.14,392.64
20251201,SKU-0177,Beverages,West,Wholesale,109.0,531.92,183.12,348.8
20260101,SKU-0177,Beverages,West,Wholesale,265.7,1296.62,446.38,850.24
20260201,SKU-0177,Beverages,West,Wholesale,170.2,830.58,285.94,544.64
20260301,SKU-0177,Beverages,West,Wholesale,169.8,828.62,285.26,543.36
20260401,SKU-0177,Beverages,West,Wholesale,198.5,968.68,333.48,635.2
20260501,SKU-0177,Beverages,West,Wholesale,144.6,705.65,242.93,462.72
20260601,SKU-0177,Beverages,West,Wholesale,133.7,652.46,224.62,427.84
20240701,SKU-0178,Snacks,West,Retail,276.2,1237.38,317.63,919.75
20240801,SKU-0178,Snacks,West,Retail,164.6,737.41,189.29,548.12
20240901,SKU-0178,Snacks,West,Retail,299.3,1340.86,344.2,996.66
20241001,SKU-0178,Snacks,West,Retail,329.0,1473.92,378.35,1095.57
20241101,SKU-0178,Snacks,West,Retail,520.1,2330.05,598.12,1731.93
20241201,SKU-0178,Snacks,West,Retail,615.6,2757.89,707.94,2049.95
20250101,SKU-0178,Snacks,West,Retail,316.1,1416.13,363.52,1052.61
20250201,SKU-0178,Snacks,West,Retail,369.2,1654.02,424.58,1229.44
20250301,SKU-0178,Snacks,West,Retail,365.6,1637.89,420.44,1217.45
20250401,SKU-0178,Snacks,West,Retail,65.1,291.65,74.86,216.79
20250501,SKU-0178,Snacks,West,Retail,133.4,597.63,153.41,444.22
20250601,SKU-0178,Snacks,West,Retail,247.6,1109.25,284.74,824.51
20250701,SKU-0178,Snacks,West,Retail,2.6,11.65,2.99,8.66
20250801,SKU-0178,Snacks,West,Retail,485.2,2173.7,557.98,1615.72
20250901,SKU-0178,Snacks,West,Retail,226.6,1015.17,260.59,754.58
20251001,SKU-0178,Snacks,West,Retail,371.0,1662.08,426.65,1235.43
20251101,SKU-0178,Snacks,West,Retail,314.2,1407.62,361.33,1046.29
20251201,SKU-0178,Snacks,West,Retail,205.1,918.85,235.86,682.99
20260101,SKU-0178,Snacks,West,Retail,211.5,947.52,243.22,704.3
20260201,SKU-0178,Snacks,West,Retail,324.0,1451.52,372.6,1078.92
20260301,SKU-0178,Snacks,West,Retail,478.8,2145.02,550.62,1594.4
20260401,SKU-0178,Snacks,West,Retail,259.8,1163.9,298.77,865.13
20260501,SKU-0178,Snacks,West,Retail,433.3,1941.18,498.29,1442.89
20260601,SKU-0178,Snacks,West,Retail,488.8,2189.82,562.12,1627.7
20240701,SKU-0179,Dairy,North,Wholesale,139.8,845.79,292.18,553.61
20240801,SKU-0179,Dairy,North,Wholesale,130.7,790.73,273.16,517.57
20240901,SKU-0179,Dairy,North,Wholesale,108.2,654.61,226.14,428.47
20241001,SKU-0179,Dairy,North,Wholesale,96.1,581.4,200.85,380.55
20241101,SKU-0179,Dairy,North,Wholesale,67.8,410.19,141.7,268.49
20241201,SKU-0179,Dairy,North,Wholesale,58.9,356.34,123.1,233.24
20250101,SKU-0179,Dairy,North,Wholesale,78.6,475.53,164.27,311.26
20250201,SKU-0179,Dairy,North,Wholesale,73.7,445.88,154.03,291.85
20250301,SKU-0179,Dairy,North,Wholesale,81.3,491.86,169.92,321.94
20250401,SKU-0179,Dairy,North,Wholesale,79.4,480.37,165.95,314.42
20250501,SKU-0179,Dairy,North,Wholesale,93.6,566.28,195.62,370.66
20250601,SKU-0179,Dairy,North,Wholesale,95.1,575.35,198.76,376.59
20250701,SKU-0179,Dairy,North,Wholesale,111.0,671.55,231.99,439.56
20250801,SKU-0179,Dairy,North,Wholesale,122.4,740.52,255.82,484.7
20250901,SKU-0179,Dairy,North,Wholesale,105.7,639.48,220.91,418.57
20251001,SKU-0179,Dairy,North,Wholesale,97.7,591.08,204.19,386.89
20251101,SKU-0179,Dairy,North,Wholesale,98.4,595.32,205.66,389.66
20251201,SKU-0179,Dairy,North,Wholesale,73.0,441.65,152.57,289.08
20260101,SKU-0179,Dairy,North,Wholesale,78.3,473.72,163.65,310.07
20260201,SKU-0179,Dairy,North,Wholesale,91.1,551.16,190.4,360.76
20260301,SKU-0179,Dairy,North,Wholesale,97.1,587.45,202.94,384.51
20260401,SKU-0179,Dairy,North,Wholesale,105.4,637.67,220.29,417.38
20260501,SKU-0179,Dairy,North,Wholesale,124.1,750.8,259.37,491.43
20260601,SKU-0179,Dairy,North,Wholesale,94.5,571.72,197.5,374.22
20240701,SKU-0180,Frozen,North,Online,184.6,1550.64,437.5,1113.14
20240801,SKU-0180,Frozen,North,Online,84.7,711.48,200.74,510.74
20240901,SKU-0180,Frozen,North,Online,199.5,1675.8,472.82,1202.98
20241001,SKU-0180,Frozen,North,Online,97.9,822.36,232.02,590.34
20241101,SKU-0180,Frozen,North,Online,173.1,1454.04,410.25,1043.79
20241201,SKU-0180,Frozen,North,Online,176.2,1480.08,417.59,1062.49
20250101,SKU-0180,Frozen,North,Online,148.8,1249.92,352.66,897.26
20250201,SKU-0180,Frozen,North,Online,173.2,1454.88,410.48,1044.4
20250301,SKU-0180,Frozen,North,Online,230.4,1935.36,546.05,1389.31
20250401,SKU-0180,Frozen,North,Online,236.2,1984.08,559.79,1424.29
20250501,SKU-0180,Frozen,North,Online,171.0,1436.4,405.27,1031.13
20250601,SKU-0180,Frozen,North,Online,159.8,1342.32,378.73,963.59
20250701,SKU-0180,Frozen,North,Online,152.9,1284.36,362.37,921.99
20250801,SKU-0180,Frozen,North,Online,198.9,1670.76,471.39,1199.37
20250901,SKU-0180,Frozen,North,Online,109.1,916.44,258.57,657.87
20251001,SKU-0180,Frozen,North,Online,79.3,666.12,187.94,478.18
20251101,SKU-0180,Frozen,North,Online,149.8,1258.32,355.03,903.29
20251201,SKU-0180,Frozen,North,Online,192.0,1612.8,455.04,1157.76
20260101,SKU-0180,Frozen,North,Online,153.5,1289.4,363.8,925.6
20260201,SKU-0180,Frozen,North,Online,141.1,1185.24,334.41,850.83
20260301,SKU-0180,Frozen,North,Online,161.6,1357.44,382.99,974.45
20260401,SKU-0180,Frozen,North,Online,182.7,1534.68,433.0,1101.68
20260501,SKU-0180,Frozen,North,Online,212.0,1780.8,502.44,1278.36
20260601,SKU-0180,Frozen,North,Online,260.1,2184.84,616.44,1568.4
20240701,SKU-0181,Household,North,Retail,203.7,2342.55,747.58,1594.97
20240801,SKU-0181,Household,North,Retail,194.3,2234.45,713.08,1521.37
20240901,SKU-0181,Household,North,Retail,93.4,1074.1,342.78,731.32
20241001,SKU-0181,Household,North,Retail,150.2,1727.3,551.23,1176.07
20241101,SKU-0181,Household,North,Retail,172.1,1979.15,631.61,1347.54
20241201,SKU-0181,Household,North,Retail,243.9,2804.85,895.11,1909.74
20250101,SKU-0181,Household,North,Retail,237.4,2730.1,871.26,1858.84
20250201,SKU-0181,Household,North,Retail,236.2,2716.3,866.85,1849.45
20250301,SKU-0181,Household,North,Retail,217.4,2500.1,797.86,1702.24
20250401,SKU-0181,Household,North,Retail,137.0,1575.5,502.79,1072.71
20250501,SKU-0181,Household,North,Retail,264.0,3036.0,968.88,2067.12
20250601,SKU-0181,Household,North,Retail,172.0,1978.0,631.24,1346.76
20250701,SKU-0181,Household,North,Retail,150.5,1730.75,552.34,1178.41
20250801,SKU-0181,Household,North,Retail,217.7,2503.55,798.96,1704.59
20250901,SKU-0181,Household,North,Retail,130.7,1503.05,479.67,1023.38
20251001,SKU-0181,Household,North,Retail,127.2,1462.8,466.82,995.98
20251101,SKU-0181,Household,North,Retail,171.8,1975.7,630.51,1345.19
20251201,SKU-0181,Household,North,Retail,172.2,1980.3,631.97,1348.33
20260101,SKU-0181,Household,North,Retail,228.7,2630.05,839.33,1790.72
20260201,SKU-0181,Household,North,Retail,304.6,3502.9,1117.88,2385.02
20260301,SKU-0181,Household,North,Retail,250.5,2880.75,919.34,1961.41
20260401,SKU-0181,Household,North,Retail,243.9,2804.85,895.11,1909.74
20260501,SKU-0181,Household,North,Retail,221.2,2543.8,811.8,1732.0
20260601,SKU-0181,Household,North,Retail,248.8,2861.2,913.1,1948.1
20240701,SKU-0182,Personal Care,North,Wholesale,72.5,769.22,258.82,510.4
20240801,SKU-0182,Personal Care,North,Wholesale,105.9,1123.6,378.06,745.54
20240901,SKU-0182,Personal Care,North,Wholesale,113.2,1201.05,404.12,796.93
20241001,SKU-0182,Personal Care,North,Wholesale,101.9,1081.16,363.78,717.38
20241101,SKU-0182,Personal Care,North,Wholesale,128.8,1366.57,459.82,906.75
20241201,SKU-0182,Personal Care,North,Wholesale,64.8,687.53,231.34,456.19
20250101,SKU-0182,Personal Care,North,Wholesale,100.5,1066.3,358.78,707.52
20250201,SKU-0182,Personal Care,North,Wholesale,87.8,931.56,313.45,618.11
20250301,SKU-0182,Personal Care,North,Wholesale,84.1,892.3,300.24,592.06
20250401,SKU-0182,Personal Care,North,Wholesale,117.3,1244.55,418.76,825.79
20250501,SKU-0182,Personal Care,North,Wholesale,89.8,952.78,320.59,632.19
20250601,SKU-0182,Personal Care,North,Wholesale,107.5,1140.58,383.78,756.8
20250701,SKU-0182,Personal Care,North,Wholesale,121.8,1292.3,434.83,857.47
20250801,SKU-0182,Personal Care,North,Wholesale,101.1,1072.67,360.93,711.74
20250901,SKU-0182,Personal Care,North,Wholesale,134.9,1431.29,481.59,949.7
20251001,SKU-0182,Personal Care,North,Wholesale,90.9,964.45,324.51,639.94
20251101,SKU-0182,Personal Care,North,Wholesale,115.7,1227.58,413.05,814.53
20251201,SKU-0182,Personal Care,North,Wholesale,63.2,670.55,225.62,444.93
20260101,SKU-0182,Personal Care,North,Wholesale,79.6,844.56,284.17,560.39
20260201,SKU-0182,Personal Care,North,Wholesale,68.9,731.03,245.97,485.06
20260301,SKU-0182,Personal Care,North,Wholesale,85.9,911.4,306.66,604.74
20260401,SKU-0182,Personal Care,North,Wholesale,77.2,819.09,275.6,543.49
20260501,SKU-0182,Personal Care,North,Wholesale,74.0,785.14,264.18,520.96
20260601,SKU-0182,Personal Care,North,Wholesale,80.5,854.1,287.38,566.72
20240701,SKU-0183,Confectionery,Central,Wholesale,100.2,333.67,83.17,250.5
20240801,SKU-0183,Confectionery,Central,Wholesale,96.5,321.35,80.1,241.25
20240901,SKU-0183,Confectionery,Central,Wholesale,88.4,294.37,73.37,221.0
20241001,SKU-0183,Confectionery,Central,Wholesale,105.0,349.65,87.15,262.5
20241101,SKU-0183,Confectionery,Central,Wholesale,110.8,368.96,91.96,277.0
20241201,SKU-0183,Confectionery,Central,Wholesale,152.8,508.82,126.82,382.0
20250101,SKU-0183,Confectionery,Central,Wholesale,111.6,371.63,92.63,279.0
20250201,SKU-0183,Confectionery,Central,Wholesale,124.7,415.25,103.5,311.75
20250301,SKU-0183,Confectionery,Central,Wholesale,122.6,408.26,101.76,306.5
20250401,SKU-0183,Confectionery,Central,Wholesale,124.7,415.25,103.5,311.75
20250501,SKU-0183,Confectionery,Central,Wholesale,107.8,358.97,89.47,269.5
20250601,SKU-0183,Confectionery,Central,Wholesale,79.3,264.07,65.82,198.25
20250701,SKU-0183,Confectionery,Central,Wholesale,98.7,328.67,81.92,246.75
20250801,SKU-0183,Confectionery,Central,Wholesale,122.2,406.93,101.43,305.5
20250901,SKU-0183,Confectionery,Central,Wholesale,134.4,447.55,111.55,336.0
20251001,SKU-0183,Confectionery,Central,Wholesale,148.6,494.84,123.34,371.5
20251101,SKU-0183,Confectionery,Central,Wholesale,90.2,300.37,74.87,225.5
20251201,SKU-0183,Confectionery,Central,Wholesale,156.5,521.14,129.89,391.25
20260101,SKU-0183,Confectionery,Central,Wholesale,115.2,383.62,95.62,288.0
20260201,SKU-0183,Confectionery,Central,Wholesale,132.5,441.22,109.98,331.24
20260301,SKU-0183,Confectionery,Central,Wholesale,110.4,367.63,91.63,276.0
20260401,SKU-0183,Confectionery,Central,Wholesale,131.3,437.23,108.98,328.25
20260501,SKU-0183,Confectionery,Central,Wholesale,133.0,442.89,110.39,332.5
20260601,SKU-0183,Confectionery,Central,Wholesale,129.9,432.57,107.82,324.75
20240701,SKU-0184,Pantry,Central,Online,69.6,415.51,131.54,283.97
20240801,SKU-0184,Pantry,Central,Online,62.5,373.12,118.12,255.0
20240901,SKU-0184,Pantry,Central,Online,66.7,398.2,126.06,272.14
20241001,SKU-0184,Pantry,Central,Online,43.4,259.1,82.03,177.07
20241101,SKU-0184,Pantry,Central,Online,50.9,303.87,96.2,207.67
20241201,SKU-0184,Pantry,Central,Online,40.6,242.38,76.73,165.65
20250101,SKU-0184,Pantry,Central,Online,43.0,256.71,81.27,175.44
20250201,SKU-0184,Pantry,Central,Online,41.0,244.77,77.49,167.28
20250301,SKU-0184,Pantry,Central,Online,39.3,234.62,74.28,160.34
20250401,SKU-0184,Pantry,Central,Online,57.9,345.66,109.43,236.23
20250501,SKU-0184,Pantry,Central,Online,83.3,497.3,157.44,339.86
20250601,SKU-0184,Pantry,Central,Online,52.3,312.23,98.85,213.38
20250701,SKU-0184,Pantry,Central,Online,86.0,513.42,162.54,350.88
20250801,SKU-0184,Pantry,Central,Online,80.0,477.6,151.2,326.4
20250901,SKU-0184,Pantry,Central,Online,97.9,584.46,185.03,399.43
20251001,SKU-0184,Pantry,Central,Online,73.7,439.99,139.29,300.7
20251101,SKU-0184,Pantry,Central,Online,55.3,330.14,104.52,225.62
20251201,SKU-0184,Pantry,Central,Online,96.1,573.72,181.63,392.09
20260101,SKU-0184,Pantry,Central,Online,65.4,390.44,123.61,266.83
20260201,SKU-0184,Pantry,Central,Online,54.5,325.36,103.0,222.36
20260301,SKU-0184,Pantry,Central,Online,115.7,690.73,218.67,472.06
20260401,SKU-0184,Pantry,Central,Online,49.9,297.9,94.31,203.59
20260501,SKU-0184,Pantry,Central,Online,95.0,567.15,179.55,387.6
20260601,SKU-0184,Pantry,Central,Online,61.1,364.77,115.48,249.29
20240701,SKU-0185,Beverages,South,Retail,30.8,209.13,69.92,139.21
20240801,SKU-0185,Beverages,South,Retail,19.6,133.08,44.49,88.59
20240901,SKU-0185,Beverages,South,Retail,26.8,181.97,60.84,121.13
20241001,SKU-0185,Beverages,South,Retail,25.4,172.47,57.66,114.81
20241101,SKU-0185,Beverages,South,Retail,31.2,211.85,70.82,141.03
20241201,SKU-0185,Beverages,South,Retail,25.9,175.86,58.79,117.07
20250101,SKU-0185,Beverages,South,Retail,42.1,285.86,95.57,190.29
20250201,SKU-0185,Beverages,South,Retail,35.6,241.72,80.81,160.91
20250301,SKU-0185,Beverages,South,Retail,52.2,354.44,118.49,235.95
20250401,SKU-0185,Beverages,South,Retail,64.3,436.6,145.96,290.64
20250501,SKU-0185,Beverages,South,Retail,30.6,207.77,69.46,138.31
20250601,SKU-0185,Beverages,South,Retail,23.1,156.85,52.44,104.41
20250701,SKU-0185,Beverages,South,Retail,30.2,205.06,68.55,136.51
20250801,SKU-0185,Beverages,South,Retail,31.4,213.21,71.28,141.93
20250901,SKU-0185,Beverages,South,Retail,30.1,204.38,68.33,136.05
20251001,SKU-0185,Beverages,South,Retail,26.2,177.9,59.47,118.43
20251101,SKU-0185,Beverages,South,Retail,34.7,235.61,78.77,156.84
20251201,SKU-0185,Beverages,South,Retail,31.8,215.92,72.19,143.73
20260101,SKU-0185,Beverages,South,Retail,49.2,334.07,111.68,222.39
20260201,SKU-0185,Beverages,South,Retail,48.2,327.28,109.41,217.87
20260301,SKU-0185,Beverages,South,Retail,34.6,234.93,78.54,156.39
20260401,SKU-0185,Beverages,South,Retail,61.5,417.58,139.6,277.98
20260501,SKU-0185,Beverages,South,Retail,41.5,281.79,94.2,187.59
20260601,SKU-0185,Beverages,South,Retail,36.6,248.51,83.08,165.43
20240701,SKU-0186,Snacks,North,Wholesale,75.9,300.56,85.01,215.55
20240801,SKU-0186,Snacks,North,Wholesale,76.7,303.73,85.9,217.83
20240901,SKU-0186,Snacks,North,Wholesale,106.2,420.55,118.94,301.61
20241001,SKU-0186,Snacks,North,Wholesale,0.0,0.0,0.0,0.0
20241101,SKU-0186,Snacks,North,Wholesale,105.9,419.36,118.61,300.75
20241201,SKU-0186,Snacks,North,Wholesale,123.6,489.46,138.43,351.03
20250101,SKU-0186,Snacks,North,Wholesale,88.2,349.27,98.78,250.49
20250201,SKU-0186,Snacks,North,Wholesale,148.4,587.66,166.21,421.45
20250301,SKU-0186,Snacks,North,Wholesale,66.6,263.74,74.59,189.15
20250401,SKU-0186,Snacks,North,Wholesale,131.6,521.14,147.39,373.75
20250501,SKU-0186,Snacks,North,Wholesale,158.4,627.26,177.41,449.85
20250601,SKU-0186,Snacks,North,Wholesale,126.8,502.13,142.02,360.11
20250701,SKU-0186,Snacks,North,Wholesale,164.4,651.02,184.13,466.89
20250801,SKU-0186,Snacks,North,Wholesale,139.2,551.23,155.9,395.33
20250901,SKU-0186,Snacks,North,Wholesale,104.6,414.22,117.15,297.07
20251001,SKU-0186,Snacks,North,Wholesale,88.5,350.46,99.12,251.34
20251101,SKU-0186,Snacks,North,Wholesale,114.5,453.42,128.24,325.18
20251201,SKU-0186,Snacks,North,Wholesale,146.6,580.54,164.19,416.35
20260101,SKU-0186,Snacks,North,Wholesale,217.6,861.7,243.71,617.99
20260201,SKU-0186,Snacks,North,Wholesale,140.9,557.96,157.81,400.15
20260301,SKU-0186,Snacks,North,Wholesale,167.6,663.7,187.71,475.99
20260401,SKU-0186,Snacks,North,Wholesale,55.8,220.97,62.5,158.47
20260501,SKU-0186,Snacks,North,Wholesale,127.9,506.48,143.25,363.23
20260601,SKU-0186,Snacks,North,Wholesale,111.5,441.54,124.88,316.66
20240701,SKU-0187,Dairy,Central,Retail,257.4,1124.84,355.21,769.63
20240801,SKU-0187,Dairy,Central,Retail,208.7,912.02,288.01,624.01
20240901,SKU-0187,Dairy,Central,Retail,344.0,1503.28,474.72,1028.56
20241001,SKU-0187,Dairy,Central,Retail,191.7,837.73,264.55,573.18
20241101,SKU-0187,Dairy,Central,Retail,136.3,595.63,188.09,407.54
20241201,SKU-0187,Dairy,Central,Retail,174.4,762.13,240.67,521.46
20250101,SKU-0187,Dairy,Central,Retail,106.4,464.97,146.83,318.14
20250201,SKU-0187,Dairy,Central,Retail,175.0,764.75,241.5,523.25
20250301,SKU-0187,Dairy,Central,Retail,157.6,688.71,217.49,471.22
20250401,SKU-0187,Dairy,Central,Retail,281.3,1229.28,388.19,841.09
20250501,SKU-0187,Dairy,Central,Retail,258.8,1130.96,357.14,773.82
20250601,SKU-0187,Dairy,Central,Retail,325.0,1420.25,448.5,971.75
20250701,SKU-0187,Dairy,Central,Retail,276.7,1209.18,381.85,827.33
20250801,SKU-0187,Dairy,Central,Retail,430.4,1880.85,593.95,1286.9
20250901,SKU-0187,Dairy,Central,Retail,246.4,1076.77,340.03,736.74
20251001,SKU-0187,Dairy,Central,Retail,198.0,865.26,273.24,592.02
20251101,SKU-0187,Dairy,Central,Retail,145.7,636.71,201.07,435.64
20251201,SKU-0187,Dairy,Central,Retail,234.0,1022.58,322.92,699.66
20260101,SKU-0187,Dairy,Central,Retail,222.4,971.89,306.91,664.98
20260201,SKU-0187,Dairy,Central,Retail,348.6,1523.38,481.07,1042.31
20260301,SKU-0187,Dairy,Central,Retail,198.9,869.19,274.48,594.71
20260401,SKU-0187,Dairy,Central,Retail,264.5,1155.86,365.01,790.85
20260501,SKU-0187,Dairy,Central,Retail,279.4,1220.98,385.57,835.41
20260601,SKU-0187,Dairy,Central,Retail,397.6,1737.51,548.69,1188.82
20240701,SKU-0188,Frozen,East,Wholesale,112.6,1121.5,368.2,753.3
20240801,SKU-0188,Frozen,East,Wholesale,113.6,1131.46,371.47,759.99
20240901,SKU-0188,Frozen,East,Wholesale,49.1,489.04,160.56,328.48
20241001,SKU-0188,Frozen,East,Wholesale,71.7,714.13,234.46,479.67
20241101,SKU-0188,Frozen,East,Wholesale,99.7,993.01,326.02,666.99
20241201,SKU-0188,Frozen,East,Wholesale,63.4,631.46,207.32,424.14
20250101,SKU-0188,Frozen,East,Wholesale,47.7,475.09,155.98,319.11
20250201,SKU-0188,Frozen,East,Wholesale,141.0,1404.36,461.07,943.29
20250301,SKU-0188,Frozen,East,Wholesale,173.8,1731.05,568.33,1162.72
20250401,SKU-0188,Frozen,East,Wholesale,133.3,1327.67,435.89,891.78
20250501,SKU-0188,Frozen,East,Wholesale,104.1,1036.84,340.41,696.43
20250601,SKU-0188,Frozen,East,Wholesale,156.9,1562.72,513.06,1049.66
20250701,SKU-0188,Frozen,East,Wholesale,100.8,1003.97,329.62,674.35
20250801,SKU-0188,Frozen,East,Wholesale,145.8,1452.17,476.77,975.4
20250901,SKU-0188,Frozen,East,Wholesale,71.4,711.14,233.48,477.66
20251001,SKU-0188,Frozen,East,Wholesale,100.1,997.0,327.33,669.67
20251101,SKU-0188,Frozen,East,Wholesale,84.1,837.64,275.01,562.63
20251201,SKU-0188,Frozen,East,Wholesale,92.6,922.3,302.8,619.5
20260101,SKU-0188,Frozen,East,Wholesale,130.9,1303.76,428.04,875.72
20260201,SKU-0188,Frozen,East,Wholesale,133.9,1333.64,437.85,895.79
20260301,SKU-0188,Frozen,East,Wholesale,145.4,1448.18,475.46,972.72
20260401,SKU-0188,Frozen,East,Wholesale,115.6,1151.38,378.01,773.37
20260501,SKU-0188,Frozen,East,Wholesale,175.6,1748.98,574.21,1174.77
20260601,SKU-0188,Frozen,East,Wholesale,123.0,1225.08,402.21,822.87
20240701,SKU-0189,Household,West,Retail,209.9,1926.88,694.77,1232.11
20240801,SKU-0189,Household,West,Retail,316.2,2902.72,1046.62,1856.1
20240901,SKU-0189,Household,West,Retail,336.4,3088.15,1113.48,1974.67
20241001,SKU-0189,Household,West,Retail,301.1,2764.1,996.64,1767.46
20241101,SKU-0189,Household,West,Retail,227.6,2089.37,753.36,1336.01
20241201,SKU-0189,Household,West,Retail,332.8,3055.1,1101.57,1953.53
20250101,SKU-0189,Household,West,Retail,443.9,4075.0,1469.31,2605.69
20250201,SKU-0189,Household,West,Retail,334.9,3074.38,1108.52,1965.86
20250301,SKU-0189,Household,West,Retail,331.5,3043.17,1097.27,1945.9
20250401,SKU-0189,Household,West,Retail,299.0,2744.82,989.69,1755.13
20250501,SKU-0189,Household,West,Retail,409.7,3761.05,1356.11,2404.94
20250601,SKU-0189,Household,West,Retail,382.2,3508.6,1265.08,2243.52
20250701,SKU-0189,Household,West,Retail,232.5,2134.35,769.58,1364.77
20250801,SKU-0189,Household,West,Retail,298.1,2736.56,986.71,1749.85
20250901,SKU-0189,Household,West,Retail,317.8,2917.4,1051.92,1865.48
20251001,SKU-0189,Household,West,Retail,332.9,3056.02,1101.9,1954.12
20251101,SKU-0189,Household,West,Retail,347.8,3192.8,1151.22,2041.58
20251201,SKU-0189,Household,West,Retail,508.1,4664.36,1681.81,2982.55
20260101,SKU-0189,Household,West,Retail,416.5,3823.47,1378.62,2444.85
20260201,SKU-0189,Household,West,Retail,344.2,3159.76,1139.3,2020.46
20260301,SKU-0189,Household,West,Retail,408.0,3745.44,1350.48,2394.96
20260401,SKU-0189,Household,West,Retail,442.4,4061.23,1464.34,2596.89
20260501,SKU-0189,Household,West,Retail,421.3,3867.53,1394.5,2473.03
20260601,SKU-0189,Household,West,Retail,430.9,3955.66,1426.28,2529.38
20240701,SKU-0190,Personal Care,Central,Retail,44.5,602.08,129.05,473.03
20240801,SKU-0190,Personal Care,Central,Retail,50.9,688.68,147.61,541.07
20240901,SKU-0190,Personal Care,Central,Retail,33.1,447.84,95.99,351.85
20241001,SKU-0190,Personal Care,Central,Retail,0.0,0.0,0.0,0.0
20241101,SKU-0190,Personal Care,Central,Retail,19.9,269.25,57.71,211.54
20241201,SKU-0190,Personal Care,Central,Retail,38.5,520.9,111.65,409.25
20250101,SKU-0190,Personal Care,Central,Retail,50.1,677.85,145.29,532.56
20250201,SKU-0190,Personal Care,Central,Retail,46.6,630.5,135.14,495.36
20250301,SKU-0190,Personal Care,Central,Retail,10.4,140.71,30.16,110.55
20250401,SKU-0190,Personal Care,Central,Retail,42.3,572.32,122.67,449.65
20250501,SKU-0190,Personal Care,Central,Retail,32.0,432.96,92.8,340.16
20250601,SKU-0190,Personal Care,Central,Retail,39.2,530.38,113.68,416.7
20250701,SKU-0190,Personal Care,Central,Retail,39.2,530.38,113.68,416.7
20250801,SKU-0190,Personal Care,Central,Retail,42.3,572.32,122.67,449.65
20250901,SKU-0190,Personal Care,Central,Retail,35.7,483.02,103.53,379.49
20251001,SKU-0190,Personal Care,Central,Retail,49.9,675.15,144.71,530.44
20251101,SKU-0190,Personal Care,Central,Retail,48.2,652.15,139.78,512.37
20251201,SKU-0190,Personal Care,Central,Retail,35.4,478.96,102.66,376.3
20260101,SKU-0190,Personal Care,Central,Retail,25.3,342.31,73.37,268.94
20260201,SKU-0190,Personal Care,Central,Retail,39.3,531.73,113.97,417.76
20260301,SKU-0190,Personal Care,Central,Retail,48.1,650.79,139.49,511.3
20260401,SKU-0190,Personal Care,Central,Retail,38.8,524.96,112.52,412.44
20260501,SKU-0190,Personal Care,Central,Retail,45.4,614.26,131.66,482.6
20260601,SKU-0190,Personal Care,Central,Retail,31.2,422.14,90.48,331.66
20240701,SKU-0191,Confectionery,East,Online,69.5,221.01,57.68,163.33
20240801,SKU-0191,Confectionery,East,Online,36.4,115.75,30.21,85.54
20240901,SKU-0191,Confectionery,East,Online,92.8,295.1,77.02,218.08
20241001,SKU-0191,Confectionery,East,Online,55.8,177.44,46.31,131.13
20241101,SKU-0191,Confectionery,East,Online,44.8,142.46,37.18,105.28
20241201,SKU-0191,Confectionery,East,Online,93.3,296.69,77.44,219.25
20250101,SKU-0191,Confectionery,East,Online,92.8,295.1,77.02,218.08
20250201,SKU-0191,Confectionery,East,Online,25.3,80.45,21.0,59.45
20250301,SKU-0191,Confectionery,East,Online,82.7,262.99,68.64,194.35
20250401,SKU-0191,Confectionery,East,Online,78.4,249.31,65.07,184.24
20250501,SKU-0191,Confectionery,East,Online,44.3,140.87,36.77,104.1
20250601,SKU-0191,Confectionery,East,Online,56.3,179.03,46.73,132.3
20250701,SKU-0191,Confectionery,East,Online,62.9,200.02,52.21,147.81
20250801,SKU-0191,Confectionery,East,Online,53.0,168.54,43.99,124.55
20250901,SKU-0191,Confectionery,East,Online,61.1,194.3,50.71,143.59
20251001,SKU-0191,Confectionery,East,Online,71.2,226.42,59.1,167.32
20251101,SKU-0191,Confectionery,East,Online,80.2,255.04,66.57,188.47
20251201,SKU-0191,Confectionery,East,Online,66.4,211.15,55.11,156.04
20260101,SKU-0191,Confectionery,East,Online,80.6,256.31,66.9,189.41
20260201,SKU-0191,Confectionery,East,Online,91.1,289.7,75.61,214.09
20260301,SKU-0191,Confectionery,East,Online,61.1,194.3,50.71,143.59
20260401,SKU-0191,Confectionery,East,Online,75.8,241.04,62.91,178.13
20260501,SKU-0191,Confectionery,East,Online,75.1,238.82,62.33,176.49
20260601,SKU-0191,Confectionery,East,Online,85.9,273.16,71.3,201.86
20240701,SKU-0192,Pantry,East,Wholesale,261.9,882.6,295.95,586.65
20240801,SKU-0192,Pantry,East,Wholesale,436.9,1472.35,493.7,978.65
20240901,SKU-0192,Pantry,East,Wholesale,168.3,567.17,190.18,376.99
20241001,SKU-0192,Pantry,East,Wholesale,261.1,879.91,295.04,584.87
20241101,SKU-0192,Pantry,East,Wholesale,190.2,640.97,214.93,426.04
20241201,SKU-0192,Pantry,East,Wholesale,175.8,592.45,198.65,393.8
20250101,SKU-0192,Pantry,East,Wholesale,235.8,794.65,266.45,528.2
20250201,SKU-0192,Pantry,East,Wholesale,241.6,814.19,273.01,541.18
20250301,SKU-0192,Pantry,East,Wholesale,238.6,804.08,269.62,534.46
20250401,SKU-0192,Pantry,East,Wholesale,334.3,1126.59,377.76,748.83
20250501,SKU-0192,Pantry,East,Wholesale,209.0,704.33,236.17,468.16
20250601,SKU-0192,Pantry,East,Wholesale,196.3,661.53,221.82,439.71
20250701,SKU-0192,Pantry,East,Wholesale,213.9,720.84,241.71,479.13
20250801,SKU-0192,Pantry,East,Wholesale,135.0,454.95,152.55,302.4
20250901,SKU-0192,Pantry,East,Wholesale,344.2,1159.95,388.95,771.0
20251001,SKU-0192,Pantry,East,Wholesale,5.5,18.54,6.22,12.32
20251101,SKU-0192,Pantry,East,Wholesale,253.0,852.61,285.89,566.72
20251201,SKU-0192,Pantry,East,Wholesale,211.7,713.43,239.22,474.21
20260101,SKU-0192,Pantry,East,Wholesale,136.5,460.0,154.24,305.76
20260201,SKU-0192,Pantry,East,Wholesale,201.5,679.06,227.69,451.37
20260301,SKU-0192,Pantry,East,Wholesale,187.3,631.2,211.65,419.55
20260401,SKU-0192,Pantry,East,Wholesale,160.7,541.56,181.59,359.97
20260501,SKU-0192,Pantry,East,Wholesale,515.8,1738.25,582.85,1155.4
20260601,SKU-0192,Pantry,East,Wholesale,299.7,1009.99,338.66,671.33
20240701,SKU-0193,Beverages,South,Retail,105.6,751.87,295.68,456.19
20240801,SKU-0193,Beverages,South,Retail,92.5,658.6,259.0,399.6
20240901,SKU-0193,Beverages,South,Retail,66.3,472.06,185.64,286.42
20241001,SKU-0193,Beverages,South,Retail,93.3,664.3,261.24,403.06
20241101,SKU-0193,Beverages,South,Retail,121.8,867.22,341.04,526.18
20241201,SKU-0193,Beverages,South,Retail,145.6,1036.67,407.68,628.99
20250101,SKU-0193,Beverages,South,Retail,134.3,956.22,376.04,580.18
20250201,SKU-0193,Beverages,South,Retail,85.1,605.91,238.28,367.63
20250301,SKU-0193,Beverages,South,Retail,186.4,1327.17,521.92,805.25
20250401,SKU-0193,Beverages,South,Retail,159.5,1135.64,446.6,689.04
20250501,SKU-0193,Beverages,South,Retail,177.3,1262.38,496.44,765.94
20250601,SKU-0193,Beverages,South,Retail,131.0,932.72,366.8,565.92
20250701,SKU-0193,Beverages,South,Retail,123.7,880.74,346.36,534.38
20250801,SKU-0193,Beverages,South,Retail,113.4,807.41,317.52,489.89
20250901,SKU-0193,Beverages,South,Retail,89.0,633.68,249.2,384.48
20251001,SKU-0193,Beverages,South,Retail,104.4,743.33,292.32,451.01
20251101,SKU-0193,Beverages,South,Retail,86.1,613.03,241.08,371.95
20251201,SKU-0193,Beverages,South,Retail,187.0,1331.44,523.6,807.84
20260101,SKU-0193,Beverages,South,Retail,193.6,1378.43,542.08,836.35
20260201,SKU-0193,Beverages,South,Retail,184.3,1312.22,516.04,796.18
20260301,SKU-0193,Beverages,South,Retail,206.7,1471.7,578.76,892.94
20260401,SKU-0193,Beverages,South,Retail,221.0,1573.52,618.8,954.72
20260501,SKU-0193,Beverages,South,Retail,208.1,1481.67,582.68,898.99
20260601,SKU-0193,Beverages,South,Retail,131.8,938.42,369.04,569.38
20240701,SKU-0194,Snacks,East,Retail,19.9,77.21,29.25,47.96
20240801,SKU-0194,Snacks,East,Retail,37.8,146.66,55.57,91.09
20240901,SKU-0194,Snacks,East,Retail,43.8,169.94,64.39,105.55
20241001,SKU-0194,Snacks,East,Retail,35.4,137.35,52.04,85.31
20241101,SKU-0194,Snacks,East,Retail,37.4,145.11,54.98,90.13
20241201,SKU-0194,Snacks,East,Retail,36.7,142.4,53.95,88.45
20250101,SKU-0194,Snacks,East,Retail,33.4,129.59,49.1,80.49
20250201,SKU-0194,Snacks,East,Retail,28.8,111.74,42.34,69.4
20250301,SKU-0194,Snacks,East,Retail,26.0,100.88,38.22,62.66
20250401,SKU-0194,Snacks,East,Retail,27.8,107.86,40.87,66.99
20250501,SKU-0194,Snacks,East,Retail,20.1,77.99,29.55,48.44
20250601,SKU-0194,Snacks,East,Retail,15.9,61.69,23.37,38.32
20250701,SKU-0194,Snacks,East,Retail,31.6,122.61,46.45,76.16
20250801,SKU-0194,Snacks,East,Retail,34.0,131.92,49.98,81.94
20250901,SKU-0194,Snacks,East,Retail,23.2,90.02,34.1,55.92
20251001,SKU-0194,Snacks,East,Retail,25.4,98.55,37.34,61.21
20251101,SKU-0194,Snacks,East,Retail,20.8,80.7,30.58,50.12
20251201,SKU-0194,Snacks,East,Retail,40.2,155.98,59.09,96.89
20260101,SKU-0194,Snacks,East,Retail,26.8,103.98,39.4,64.58
20260201,SKU-0194,Snacks,East,Retail,22.4,86.91,32.93,53.98
20260301,SKU-0194,Snacks,East,Retail,32.1,124.55,47.19,77.36
20260401,SKU-0194,Snacks,East,Retail,35.2,136.58,51.74,84.84
20260501,SKU-0194,Snacks,East,Retail,39.4,152.87,57.92,94.95
20260601,SKU-0194,Snacks,East,Retail,38.5,149.38,56.6,92.78
20240701,SKU-0195,Dairy,Central,Wholesale,422.9,1983.4,727.39,1256.01
20240801,SKU-0195,Dairy,Central,Wholesale,364.4,1709.04,626.77,1082.27
20240901,SKU-0195,Dairy,Central,Wholesale,258.3,1211.43,444.28,767.15
20241001,SKU-0195,Dairy,Central,Wholesale,327.7,1536.91,563.64,973.27
20241101,SKU-0195,Dairy,Central,Wholesale,237.1,1112.0,407.81,704.19
20241201,SKU-0195,Dairy,Central,Wholesale,309.2,1450.15,531.82,918.33
20250101,SKU-0195,Dairy,Central,Wholesale,326.5,1531.28,561.58,969.7
20250201,SKU-0195,Dairy,Central,Wholesale,278.8,1307.57,479.54,828.03
20250301,SKU-0195,Dairy,Central,Wholesale,224.2,1051.5,385.62,665.88
20250401,SKU-0195,Dairy,Central,Wholesale,258.0,1210.02,443.76,766.26
20250501,SKU-0195,Dairy,Central,Wholesale,349.5,1639.16,601.14,1038.02
20250601,SKU-0195,Dairy,Central,Wholesale,446.0,2091.74,767.12,1324.62
20250701,SKU-0195,Dairy,Central,Wholesale,400.6,1878.81,689.03,1189.78
20250801,SKU-0195,Dairy,Central,Wholesale,418.4,1962.3,719.65,1242.65
20250901,SKU-0195,Dairy,Central,Wholesale,450.7,2113.78,775.2,1338.58
20251001,SKU-0195,Dairy,Central,Wholesale,351.7,1649.47,604.92,1044.55
20251101,SKU-0195,Dairy,Central,Wholesale,359.6,1686.52,618.51,1068.01
20251201,SKU-0195,Dairy,Central,Wholesale,307.4,1441.71,528.73,912.98
20260101,SKU-0195,Dairy,Central,Wholesale,231.5,1085.74,398.18,687.56
20260201,SKU-0195,Dairy,Central,Wholesale,295.3,1384.96,507.92,877.04
20260301,SKU-0195,Dairy,Central,Wholesale,278.8,1307.57,479.54,828.03
20260401,SKU-0195,Dairy,Central,Wholesale,264.4,1240.04,454.77,785.27
20260501,SKU-0195,Dairy,Central,Wholesale,381.0,1786.89,655.32,1131.57
20260601,SKU-0195,Dairy,Central,Wholesale,373.1,1749.84,641.73,1108.11
20240701,SKU-0196,Frozen,North,Retail,98.0,733.04,222.46,510.58
20240801,SKU-0196,Frozen,North,Retail,78.2,584.94,177.51,407.43
20240901,SKU-0196,Frozen,North,Retail,61.2,457.78,138.92,318.86
20241001,SKU-0196,Frozen,North,Retail,57.0,426.36,129.39,296.97
20241101,SKU-0196,Frozen,North,Retail,130.3,974.64,295.78,678.86
20241201,SKU-0196,Frozen,North,Retail,16.8,125.66,38.14,87.52
20250101,SKU-0196,Frozen,North,Retail,79.2,592.42,179.78,412.64
20250201,SKU-0196,Frozen,North,Retail,61.1,457.03,138.7,318.33
20250301,SKU-0196,Frozen,North,Retail,129.3,967.16,293.51,673.65
20250401,SKU-0196,Frozen,North,Retail,40.3,301.44,91.48,209.96
20250501,SKU-0196,Frozen,North,Retail,92.6,692.65,210.2,482.45
20250601,SKU-0196,Frozen,North,Retail,161.2,1205.78,365.92,839.86
20250701,SKU-0196,Frozen,North,Retail,83.2,622.34,188.86,433.48
20250801,SKU-0196,Frozen,North,Retail,83.4,623.83,189.32,434.51
20250901,SKU-0196,Frozen,North,Retail,96.5,721.82,219.06,502.76
20251001,SKU-0196,Frozen,North,Retail,97.9,732.29,222.23,510.06
20251101,SKU-0196,Frozen,North,Retail,120.3,899.84,273.08,626.76
20251201,SKU-0196,Frozen,North,Retail,59.6,445.81,135.29,310.52
20260101,SKU-0196,Frozen,North,Retail,61.4,459.27,139.38,319.89
20260201,SKU-0196,Frozen,North,Retail,180.3,1348.64,409.28,939.36
20260301,SKU-0196,Frozen,North,Retail,34.9,261.05,79.22,181.83
20260401,SKU-0196,Frozen,North,Retail,95.4,713.59,216.56,497.03
20260501,SKU-0196,Frozen,North,Retail,80.5,602.14,182.74,419.4
20260601,SKU-0196,Frozen,North,Retail,91.6,685.17,207.93,477.24
20240701,SKU-0197,Household,Central,Retail,55.5,502.28,150.4,351.88
20240801,SKU-0197,Household,Central,Retail,42.1,381.01,114.09,266.92
20240901,SKU-0197,Household,Central,Retail,55.0,497.75,149.05,348.7
20241001,SKU-0197,Household,Central,Retail,29.3,265.17,79.4,185.77
20241101,SKU-0197,Household,Central,Retail,43.7,395.49,118.43,277.06
20241201,SKU-0197,Household,Central,Retail,34.3,310.42,92.95,217.47
20250101,SKU-0197,Household,Central,Retail,23.1,209.06,62.6,146.46
20250201,SKU-0197,Household,Central,Retail,68.9,623.55,186.72,436.83
20250301,SKU-0197,Household,Central,Retail,42.7,386.44,115.72,270.72
20250401,SKU-0197,Household,Central,Retail,110.2,997.31,298.64,698.67
20250501,SKU-0197,Household,Central,Retail,60.2,544.81,163.14,381.67
20250601,SKU-0197,Household,Central,Retail,63.0,570.15,170.73,399.42
20250701,SKU-0197,Household,Central,Retail,67.1,607.26,181.84,425.42
20250801,SKU-0197,Household,Central,Retail,38.6,349.33,104.61,244.72
20250901,SKU-0197,Household,Central,Retail,46.5,420.83,126.02,294.81
20251001,SKU-0197,Household,Central,Retail,63.8,577.39,172.9,404.49
20251101,SKU-0197,Household,Central,Retail,60.7,549.34,164.5,384.84
20251201,SKU-0197,Household,Central,Retail,92.1,833.5,249.59,583.91
20260101,SKU-0197,Household,Central,Retail,89.1,806.36,241.46,564.9
20260201,SKU-0197,Household,Central,Retail,84.2,762.01,228.18,533.83
20260301,SKU-0197,Household,Central,Retail,61.6,557.48,166.94,390.54
20260401,SKU-0197,Household,Central,Retail,59.4,537.57,160.97,376.6
20260501,SKU-0197,Household,Central,Retail,89.1,806.36,241.46,564.9
20260601,SKU-0197,Household,Central,Retail,88.9,804.54,240.92,563.62
20240701,SKU-0198,Personal Care,South,Retail,134.5,2017.5,587.76,1429.74
20240801,SKU-0198,Personal Care,South,Retail,158.2,2373.0,691.33,1681.67
20240901,SKU-0198,Personal Care,South,Retail,181.9,2728.5,794.9,1933.6
20241001,SKU-0198,Personal Care,South,Retail,138.7,2080.5,606.12,1474.38
20241101,SKU-0198,Personal Care,South,Retail,157.3,2359.5,687.4,1672.1
20241201,SKU-0198,Personal Care,South,Retail,114.7,1720.5,501.24,1219.26
20250101,SKU-0198,Personal Care,South,Retail,164.2,2463.0,717.55,1745.45
20250201,SKU-0198,Personal Care,South,Retail,130.5,1957.5,570.28,1387.22
20250301,SKU-0198,Personal Care,South,Retail,133.3,1999.5,582.52,1416.98
20250401,SKU-0198,Personal Care,South,Retail,162.0,2430.0,707.94,1722.06
20250501,SKU-0198,Personal Care,South,Retail,163.5,2452.5,714.5,1738.0
20250601,SKU-0198,Personal Care,South,Retail,110.6,1659.0,483.32,1175.68
20250701,SKU-0198,Personal Care,South,Retail,202.0,3030.0,882.74,2147.26
20250801,SKU-0198,Personal Care,South,Retail,115.6,1734.0,505.17,1228.83
20250901,SKU-0198,Personal Care,South,Retail,171.1,2566.5,747.71,1818.79
20251001,SKU-0198,Personal Care,South,Retail,197.9,2968.5,864.82,2103.68
20251101,SKU-0198,Personal Care,South,Retail,158.7,2380.5,693.52,1686.98
20251201,SKU-0198,Personal Care,South,Retail,170.5,2557.5,745.08,1812.42
20260101,SKU-0198,Personal Care,South,Retail,158.6,2379.0,693.08,1685.92
20260201,SKU-0198,Personal Care,South,Retail,190.0,2850.0,830.3,2019.7
20260301,SKU-0198,Personal Care,South,Retail,121.9,1828.5,532.7,1295.8
20260401,SKU-0198,Personal Care,South,Retail,168.1,2521.5,734.6,1786.9
20260501,SKU-0198,Personal Care,South,Retail,161.5,2422.5,705.76,1716.74
20260601,SKU-0198,Personal Care,South,Retail,143.2,2148.0,625.78,1522.22
20240701,SKU-0199,Confectionery,East,Wholesale,233.1,867.13,296.04,571.09
20240801,SKU-0199,Confectionery,East,Wholesale,222.9,829.19,283.08,546.11
20240901,SKU-0199,Confectionery,East,Wholesale,133.3,495.88,169.29,326.59
20241001,SKU-0199,Confectionery,East,Wholesale,210.8,784.18,267.72,516.46
20241101,SKU-0199,Confectionery,East,Wholesale,256.9,955.67,326.26,629.41
20241201,SKU-0199,Confectionery,East,Wholesale,275.6,1025.23,350.01,675.22
20250101,SKU-0199,Confectionery,East,Wholesale,194.1,722.05,246.51,475.54
20250201,SKU-0199,Confectionery,East,Wholesale,271.2,1008.86,344.42,664.44
20250301,SKU-0199,Confectionery,East,Wholesale,230.3,856.72,292.48,564.24
20250401,SKU-0199,Confectionery,East,Wholesale,180.2,670.34,228.85,441.49
20250501,SKU-0199,Confectionery,East,Wholesale,224.2,834.02,284.73,549.29
20250601,SKU-0199,Confectionery,East,Wholesale,227.4,845.93,288.8,557.13
20250701,SKU-0199,Confectionery,East,Wholesale,196.5,730.98,249.56,481.42
20250801,SKU-0199,Confectionery,East,Wholesale,198.1,736.93,251.59,485.34
20250901,SKU-0199,Confectionery,East,Wholesale,177.4,659.93,225.3,434.63
20251001,SKU-0199,Confectionery,East,Wholesale,204.1,759.25,259.21,500.04
20251101,SKU-0199,Confectionery,East,Wholesale,247.6,921.07,314.45,606.62
20251201,SKU-0199,Confectionery,East,Wholesale,339.8,1264.06,431.55,832.51
20260101,SKU-0199,Confectionery,East,Wholesale,300.1,1116.37,381.13,735.24
20260201,SKU-0199,Confectionery,East,Wholesale,262.6,976.87,333.5,643.37
20260301,SKU-0199,Confectionery,East,Wholesale,175.7,653.6,223.14,430.46
20260401,SKU-0199,Confectionery,East,Wholesale,235.1,874.57,298.58,575.99
20260501,SKU-0199,Confectionery,East,Wholesale,252.1,937.81,320.17,617.64
20260601,SKU-0199,Confectionery,East,Wholesale,238.2,886.1,302.51,583.59
20240701,SKU-0200,Pantry,South,Retail,149.1,831.98,262.42,569.56
20240801,SKU-0200,Pantry,South,Retail,128.3,715.91,225.81,490.1
20240901,SKU-0200,Pantry,South,Retail,121.1,675.74,213.14,462.6
20241001,SKU-0200,Pantry,South,Retail,111.2,620.5,195.71,424.79
20241101,SKU-0200,Pantry,South,Retail,102.8,573.62,180.93,392.69
20241201,SKU-0200,Pantry,South,Retail,110.1,614.36,193.78,420.58
20250101,SKU-0200,Pantry,South,Retail,112.8,629.42,198.53,430.89
20250201,SKU-0200,Pantry,South,Retail,168.0,937.44,295.68,641.76
20250301,SKU-0200,Pantry,South,Retail,158.7,885.55,279.31,606.24
20250401,SKU-0200,Pantry,South,Retail,124.6,695.27,219.3,475.97
20250501,SKU-0200,Pantry,South,Retail,177.1,988.22,311.7,676.52
20250601,SKU-0200,Pantry,South,Retail,174.6,974.27,307.3,666.97
20250701,SKU-0200,Pantry,South,Retail,120.8,674.06,212.61,461.45
20250801,SKU-0200,Pantry,South,Retail,134.0,747.72,235.84,511.88
20250901,SKU-0200,Pantry,South,Retail,166.7,930.19,293.39,636.8
20251001,SKU-0200,Pantry,South,Retail,134.2,748.84,236.19,512.65
20251101,SKU-0200,Pantry,South,Retail,126.8,707.54,223.17,484.37
20251201,SKU-0200,Pantry,South,Retail,110.8,618.26,195.01,423.25
20260101,SKU-0200,Pantry,South,Retail,68.1,380.0,119.86,260.14
20260201,SKU-0200,Pantry,South,Retail,118.8,662.9,209.09,453.81
20260301,SKU-0200,Pantry,South,Retail,100.3,559.67,176.53,383.14
20260401,SKU-0200,Pantry,South,Retail,153.7,857.65,270.51,587.14
20260501,SKU-0200,Pantry,South,Retail,168.8,941.9,297.09,644.81
20260601,SKU-0200,Pantry,South,Retail,148.2,826.96,260.83,566.13
